benchmark,team_id,question_id,situation,holder,f,wi_lto,category,members,rank
hallusionbench,GIL,VD_figure_10_0_q0,MiC,Gemma-4,1.0,0.5,VD,Gemma-4|InternVL|Llama-3.2,1
hallusionbench,GIL,VD_figure_10_1_q1,MiC,Gemma-4,1.0,0.5,VD,Gemma-4|InternVL|Llama-3.2,1
hallusionbench,GIL,VD_figure_11_0_q0,MiC,Gemma-4,1.0,1.0,VD,Gemma-4|InternVL|Llama-3.2,1
hallusionbench,GIL,VD_figure_13_1_q1,MiC,Llama-3.2,0.0,0.4166666666666667,VD,Gemma-4|InternVL|Llama-3.2,3
hallusionbench,GIL,VD_figure_15_1_q1,MiC,Llama-3.2,0.0,0.0,VD,Gemma-4|InternVL|Llama-3.2,3
hallusionbench,GIL,VD_figure_16_1_q0,MiC,Llama-3.2,1.0,0.8333333333333333,VD,Gemma-4|InternVL|Llama-3.2,3
hallusionbench,GIL,VD_figure_3_1_q0,MiC,Gemma-4,1.0,0.5,VD,Gemma-4|InternVL|Llama-3.2,1
hallusionbench,GIL,VD_figure_4_0_q1,MiC,Llama-3.2,0.0,0.0,VD,Gemma-4|InternVL|Llama-3.2,3
hallusionbench,GIL,VD_figure_5_0_q0,MiC,Gemma-4,0.0,0.4166666666666667,VD,Gemma-4|InternVL|Llama-3.2,1
hallusionbench,GIL,VD_figure_6_0_q0,MiC,Gemma-4,0.0,0.8333333333333333,VD,Gemma-4|InternVL|Llama-3.2,1
hallusionbench,GIL,VD_figure_6_1_q0,MiC,Llama-3.2,0.0,0.5,VD,Gemma-4|InternVL|Llama-3.2,3
hallusionbench,GIL,VD_figure_6_1_q1,MiC,Llama-3.2,0.0,0.0,VD,Gemma-4|InternVL|Llama-3.2,3
hallusionbench,GIL,VD_figure_7_0_q1,MiC,Gemma-4,1.0,1.0,VD,Gemma-4|InternVL|Llama-3.2,1
hallusionbench,GIL,VD_figure_7_1_q1,MiC,Llama-3.2,0.0,0.0,VD,Gemma-4|InternVL|Llama-3.2,3
hallusionbench,GIL,VD_illusion_0_0_q2,MiC,InternVL,0.0,0.16666666666666666,VD,Gemma-4|InternVL|Llama-3.2,2
hallusionbench,GIL,VD_illusion_10_0_q1,MiC,InternVL,0.0,1.0,VD,Gemma-4|InternVL|Llama-3.2,2
hallusionbench,GIL,VD_illusion_10_1_q1,MiC,Gemma-4,1.0,1.0,VD,Gemma-4|InternVL|Llama-3.2,1
hallusionbench,GIL,VD_illusion_11_0_q2,MiC,InternVL,0.0,0.0,VD,Gemma-4|InternVL|Llama-3.2,2
hallusionbench,GIL,VD_illusion_11_1_q2,MiC,InternVL,0.0,0.5,VD,Gemma-4|InternVL|Llama-3.2,2
hallusionbench,GIL,VD_illusion_14_0_q2,MiC,Llama-3.2,0.0,0.0,VD,Gemma-4|InternVL|Llama-3.2,3
hallusionbench,GIL,VD_illusion_14_0_q3,MiC,Llama-3.2,0.0,0.0,VD,Gemma-4|InternVL|Llama-3.2,3
hallusionbench,GIL,VD_illusion_14_1_q0,MiC,InternVL,0.0,0.6666666666666666,VD,Gemma-4|InternVL|Llama-3.2,2
hallusionbench,GIL,VD_illusion_16_0_q0,MiC,Gemma-4,1.0,0.6666666666666666,VD,Gemma-4|InternVL|Llama-3.2,1
hallusionbench,GIL,VD_illusion_16_1_q1,MiC,Gemma-4,1.0,0.9166666666666667,VD,Gemma-4|InternVL|Llama-3.2,1
hallusionbench,GIL,VD_illusion_17_0_q1,MiC,InternVL,0.0,0.3333333333333333,VD,Gemma-4|InternVL|Llama-3.2,2
hallusionbench,GIL,VD_illusion_18_1_q1,MiC,Llama-3.2,0.0,0.08333333333333333,VD,Gemma-4|InternVL|Llama-3.2,3
hallusionbench,GIL,VD_illusion_19_0_q0,MiC,Llama-3.2,0.0,0.0,VD,Gemma-4|InternVL|Llama-3.2,3
hallusionbench,GIL,VD_illusion_19_0_q2,MiC,InternVL,0.0,0.5,VD,Gemma-4|InternVL|Llama-3.2,2
hallusionbench,GIL,VD_illusion_1_0_q0,MiC,InternVL,0.0,0.5,VD,Gemma-4|InternVL|Llama-3.2,2
hallusionbench,GIL,VD_illusion_20_1_q0,MiC,InternVL,0.0,0.4166666666666667,VD,Gemma-4|InternVL|Llama-3.2,2
hallusionbench,GIL,VD_illusion_21_0_q0,MiC,Llama-3.2,0.0,0.5,VD,Gemma-4|InternVL|Llama-3.2,3
hallusionbench,GIL,VD_illusion_21_1_q1,MiC,Llama-3.2,0.0,0.0,VD,Gemma-4|InternVL|Llama-3.2,3
hallusionbench,GIL,VD_illusion_23_0_q0,MiC,InternVL,0.0,0.0,VD,Gemma-4|InternVL|Llama-3.2,2
hallusionbench,GIL,VD_illusion_26_0_q0,MiC,Gemma-4,1.0,0.6666666666666666,VD,Gemma-4|InternVL|Llama-3.2,1
hallusionbench,GIL,VD_illusion_27_0_q0,MiC,Gemma-4,1.0,0.9166666666666667,VD,Gemma-4|InternVL|Llama-3.2,1
hallusionbench,GIL,VD_illusion_28_1_q0,MiC,InternVL,1.0,0.5,VD,Gemma-4|InternVL|Llama-3.2,2
hallusionbench,GIL,VD_illusion_29_0_q0,MiC,Llama-3.2,0.0,0.0,VD,Gemma-4|InternVL|Llama-3.2,3
hallusionbench,GIL,VD_illusion_29_0_q1,MiC,Gemma-4,1.0,0.5,VD,Gemma-4|InternVL|Llama-3.2,1
hallusionbench,GIL,VD_illusion_29_0_q2,MiC,InternVL,0.0,0.4166666666666667,VD,Gemma-4|InternVL|Llama-3.2,2
hallusionbench,GIL,VD_illusion_2_0_q2,MiC,Gemma-4,0.0,1.0,VD,Gemma-4|InternVL|Llama-3.2,1
hallusionbench,GIL,VD_illusion_30_0_q0,MiC,InternVL,0.0,1.0,VD,Gemma-4|InternVL|Llama-3.2,2
hallusionbench,GIL,VD_illusion_30_0_q1,MiC,InternVL,0.0,0.75,VD,Gemma-4|InternVL|Llama-3.2,2
hallusionbench,GIL,VD_illusion_3_0_q0,MiC,InternVL,0.0,0.3333333333333333,VD,Gemma-4|InternVL|Llama-3.2,2
hallusionbench,GIL,VD_illusion_3_0_q2,MiC,InternVL,0.0,0.4166666666666667,VD,Gemma-4|InternVL|Llama-3.2,2
hallusionbench,GIL,VD_illusion_4_1_q0,MiC,Gemma-4,1.0,1.0,VD,Gemma-4|InternVL|Llama-3.2,1
hallusionbench,GIL,VD_illusion_7_0_q0,MiC,Gemma-4,0.0,0.5,VD,Gemma-4|InternVL|Llama-3.2,1
hallusionbench,GIL,VD_illusion_7_1_q0,MiC,InternVL,0.0,0.5833333333333334,VD,Gemma-4|InternVL|Llama-3.2,2
hallusionbench,GIL,VD_illusion_7_1_q1,MiC,Gemma-4,1.0,1.0,VD,Gemma-4|InternVL|Llama-3.2,1
hallusionbench,GIL,VD_illusion_8_0_q2,MiC,InternVL,0.0,0.3333333333333333,VD,Gemma-4|InternVL|Llama-3.2,2
hallusionbench,GIL,VD_illusion_8_1_q2,MiC,Gemma-4,1.0,1.0,VD,Gemma-4|InternVL|Llama-3.2,1
hallusionbench,GIL,VD_math_0_1_q1,MiC,Llama-3.2,0.0,0.5,VD,Gemma-4|InternVL|Llama-3.2,3
hallusionbench,GIL,VD_math_12_1_q2,MiC,Gemma-4,0.0,0.6666666666666666,VD,Gemma-4|InternVL|Llama-3.2,1
hallusionbench,GIL,VD_math_13_0_q0,MiC,Gemma-4,1.0,0.5,VD,Gemma-4|InternVL|Llama-3.2,1
hallusionbench,GIL,VD_math_14_0_q0,MiC,InternVL,0.0,0.5,VD,Gemma-4|InternVL|Llama-3.2,2
hallusionbench,GIL,VD_math_15_1_q0,MiC,InternVL,0.0,1.0,VD,Gemma-4|InternVL|Llama-3.2,2
hallusionbench,GIL,VD_math_16_1_q0,MiC,InternVL,0.0,0.5833333333333334,VD,Gemma-4|InternVL|Llama-3.2,2
hallusionbench,GIL,VD_math_16_1_q2,MiC,Gemma-4,1.0,0.5833333333333333,VD,Gemma-4|InternVL|Llama-3.2,1
hallusionbench,GIL,VD_math_17_0_q2,MiC,Llama-3.2,1.0,0.6666666666666666,VD,Gemma-4|InternVL|Llama-3.2,3
hallusionbench,GIL,VD_math_1_1_q1,MiC,Llama-3.2,1.0,0.5,VD,Gemma-4|InternVL|Llama-3.2,3
hallusionbench,GIL,VD_math_1_1_q2,MiC,Gemma-4,1.0,0.5,VD,Gemma-4|InternVL|Llama-3.2,1
hallusionbench,GIL,VD_math_3_1_q0,MiC,Llama-3.2,0.0,0.0,VD,Gemma-4|InternVL|Llama-3.2,3
hallusionbench,GIL,VD_math_4_0_q1,MiC,InternVL,0.0,0.9166666666666667,VD,Gemma-4|InternVL|Llama-3.2,2
hallusionbench,GIL,VD_math_4_0_q2,MiC,InternVL,0.0,0.25,VD,Gemma-4|InternVL|Llama-3.2,2
hallusionbench,GIL,VD_math_4_1_q2,MiC,Gemma-4,0.0,0.6666666666666666,VD,Gemma-4|InternVL|Llama-3.2,1
hallusionbench,GIL,VD_math_5_1_q2,MiC,Gemma-4,0.0,0.6666666666666666,VD,Gemma-4|InternVL|Llama-3.2,1
hallusionbench,GIL,VD_math_7_1_q0,MiC,InternVL,0.0,0.25,VD,Gemma-4|InternVL|Llama-3.2,2
hallusionbench,GIL,VD_math_7_1_q1,MiC,Gemma-4,1.0,1.0,VD,Gemma-4|InternVL|Llama-3.2,1
hallusionbench,GIL,VD_math_9_1_q0,MiC,Llama-3.2,0.0,0.5,VD,Gemma-4|InternVL|Llama-3.2,3
hallusionbench,GIL,VD_math_9_1_q1,MiC,Llama-3.2,0.0,0.0,VD,Gemma-4|InternVL|Llama-3.2,3
hallusionbench,GIL,VD_ocr_14_1_q0,MiC,InternVL,0.0,0.08333333333333333,VD,Gemma-4|InternVL|Llama-3.2,2
hallusionbench,GIL,VD_ocr_14_1_q1,MiC,InternVL,0.0,0.75,VD,Gemma-4|InternVL|Llama-3.2,2
hallusionbench,GIL,VD_ocr_18_0_q1,MiC,Gemma-4,1.0,0.0,VD,Gemma-4|InternVL|Llama-3.2,1
hallusionbench,GIL,VD_ocr_18_1_q0,MiC,Gemma-4,1.0,0.5,VD,Gemma-4|InternVL|Llama-3.2,1
hallusionbench,GIL,VD_ocr_19_0_q1,MiC,Gemma-4,0.0,0.5,VD,Gemma-4|InternVL|Llama-3.2,1
hallusionbench,GIL,VD_ocr_20_0_q1,MiC,Gemma-4,1.0,0.4166666666666667,VD,Gemma-4|InternVL|Llama-3.2,1
hallusionbench,GIL,VD_ocr_3_1_q0,MiC,InternVL,0.0,0.0,VD,Gemma-4|InternVL|Llama-3.2,2
hallusionbench,GIL,VD_ocr_3_1_q1,MiC,Llama-3.2,0.0,0.0,VD,Gemma-4|InternVL|Llama-3.2,3
hallusionbench,GIL,VD_ocr_8_1_q0,MiC,Llama-3.2,0.0,0.5,VD,Gemma-4|InternVL|Llama-3.2,3
hallusionbench,GIL,VS_chart_10_2_q3,MiC,InternVL,0.0,0.5,VS,Gemma-4|InternVL|Llama-3.2,2
hallusionbench,GIL,VS_chart_12_1_q0,MiC,Gemma-4,1.0,0.5,VS,Gemma-4|InternVL|Llama-3.2,1
hallusionbench,GIL,VS_chart_14_2_q0,MiC,Gemma-4,1.0,0.5,VS,Gemma-4|InternVL|Llama-3.2,1
hallusionbench,GIL,VS_chart_20_2_q1,MiC,Gemma-4,0.0,1.0,VS,Gemma-4|InternVL|Llama-3.2,1
hallusionbench,GIL,VS_chart_2_1_q0,MiC,Gemma-4,1.0,0.9166666666666667,VS,Gemma-4|InternVL|Llama-3.2,1
hallusionbench,GIL,VS_chart_3_2_q2,MiC,Gemma-4,1.0,1.0,VS,Gemma-4|InternVL|Llama-3.2,1
hallusionbench,GIL,VS_chart_4_2_q0,MiC,Gemma-4,1.0,0.5,VS,Gemma-4|InternVL|Llama-3.2,1
hallusionbench,GIL,VS_chart_5_1_q0,MiC,Gemma-4,1.0,1.0,VS,Gemma-4|InternVL|Llama-3.2,1
hallusionbench,GIL,VS_chart_5_2_q1,MiC,Llama-3.2,0.0,0.8333333333333333,VS,Gemma-4|InternVL|Llama-3.2,3
hallusionbench,GIL,VS_chart_6_2_q0,MiC,Gemma-4,1.0,1.0,VS,Gemma-4|InternVL|Llama-3.2,1
hallusionbench,GIL,VS_chart_7_2_q1,MiC,Gemma-4,1.0,0.75,VS,Gemma-4|InternVL|Llama-3.2,1
hallusionbench,GIL,VS_map_0_1_q1,MiC,Llama-3.2,0.0,1.0,VS,Gemma-4|InternVL|Llama-3.2,3
hallusionbench,GIL,VS_map_10_1_q0,MiC,Gemma-4,0.0,0.8333333333333333,VS,Gemma-4|InternVL|Llama-3.2,1
hallusionbench,GIL,VS_map_1_1_q0,MiC,Llama-3.2,0.0,1.0,VS,Gemma-4|InternVL|Llama-3.2,3
hallusionbench,GIL,VS_map_1_2_q1,MiC,Gemma-4,1.0,0.08333333333333333,VS,Gemma-4|InternVL|Llama-3.2,1
hallusionbench,GIL,VS_map_2_1_q1,MiC,Gemma-4,1.0,0.5,VS,Gemma-4|InternVL|Llama-3.2,1
hallusionbench,GIL,VS_map_2_2_q1,MiC,InternVL,0.0,0.5,VS,Gemma-4|InternVL|Llama-3.2,2
hallusionbench,GIL,VS_map_4_2_q0,MiC,Gemma-4,1.0,0.16666666666666666,VS,Gemma-4|InternVL|Llama-3.2,1
hallusionbench,GIL,VS_map_4_2_q1,MiC,Gemma-4,0.0,0.0,VS,Gemma-4|InternVL|Llama-3.2,1
hallusionbench,GIL,VS_map_4_2_q2,MiC,Gemma-4,1.0,0.0,VS,Gemma-4|InternVL|Llama-3.2,1
hallusionbench,GIL,VS_map_4_2_q3,MiC,Gemma-4,1.0,0.0,VS,Gemma-4|InternVL|Llama-3.2,1
hallusionbench,GIL,VS_map_5_1_q0,MiC,Gemma-4,1.0,0.5833333333333334,VS,Gemma-4|InternVL|Llama-3.2,1
hallusionbench,GIL,VS_map_5_1_q3,MiC,Gemma-4,1.0,0.9166666666666667,VS,Gemma-4|InternVL|Llama-3.2,1
hallusionbench,GIL,VS_map_6_1_q2,MiC,Gemma-4,0.0,0.5,VS,Gemma-4|InternVL|Llama-3.2,1
hallusionbench,GIL,VS_map_6_2_q1,MiC,Llama-3.2,0.0,0.6666666666666666,VS,Gemma-4|InternVL|Llama-3.2,3
hallusionbench,GIL,VS_map_9_2_q0,MiC,Llama-3.2,0.0,0.0,VS,Gemma-4|InternVL|Llama-3.2,3
hallusionbench,GIL,VS_ocr_2_2_q1,MiC,Gemma-4,1.0,1.0,VS,Gemma-4|InternVL|Llama-3.2,1
hallusionbench,GIL,VS_ocr_3_2_q1,MiC,Gemma-4,0.0,0.25,VS,Gemma-4|InternVL|Llama-3.2,1
hallusionbench,GIL,VS_ocr_5_2_q1,MiC,Gemma-4,1.0,0.16666666666666666,VS,Gemma-4|InternVL|Llama-3.2,1
hallusionbench,GIL,VS_ocr_6_2_q1,MiC,InternVL,1.0,1.0,VS,Gemma-4|InternVL|Llama-3.2,2
hallusionbench,GIL,VS_ocr_7_2_q0,MiC,Gemma-4,1.0,0.5,VS,Gemma-4|InternVL|Llama-3.2,1
hallusionbench,GIL,VS_table_10_2_q1,MiC,Gemma-4,1.0,1.0,VS,Gemma-4|InternVL|Llama-3.2,1
hallusionbench,GIL,VS_table_1_1_q2,MiC,Gemma-4,0.0,0.5833333333333334,VS,Gemma-4|InternVL|Llama-3.2,1
hallusionbench,GIL,VS_table_1_2_q2,MiC,Llama-3.2,0.0,0.08333333333333333,VS,Gemma-4|InternVL|Llama-3.2,3
hallusionbench,GIL,VS_table_3_2_q0,MiC,Gemma-4,0.0,1.0,VS,Gemma-4|InternVL|Llama-3.2,1
hallusionbench,GIL,VS_table_3_2_q1,MiC,Gemma-4,1.0,0.5,VS,Gemma-4|InternVL|Llama-3.2,1
hallusionbench,GIL,VS_table_5_2_q1,MiC,Llama-3.2,0.0,1.0,VS,Gemma-4|InternVL|Llama-3.2,3
hallusionbench,GIL,VS_table_6_3_q3,MiC,Gemma-4,1.0,1.0,VS,Gemma-4|InternVL|Llama-3.2,1
hallusionbench,GIL,VS_table_9_2_q3,MiC,Gemma-4,0.0,1.0,VS,Gemma-4|InternVL|Llama-3.2,1
hallusionbench,GIP,VD_figure_0_1_q0,MiC,Gemma-4,0.0,1.0,VD,Gemma-4|InternVL|Pixtral,1
hallusionbench,GIP,VD_figure_10_0_q0,MiC,Gemma-4,0.0,0.5,VD,Gemma-4|InternVL|Pixtral,1
hallusionbench,GIP,VD_figure_10_1_q1,MiC,Gemma-4,1.0,0.5,VD,Gemma-4|InternVL|Pixtral,1
hallusionbench,GIP,VD_figure_14_1_q1,MiC,Gemma-4,1.0,1.0,VD,Gemma-4|InternVL|Pixtral,1
hallusionbench,GIP,VD_figure_16_1_q0,MiC,Pixtral,0.0,1.0,VD,Gemma-4|InternVL|Pixtral,3
hallusionbench,GIP,VD_figure_19_1_q1,MiC,Gemma-4,0.0,1.0,VD,Gemma-4|InternVL|Pixtral,1
hallusionbench,GIP,VD_figure_1_0_q1,MiC,Pixtral,0.0,0.5,VD,Gemma-4|InternVL|Pixtral,3
hallusionbench,GIP,VD_figure_1_1_q1,MiC,Gemma-4,1.0,0.5833333333333334,VD,Gemma-4|InternVL|Pixtral,1
hallusionbench,GIP,VD_figure_3_1_q0,MiC,Gemma-4,1.0,0.5,VD,Gemma-4|InternVL|Pixtral,1
hallusionbench,GIP,VD_figure_8_0_q0,MiC,Pixtral,0.0,0.5,VD,Gemma-4|InternVL|Pixtral,3
hallusionbench,GIP,VD_illusion_0_0_q2,MiC,InternVL,1.0,0.0,VD,Gemma-4|InternVL|Pixtral,2
hallusionbench,GIP,VD_illusion_10_0_q0,MiC,Pixtral,1.0,0.5,VD,Gemma-4|InternVL|Pixtral,3
hallusionbench,GIP,VD_illusion_11_0_q2,MiC,InternVL,0.0,0.0,VD,Gemma-4|InternVL|Pixtral,2
hallusionbench,GIP,VD_illusion_11_1_q1,MiC,Pixtral,1.0,1.0,VD,Gemma-4|InternVL|Pixtral,3
hallusionbench,GIP,VD_illusion_11_1_q2,MiC,InternVL,0.0,0.5,VD,Gemma-4|InternVL|Pixtral,2
hallusionbench,GIP,VD_illusion_15_1_q1,MiC,Gemma-4,0.0,1.0,VD,Gemma-4|InternVL|Pixtral,1
hallusionbench,GIP,VD_illusion_16_0_q0,MiC,Gemma-4,1.0,0.5833333333333334,VD,Gemma-4|InternVL|Pixtral,1
hallusionbench,GIP,VD_illusion_17_0_q1,MiC,InternVL,0.0,0.3333333333333333,VD,Gemma-4|InternVL|Pixtral,2
hallusionbench,GIP,VD_illusion_18_0_q0,MiC,Pixtral,1.0,0.5,VD,Gemma-4|InternVL|Pixtral,3
hallusionbench,GIP,VD_illusion_18_1_q0,MiC,Gemma-4,0.0,0.5,VD,Gemma-4|InternVL|Pixtral,1
hallusionbench,GIP,VD_illusion_18_1_q1,MiC,Gemma-4,1.0,0.5833333333333334,VD,Gemma-4|InternVL|Pixtral,1
hallusionbench,GIP,VD_illusion_19_0_q3,MiC,Gemma-4,1.0,1.0,VD,Gemma-4|InternVL|Pixtral,1
hallusionbench,GIP,VD_illusion_20_0_q0,MiC,Gemma-4,0.0,1.0,VD,Gemma-4|InternVL|Pixtral,1
hallusionbench,GIP,VD_illusion_21_0_q0,MiC,Pixtral,0.0,0.5,VD,Gemma-4|InternVL|Pixtral,3
hallusionbench,GIP,VD_illusion_23_0_q0,MiC,InternVL,0.0,0.0,VD,Gemma-4|InternVL|Pixtral,2
hallusionbench,GIP,VD_illusion_23_0_q1,MiC,InternVL,0.0,0.5,VD,Gemma-4|InternVL|Pixtral,2
hallusionbench,GIP,VD_illusion_25_0_q1,MiC,InternVL,0.0,0.5,VD,Gemma-4|InternVL|Pixtral,2
hallusionbench,GIP,VD_illusion_26_0_q0,MiC,Gemma-4,1.0,0.5,VD,Gemma-4|InternVL|Pixtral,1
hallusionbench,GIP,VD_illusion_28_0_q0,MiC,Pixtral,0.0,0.6666666666666666,VD,Gemma-4|InternVL|Pixtral,3
hallusionbench,GIP,VD_illusion_28_0_q1,MiC,InternVL,1.0,0.75,VD,Gemma-4|InternVL|Pixtral,2
hallusionbench,GIP,VD_illusion_28_1_q0,MiC,InternVL,1.0,0.5,VD,Gemma-4|InternVL|Pixtral,2
hallusionbench,GIP,VD_illusion_29_0_q1,MiC,Gemma-4,0.0,0.5,VD,Gemma-4|InternVL|Pixtral,1
hallusionbench,GIP,VD_illusion_29_0_q2,MiC,InternVL,0.0,0.0,VD,Gemma-4|InternVL|Pixtral,2
hallusionbench,GIP,VD_illusion_2_1_q0,MiC,Gemma-4,1.0,0.8333333333333333,VD,Gemma-4|InternVL|Pixtral,1
hallusionbench,GIP,VD_illusion_3_0_q0,MiC,InternVL,0.0,0.25,VD,Gemma-4|InternVL|Pixtral,2
hallusionbench,GIP,VD_illusion_3_0_q2,MiC,InternVL,0.0,0.8333333333333334,VD,Gemma-4|InternVL|Pixtral,2
hallusionbench,GIP,VD_illusion_5_0_q0,MiC,InternVL,0.0,1.0,VD,Gemma-4|InternVL|Pixtral,2
hallusionbench,GIP,VD_illusion_5_1_q0,MiC,InternVL,0.0,0.0,VD,Gemma-4|InternVL|Pixtral,2
hallusionbench,GIP,VD_illusion_5_1_q1,MiC,Pixtral,0.0,0.3333333333333333,VD,Gemma-4|InternVL|Pixtral,3
hallusionbench,GIP,VD_illusion_7_1_q0,MiC,InternVL,0.0,0.5,VD,Gemma-4|InternVL|Pixtral,2
hallusionbench,GIP,VD_illusion_7_1_q1,MiC,Pixtral,0.0,0.5,VD,Gemma-4|InternVL|Pixtral,3
hallusionbench,GIP,VD_illusion_9_1_q1,MiC,Gemma-4,1.0,0.5,VD,Gemma-4|InternVL|Pixtral,1
hallusionbench,GIP,VD_math_11_0_q2,MiC,InternVL,0.0,0.4166666666666667,VD,Gemma-4|InternVL|Pixtral,2
hallusionbench,GIP,VD_math_12_0_q2,MiC,Gemma-4,0.0,0.5,VD,Gemma-4|InternVL|Pixtral,1
hallusionbench,GIP,VD_math_12_1_q0,MiC,Pixtral,0.0,0.0,VD,Gemma-4|InternVL|Pixtral,3
hallusionbench,GIP,VD_math_14_0_q2,MiC,InternVL,0.0,0.6666666666666667,VD,Gemma-4|InternVL|Pixtral,2
hallusionbench,GIP,VD_math_16_1_q0,MiC,InternVL,0.0,0.5,VD,Gemma-4|InternVL|Pixtral,2
hallusionbench,GIP,VD_math_16_1_q2,MiC,Gemma-4,0.0,0.3333333333333333,VD,Gemma-4|InternVL|Pixtral,1
hallusionbench,GIP,VD_math_17_0_q2,MiC,Pixtral,1.0,0.6666666666666666,VD,Gemma-4|InternVL|Pixtral,3
hallusionbench,GIP,VD_math_1_1_q0,MiC,Pixtral,0.0,0.4166666666666667,VD,Gemma-4|InternVL|Pixtral,3
hallusionbench,GIP,VD_math_1_1_q1,MiC,InternVL,0.0,0.9166666666666667,VD,Gemma-4|InternVL|Pixtral,2
hallusionbench,GIP,VD_math_1_1_q2,MiC,Gemma-4,1.0,0.5,VD,Gemma-4|InternVL|Pixtral,1
hallusionbench,GIP,VD_math_2_1_q0,MiC,InternVL,1.0,0.5833333333333334,VD,Gemma-4|InternVL|Pixtral,2
hallusionbench,GIP,VD_math_2_1_q2,MiC,InternVL,1.0,0.4166666666666667,VD,Gemma-4|InternVL|Pixtral,2
hallusionbench,GIP,VD_math_4_0_q0,MiC,Pixtral,0.0,0.0,VD,Gemma-4|InternVL|Pixtral,3
hallusionbench,GIP,VD_math_4_0_q2,MiC,InternVL,0.0,0.25,VD,Gemma-4|InternVL|Pixtral,2
hallusionbench,GIP,VD_math_4_1_q1,MiC,Gemma-4,0.0,0.0,VD,Gemma-4|InternVL|Pixtral,1
hallusionbench,GIP,VD_math_4_1_q2,MiC,Gemma-4,1.0,0.5,VD,Gemma-4|InternVL|Pixtral,1
hallusionbench,GIP,VD_math_5_0_q1,MiC,Pixtral,0.0,0.16666666666666666,VD,Gemma-4|InternVL|Pixtral,3
hallusionbench,GIP,VD_math_5_0_q2,MiC,Pixtral,0.0,0.16666666666666666,VD,Gemma-4|InternVL|Pixtral,3
hallusionbench,GIP,VD_math_5_1_q2,MiC,Pixtral,0.0,0.75,VD,Gemma-4|InternVL|Pixtral,3
hallusionbench,GIP,VD_math_6_1_q0,MiC,Gemma-4,1.0,1.0,VD,Gemma-4|InternVL|Pixtral,1
hallusionbench,GIP,VD_math_7_1_q0,MiC,InternVL,1.0,0.08333333333333333,VD,Gemma-4|InternVL|Pixtral,2
hallusionbench,GIP,VD_math_9_1_q0,MiC,Pixtral,0.0,0.5,VD,Gemma-4|InternVL|Pixtral,3
hallusionbench,GIP,VD_ocr_14_1_q0,MiC,InternVL,0.0,0.0,VD,Gemma-4|InternVL|Pixtral,2
hallusionbench,GIP,VD_ocr_18_0_q1,MiC,Gemma-4,1.0,0.0,VD,Gemma-4|InternVL|Pixtral,1
hallusionbench,GIP,VD_ocr_18_1_q0,MiC,Gemma-4,0.0,0.5,VD,Gemma-4|InternVL|Pixtral,1
hallusionbench,GIP,VD_ocr_20_0_q1,MiC,Gemma-4,1.0,0.4166666666666667,VD,Gemma-4|InternVL|Pixtral,1
hallusionbench,GIP,VS_chart_12_1_q0,MiC,Gemma-4,0.0,0.5,VS,Gemma-4|InternVL|Pixtral,1
hallusionbench,GIP,VS_chart_12_2_q0,MiC,Gemma-4,1.0,1.0,VS,Gemma-4|InternVL|Pixtral,1
hallusionbench,GIP,VS_chart_12_2_q1,MiC,Gemma-4,0.0,0.5833333333333334,VS,Gemma-4|InternVL|Pixtral,1
hallusionbench,GIP,VS_chart_14_1_q1,MiC,InternVL,1.0,1.0,VS,Gemma-4|InternVL|Pixtral,2
hallusionbench,GIP,VS_chart_14_1_q2,MiC,Gemma-4,1.0,0.75,VS,Gemma-4|InternVL|Pixtral,1
hallusionbench,GIP,VS_chart_14_2_q0,MiC,Gemma-4,1.0,0.5,VS,Gemma-4|InternVL|Pixtral,1
hallusionbench,GIP,VS_chart_1_1_q2,MiC,Gemma-4,1.0,1.0,VS,Gemma-4|InternVL|Pixtral,1
hallusionbench,GIP,VS_chart_20_2_q1,MiC,Pixtral,0.0,0.5,VS,Gemma-4|InternVL|Pixtral,3
hallusionbench,GIP,VS_chart_4_2_q0,MiC,Gemma-4,1.0,0.6666666666666666,VS,Gemma-4|InternVL|Pixtral,1
hallusionbench,GIP,VS_chart_5_2_q2,MiC,Gemma-4,0.0,0.8333333333333333,VS,Gemma-4|InternVL|Pixtral,1
hallusionbench,GIP,VS_chart_6_2_q1,MiC,Pixtral,0.0,0.0,VS,Gemma-4|InternVL|Pixtral,3
hallusionbench,GIP,VS_chart_9_1_q1,MiC,InternVL,0.0,1.0,VS,Gemma-4|InternVL|Pixtral,2
hallusionbench,GIP,VS_map_0_1_q1,MiC,Pixtral,1.0,1.0,VS,Gemma-4|InternVL|Pixtral,3
hallusionbench,GIP,VS_map_0_2_q3,MiC,Gemma-4,0.0,0.0,VS,Gemma-4|InternVL|Pixtral,1
hallusionbench,GIP,VS_map_10_2_q0,MiC,InternVL,0.0,0.4166666666666667,VS,Gemma-4|InternVL|Pixtral,2
hallusionbench,GIP,VS_map_1_1_q0,MiC,Pixtral,0.0,1.0,VS,Gemma-4|InternVL|Pixtral,3
hallusionbench,GIP,VS_map_1_2_q2,MiC,InternVL,0.0,1.0,VS,Gemma-4|InternVL|Pixtral,2
hallusionbench,GIP,VS_map_2_1_q1,MiC,Gemma-4,0.0,0.5,VS,Gemma-4|InternVL|Pixtral,1
hallusionbench,GIP,VS_map_4_2_q0,MiC,Gemma-4,1.0,0.0,VS,Gemma-4|InternVL|Pixtral,1
hallusionbench,GIP,VS_map_4_2_q1,MiC,Gemma-4,0.0,0.0,VS,Gemma-4|InternVL|Pixtral,1
hallusionbench,GIP,VS_map_4_2_q2,MiC,Gemma-4,0.0,0.0,VS,Gemma-4|InternVL|Pixtral,1
hallusionbench,GIP,VS_map_4_2_q3,MiC,Gemma-4,0.0,0.0,VS,Gemma-4|InternVL|Pixtral,1
hallusionbench,GIP,VS_map_5_1_q0,MiC,Gemma-4,1.0,0.5833333333333334,VS,Gemma-4|InternVL|Pixtral,1
hallusionbench,GIP,VS_map_6_1_q0,MiC,Gemma-4,0.0,1.0,VS,Gemma-4|InternVL|Pixtral,1
hallusionbench,GIP,VS_map_6_2_q1,MiC,InternVL,0.0,1.0,VS,Gemma-4|InternVL|Pixtral,2
hallusionbench,GIP,VS_map_6_2_q2,MiC,Pixtral,0.0,0.5833333333333334,VS,Gemma-4|InternVL|Pixtral,3
hallusionbench,GIP,VS_map_7_2_q1,MiC,Gemma-4,0.0,0.0,VS,Gemma-4|InternVL|Pixtral,1
hallusionbench,GIP,VS_map_8_2_q2,MiC,Gemma-4,1.0,1.0,VS,Gemma-4|InternVL|Pixtral,1
hallusionbench,GIP,VS_ocr_11_2_q0,MiC,Gemma-4,1.0,1.0,VS,Gemma-4|InternVL|Pixtral,1
hallusionbench,GIP,VS_ocr_3_2_q1,MiC,Gemma-4,0.0,0.08333333333333333,VS,Gemma-4|InternVL|Pixtral,1
hallusionbench,GIP,VS_ocr_5_2_q1,MiC,Gemma-4,0.0,0.0,VS,Gemma-4|InternVL|Pixtral,1
hallusionbench,GIP,VS_ocr_7_2_q0,MiC,Gemma-4,1.0,0.5,VS,Gemma-4|InternVL|Pixtral,1
hallusionbench,GIP,VS_ocr_8_2_q0,MiC,Gemma-4,0.0,1.0,VS,Gemma-4|InternVL|Pixtral,1
hallusionbench,GIP,VS_table_3_2_q1,MiC,Gemma-4,1.0,0.5,VS,Gemma-4|InternVL|Pixtral,1
hallusionbench,GIP,VS_table_4_3_q0,MiC,Pixtral,0.0,0.9166666666666667,VS,Gemma-4|InternVL|Pixtral,3
hallusionbench,GIP,VS_table_6_3_q0,MiC,Gemma-4,1.0,1.0,VS,Gemma-4|InternVL|Pixtral,1
hallusionbench,GIQ,VD_figure_11_0_q1,MiC,InternVL,0.0,0.8333333333333333,VD,Gemma-4|InternVL|Qwen3.5,3
hallusionbench,GIQ,VD_figure_13_1_q1,MiC,Qwen3.5,1.0,0.5,VD,Gemma-4|InternVL|Qwen3.5,2
hallusionbench,GIQ,VD_figure_16_0_q1,MiC,InternVL,0.0,0.5,VD,Gemma-4|InternVL|Qwen3.5,3
hallusionbench,GIQ,VD_figure_16_1_q0,MiC,Qwen3.5,1.0,0.8333333333333333,VD,Gemma-4|InternVL|Qwen3.5,2
hallusionbench,GIQ,VD_figure_1_0_q1,MiC,Qwen3.5,1.0,0.5,VD,Gemma-4|InternVL|Qwen3.5,2
hallusionbench,GIQ,VD_figure_1_1_q1,MiC,Gemma-4,0.0,0.5833333333333334,VD,Gemma-4|InternVL|Qwen3.5,1
hallusionbench,GIQ,VD_figure_3_0_q1,MiC,InternVL,0.0,0.5833333333333334,VD,Gemma-4|InternVL|Qwen3.5,3
hallusionbench,GIQ,VD_figure_5_0_q0,MiC,Gemma-4,0.0,0.4166666666666667,VD,Gemma-4|InternVL|Qwen3.5,1
hallusionbench,GIQ,VD_figure_6_1_q0,MiC,Qwen3.5,1.0,0.5,VD,Gemma-4|InternVL|Qwen3.5,2
hallusionbench,GIQ,VD_figure_8_0_q0,MiC,Qwen3.5,0.0,0.5,VD,Gemma-4|InternVL|Qwen3.5,2
hallusionbench,GIQ,VD_illusion_0_0_q2,MiC,InternVL,0.0,0.16666666666666666,VD,Gemma-4|InternVL|Qwen3.5,3
hallusionbench,GIQ,VD_illusion_10_0_q0,MiC,Qwen3.5,1.0,0.5,VD,Gemma-4|InternVL|Qwen3.5,2
hallusionbench,GIQ,VD_illusion_11_0_q2,MiC,InternVL,0.0,0.0,VD,Gemma-4|InternVL|Qwen3.5,3
hallusionbench,GIQ,VD_illusion_11_1_q1,MiC,Qwen3.5,1.0,1.0,VD,Gemma-4|InternVL|Qwen3.5,2
hallusionbench,GIQ,VD_illusion_14_0_q0,MiC,Gemma-4,0.0,1.0,VD,Gemma-4|InternVL|Qwen3.5,1
hallusionbench,GIQ,VD_illusion_14_1_q1,MiC,Qwen3.5,0.0,0.0,VD,Gemma-4|InternVL|Qwen3.5,2
hallusionbench,GIQ,VD_illusion_17_1_q1,MiC,Gemma-4,1.0,1.0,VD,Gemma-4|InternVL|Qwen3.5,1
hallusionbench,GIQ,VD_illusion_18_0_q0,MiC,Qwen3.5,1.0,0.5,VD,Gemma-4|InternVL|Qwen3.5,2
hallusionbench,GIQ,VD_illusion_18_0_q1,MiC,InternVL,0.0,1.0,VD,Gemma-4|InternVL|Qwen3.5,3
hallusionbench,GIQ,VD_illusion_18_1_q0,MiC,Gemma-4,0.0,0.5,VD,Gemma-4|InternVL|Qwen3.5,1
hallusionbench,GIQ,VD_illusion_18_1_q1,MiC,Qwen3.5,0.0,0.5,VD,Gemma-4|InternVL|Qwen3.5,2
hallusionbench,GIQ,VD_illusion_19_0_q2,MiC,InternVL,0.0,0.5,VD,Gemma-4|InternVL|Qwen3.5,3
hallusionbench,GIQ,VD_illusion_1_0_q0,MiC,InternVL,0.0,0.5,VD,Gemma-4|InternVL|Qwen3.5,3
hallusionbench,GIQ,VD_illusion_20_1_q0,MiC,InternVL,1.0,0.4166666666666667,VD,Gemma-4|InternVL|Qwen3.5,3
hallusionbench,GIQ,VD_illusion_23_0_q1,MiC,InternVL,0.0,0.5,VD,Gemma-4|InternVL|Qwen3.5,3
hallusionbench,GIQ,VD_illusion_25_0_q1,MiC,InternVL,0.0,0.5,VD,Gemma-4|InternVL|Qwen3.5,3
hallusionbench,GIQ,VD_illusion_28_0_q0,MiC,Qwen3.5,1.0,0.41666666666666663,VD,Gemma-4|InternVL|Qwen3.5,2
hallusionbench,GIQ,VD_illusion_28_0_q2,MiC,InternVL,0.0,1.0,VD,Gemma-4|InternVL|Qwen3.5,3
hallusionbench,GIQ,VD_illusion_28_1_q1,MiC,Gemma-4,0.0,0.9166666666666667,VD,Gemma-4|InternVL|Qwen3.5,1
hallusionbench,GIQ,VD_illusion_29_0_q2,MiC,InternVL,0.0,0.4166666666666667,VD,Gemma-4|InternVL|Qwen3.5,3
hallusionbench,GIQ,VD_illusion_30_0_q0,MiC,Qwen3.5,1.0,0.5,VD,Gemma-4|InternVL|Qwen3.5,2
hallusionbench,GIQ,VD_illusion_30_0_q1,MiC,InternVL,0.0,0.5,VD,Gemma-4|InternVL|Qwen3.5,3
hallusionbench,GIQ,VD_illusion_3_0_q0,MiC,InternVL,0.0,0.08333333333333333,VD,Gemma-4|InternVL|Qwen3.5,3
hallusionbench,GIQ,VD_illusion_3_1_q0,MiC,Gemma-4,0.0,1.0,VD,Gemma-4|InternVL|Qwen3.5,1
hallusionbench,GIQ,VD_illusion_5_1_q1,MiC,Qwen3.5,1.0,0.5,VD,Gemma-4|InternVL|Qwen3.5,2
hallusionbench,GIQ,VD_illusion_7_0_q0,MiC,Gemma-4,1.0,0.5,VD,Gemma-4|InternVL|Qwen3.5,1
hallusionbench,GIQ,VD_illusion_7_1_q1,MiC,Qwen3.5,0.0,0.5,VD,Gemma-4|InternVL|Qwen3.5,2
hallusionbench,GIQ,VD_illusion_8_0_q2,MiC,InternVL,0.0,0.3333333333333333,VD,Gemma-4|InternVL|Qwen3.5,3
hallusionbench,GIQ,VD_math_0_1_q0,MiC,Qwen3.5,0.0,0.0,VD,Gemma-4|InternVL|Qwen3.5,2
hallusionbench,GIQ,VD_math_0_1_q1,MiC,Qwen3.5,1.0,0.5,VD,Gemma-4|InternVL|Qwen3.5,2
hallusionbench,GIQ,VD_math_11_0_q0,MiC,Gemma-4,0.0,0.9166666666666667,VD,Gemma-4|InternVL|Qwen3.5,1
hallusionbench,GIQ,VD_math_11_0_q2,MiC,InternVL,1.0,0.0,VD,Gemma-4|InternVL|Qwen3.5,3
hallusionbench,GIQ,VD_math_14_0_q1,MiC,InternVL,0.0,0.8333333333333333,VD,Gemma-4|InternVL|Qwen3.5,3
hallusionbench,GIQ,VD_math_14_0_q2,MiC,InternVL,0.0,0.4166666666666667,VD,Gemma-4|InternVL|Qwen3.5,3
hallusionbench,GIQ,VD_math_16_1_q0,MiC,Qwen3.5,1.0,0.08333333333333333,VD,Gemma-4|InternVL|Qwen3.5,2
hallusionbench,GIQ,VD_math_1_1_q0,MiC,Qwen3.5,1.0,0.16666666666666666,VD,Gemma-4|InternVL|Qwen3.5,2
hallusionbench,GIQ,VD_math_2_1_q0,MiC,InternVL,1.0,0.5,VD,Gemma-4|InternVL|Qwen3.5,3
hallusionbench,GIQ,VD_math_4_0_q2,MiC,InternVL,0.0,0.0,VD,Gemma-4|InternVL|Qwen3.5,3
hallusionbench,GIQ,VD_math_5_1_q2,MiC,Qwen3.5,0.0,0.41666666666666663,VD,Gemma-4|InternVL|Qwen3.5,2
hallusionbench,GIQ,VD_math_7_1_q0,MiC,InternVL,0.0,0.3333333333333333,VD,Gemma-4|InternVL|Qwen3.5,3
hallusionbench,GIQ,VD_math_7_1_q2,MiC,InternVL,0.0,0.3333333333333333,VD,Gemma-4|InternVL|Qwen3.5,3
hallusionbench,GIQ,VD_ocr_14_1_q0,MiC,InternVL,0.0,0.08333333333333333,VD,Gemma-4|InternVL|Qwen3.5,3
hallusionbench,GIQ,VD_ocr_14_1_q1,MiC,InternVL,0.0,0.5,VD,Gemma-4|InternVL|Qwen3.5,3
hallusionbench,GIQ,VD_ocr_18_0_q1,MiC,Gemma-4,1.0,0.0,VD,Gemma-4|InternVL|Qwen3.5,1
hallusionbench,GIQ,VD_ocr_19_0_q1,MiC,Qwen3.5,1.0,0.0,VD,Gemma-4|InternVL|Qwen3.5,2
hallusionbench,GIQ,VD_ocr_3_1_q0,MiC,InternVL,0.0,0.0,VD,Gemma-4|InternVL|Qwen3.5,3
hallusionbench,GIQ,VD_ocr_7_1_q1,MiC,Gemma-4,0.0,1.0,VD,Gemma-4|InternVL|Qwen3.5,1
hallusionbench,GIQ,VD_ocr_8_1_q0,MiC,Gemma-4,1.0,1.0,VD,Gemma-4|InternVL|Qwen3.5,1
hallusionbench,GIQ,VS_chart_10_2_q3,MiC,InternVL,0.0,0.8333333333333333,VS,Gemma-4|InternVL|Qwen3.5,3
hallusionbench,GIQ,VS_chart_6_1_q0,MiC,InternVL,0.0,1.0,VS,Gemma-4|InternVL|Qwen3.5,3
hallusionbench,GIQ,VS_chart_9_1_q0,MiC,Gemma-4,0.0,1.0,VS,Gemma-4|InternVL|Qwen3.5,1
hallusionbench,GIQ,VS_chart_9_2_q3,MiC,Qwen3.5,0.0,0.25,VS,Gemma-4|InternVL|Qwen3.5,2
hallusionbench,GIQ,VS_map_0_1_q1,MiC,Qwen3.5,1.0,1.0,VS,Gemma-4|InternVL|Qwen3.5,2
hallusionbench,GIQ,VS_map_10_2_q0,MiC,InternVL,0.0,0.5833333333333334,VS,Gemma-4|InternVL|Qwen3.5,3
hallusionbench,GIQ,VS_map_1_1_q0,MiC,Qwen3.5,0.0,1.0,VS,Gemma-4|InternVL|Qwen3.5,2
hallusionbench,GIQ,VS_map_1_2_q1,MiC,Gemma-4,1.0,0.08333333333333333,VS,Gemma-4|InternVL|Qwen3.5,1
hallusionbench,GIQ,VS_map_2_2_q1,MiC,InternVL,0.0,0.5,VS,Gemma-4|InternVL|Qwen3.5,3
hallusionbench,GIQ,VS_map_4_2_q0,MiC,Gemma-4,1.0,0.16666666666666666,VS,Gemma-4|InternVL|Qwen3.5,1
hallusionbench,GIQ,VS_map_4_2_q1,MiC,Gemma-4,1.0,0.0,VS,Gemma-4|InternVL|Qwen3.5,1
hallusionbench,GIQ,VS_map_4_2_q3,MiC,Gemma-4,1.0,0.0,VS,Gemma-4|InternVL|Qwen3.5,1
hallusionbench,GIQ,VS_map_6_2_q0,MiC,InternVL,0.0,0.5,VS,Gemma-4|InternVL|Qwen3.5,3
hallusionbench,GIQ,VS_map_7_2_q1,MiC,Gemma-4,0.0,0.0,VS,Gemma-4|InternVL|Qwen3.5,1
hallusionbench,GIQ,VS_ocr_12_2_q1,MiC,Gemma-4,0.0,0.9166666666666667,VS,Gemma-4|InternVL|Qwen3.5,1
hallusionbench,GIQ,VS_ocr_1_2_q0,MiC,InternVL,1.0,0.0,VS,Gemma-4|InternVL|Qwen3.5,3
hallusionbench,GIQ,VS_ocr_3_2_q1,MiC,Gemma-4,0.0,0.16666666666666666,VS,Gemma-4|InternVL|Qwen3.5,1
hallusionbench,GIQ,VS_ocr_5_2_q1,MiC,Gemma-4,1.0,0.16666666666666666,VS,Gemma-4|InternVL|Qwen3.5,1
hallusionbench,GIQ,VS_ocr_8_2_q1,MiC,Gemma-4,0.0,0.75,VS,Gemma-4|InternVL|Qwen3.5,1
hallusionbench,GIQ,VS_table_10_2_q2,MiC,Qwen3.5,1.0,0.16666666666666666,VS,Gemma-4|InternVL|Qwen3.5,2
hallusionbench,GIQ,VS_table_1_1_q2,MiC,Gemma-4,0.0,0.4166666666666667,VS,Gemma-4|InternVL|Qwen3.5,1
hallusionbench,GIQ,VS_table_1_2_q0,MiC,Qwen3.5,1.0,1.0,VS,Gemma-4|InternVL|Qwen3.5,2
hallusionbench,GIQ,VS_table_4_1_q0,MiC,InternVL,0.0,1.0,VS,Gemma-4|InternVL|Qwen3.5,3
hallusionbench,GIQ,VS_table_4_2_q0,MiC,Gemma-4,0.0,0.08333333333333333,VS,Gemma-4|InternVL|Qwen3.5,1
hallusionbench,GIQ,VS_table_4_3_q0,MiC,Qwen3.5,1.0,1.0,VS,Gemma-4|InternVL|Qwen3.5,2
hallusionbench,GIQ,VS_table_5_1_q0,MiC,InternVL,0.0,1.0,VS,Gemma-4|InternVL|Qwen3.5,3
hallusionbench,GIQ,VS_table_5_2_q1,MiC,Qwen3.5,1.0,1.0,VS,Gemma-4|InternVL|Qwen3.5,2
hallusionbench,GLP,VD_figure_10_0_q0,MiC,Gemma-4,0.0,0.5,VD,Gemma-4|Llama-3.2|Pixtral,1
hallusionbench,GLP,VD_figure_10_1_q1,MiC,Gemma-4,1.0,0.5,VD,Gemma-4|Llama-3.2|Pixtral,1
hallusionbench,GLP,VD_figure_11_0_q1,MiC,Llama-3.2,0.0,0.75,VD,Gemma-4|Llama-3.2|Pixtral,3
hallusionbench,GLP,VD_figure_12_1_q0,MiC,Gemma-4,1.0,1.0,VD,Gemma-4|Llama-3.2|Pixtral,1
hallusionbench,GLP,VD_figure_13_1_q1,MiC,Llama-3.2,0.0,0.4166666666666667,VD,Gemma-4|Llama-3.2|Pixtral,3
hallusionbench,GLP,VD_figure_14_1_q0,MiC,Gemma-4,0.0,1.0,VD,Gemma-4|Llama-3.2|Pixtral,1
hallusionbench,GLP,VD_figure_15_1_q1,MiC,Llama-3.2,0.0,0.0,VD,Gemma-4|Llama-3.2|Pixtral,3
hallusionbench,GLP,VD_figure_1_0_q1,MiC,Pixtral,0.0,0.5,VD,Gemma-4|Llama-3.2|Pixtral,2
hallusionbench,GLP,VD_figure_3_0_q1,MiC,Pixtral,0.0,0.5833333333333334,VD,Gemma-4|Llama-3.2|Pixtral,2
hallusionbench,GLP,VD_figure_3_1_q0,MiC,Gemma-4,0.0,0.5,VD,Gemma-4|Llama-3.2|Pixtral,1
hallusionbench,GLP,VD_figure_4_0_q1,MiC,Llama-3.2,0.0,0.0,VD,Gemma-4|Llama-3.2|Pixtral,3
hallusionbench,GLP,VD_figure_4_1_q0,MiC,Gemma-4,1.0,1.0,VD,Gemma-4|Llama-3.2|Pixtral,1
hallusionbench,GLP,VD_figure_6_0_q0,MiC,Gemma-4,1.0,0.5833333333333334,VD,Gemma-4|Llama-3.2|Pixtral,1
hallusionbench,GLP,VD_figure_6_1_q0,MiC,Llama-3.2,1.0,0.5,VD,Gemma-4|Llama-3.2|Pixtral,3
hallusionbench,GLP,VD_figure_6_1_q1,MiC,Llama-3.2,0.0,0.0,VD,Gemma-4|Llama-3.2|Pixtral,3
hallusionbench,GLP,VD_figure_7_1_q1,MiC,Llama-3.2,0.0,0.0,VD,Gemma-4|Llama-3.2|Pixtral,3
hallusionbench,GLP,VD_figure_8_0_q0,MiC,Pixtral,0.0,0.5,VD,Gemma-4|Llama-3.2|Pixtral,2
hallusionbench,GLP,VD_illusion_10_0_q0,MiC,Pixtral,0.0,0.5,VD,Gemma-4|Llama-3.2|Pixtral,2
hallusionbench,GLP,VD_illusion_10_0_q1,MiC,Pixtral,0.0,1.0,VD,Gemma-4|Llama-3.2|Pixtral,2
hallusionbench,GLP,VD_illusion_14_0_q2,MiC,Llama-3.2,0.0,0.0,VD,Gemma-4|Llama-3.2|Pixtral,3
hallusionbench,GLP,VD_illusion_14_0_q3,MiC,Llama-3.2,0.0,0.0,VD,Gemma-4|Llama-3.2|Pixtral,3
hallusionbench,GLP,VD_illusion_15_1_q0,MiC,Gemma-4,1.0,1.0,VD,Gemma-4|Llama-3.2|Pixtral,1
hallusionbench,GLP,VD_illusion_17_0_q1,MiC,Gemma-4,0.0,0.8333333333333333,VD,Gemma-4|Llama-3.2|Pixtral,1
hallusionbench,GLP,VD_illusion_18_0_q0,MiC,Pixtral,0.0,0.5,VD,Gemma-4|Llama-3.2|Pixtral,2
hallusionbench,GLP,VD_illusion_18_1_q0,MiC,Llama-3.2,0.0,0.0,VD,Gemma-4|Llama-3.2|Pixtral,3
hallusionbench,GLP,VD_illusion_19_0_q0,MiC,Llama-3.2,0.0,0.0,VD,Gemma-4|Llama-3.2|Pixtral,3
hallusionbench,GLP,VD_illusion_19_0_q2,MiC,Pixtral,0.0,0.5,VD,Gemma-4|Llama-3.2|Pixtral,2
hallusionbench,GLP,VD_illusion_19_1_q3,MiC,Pixtral,0.0,0.41666666666666663,VD,Gemma-4|Llama-3.2|Pixtral,2
hallusionbench,GLP,VD_illusion_1_0_q0,MiC,Pixtral,0.0,0.5,VD,Gemma-4|Llama-3.2|Pixtral,2
hallusionbench,GLP,VD_illusion_1_0_q1,MiC,Gemma-4,1.0,1.0,VD,Gemma-4|Llama-3.2|Pixtral,1
hallusionbench,GLP,VD_illusion_1_0_q2,MiC,Pixtral,0.0,0.0,VD,Gemma-4|Llama-3.2|Pixtral,2
hallusionbench,GLP,VD_illusion_20_1_q0,MiC,Pixtral,0.0,0.5,VD,Gemma-4|Llama-3.2|Pixtral,2
hallusionbench,GLP,VD_illusion_21_1_q1,MiC,Llama-3.2,0.0,0.0,VD,Gemma-4|Llama-3.2|Pixtral,3
hallusionbench,GLP,VD_illusion_23_0_q1,MiC,Llama-3.2,0.0,0.5,VD,Gemma-4|Llama-3.2|Pixtral,3
hallusionbench,GLP,VD_illusion_25_0_q1,MiC,Llama-3.2,0.0,0.5,VD,Gemma-4|Llama-3.2|Pixtral,3
hallusionbench,GLP,VD_illusion_29_0_q0,MiC,Llama-3.2,0.0,0.0,VD,Gemma-4|Llama-3.2|Pixtral,3
hallusionbench,GLP,VD_illusion_29_0_q1,MiC,Gemma-4,0.0,0.5833333333333334,VD,Gemma-4|Llama-3.2|Pixtral,1
hallusionbench,GLP,VD_illusion_29_0_q2,MiC,Pixtral,0.0,0.5,VD,Gemma-4|Llama-3.2|Pixtral,2
hallusionbench,GLP,VD_illusion_2_1_q2,MiC,Gemma-4,0.0,1.0,VD,Gemma-4|Llama-3.2|Pixtral,1
hallusionbench,GLP,VD_illusion_30_0_q0,MiC,Pixtral,0.0,0.9166666666666667,VD,Gemma-4|Llama-3.2|Pixtral,2
hallusionbench,GLP,VD_illusion_30_0_q1,MiC,Pixtral,0.0,0.6666666666666667,VD,Gemma-4|Llama-3.2|Pixtral,2
hallusionbench,GLP,VD_illusion_3_0_q2,MiC,Llama-3.2,0.0,0.9166666666666667,VD,Gemma-4|Llama-3.2|Pixtral,3
hallusionbench,GLP,VD_illusion_5_0_q0,MiC,Llama-3.2,0.0,1.0,VD,Gemma-4|Llama-3.2|Pixtral,3
hallusionbench,GLP,VD_illusion_5_0_q2,MiC,Gemma-4,1.0,0.5,VD,Gemma-4|Llama-3.2|Pixtral,1
hallusionbench,GLP,VD_illusion_5_1_q1,MiC,Pixtral,0.0,0.3333333333333333,VD,Gemma-4|Llama-3.2|Pixtral,2
hallusionbench,GLP,VD_illusion_6_1_q0,MiC,Pixtral,0.0,0.0,VD,Gemma-4|Llama-3.2|Pixtral,2
hallusionbench,GLP,VD_illusion_7_1_q1,MiC,Pixtral,0.0,0.5,VD,Gemma-4|Llama-3.2|Pixtral,2
hallusionbench,GLP,VD_illusion_8_0_q2,MiC,Pixtral,0.0,0.5,VD,Gemma-4|Llama-3.2|Pixtral,2
hallusionbench,GLP,VD_illusion_9_1_q1,MiC,Gemma-4,0.0,0.9166666666666667,VD,Gemma-4|Llama-3.2|Pixtral,1
hallusionbench,GLP,VD_math_0_1_q1,MiC,Llama-3.2,0.0,0.5,VD,Gemma-4|Llama-3.2|Pixtral,3
hallusionbench,GLP,VD_math_11_0_q1,MiC,Llama-3.2,1.0,1.0,VD,Gemma-4|Llama-3.2|Pixtral,3
hallusionbench,GLP,VD_math_11_0_q2,MiC,Gemma-4,1.0,0.9166666666666667,VD,Gemma-4|Llama-3.2|Pixtral,1
hallusionbench,GLP,VD_math_11_1_q0,MiC,Gemma-4,1.0,1.0,VD,Gemma-4|Llama-3.2|Pixtral,1
hallusionbench,GLP,VD_math_11_1_q2,MiC,Gemma-4,1.0,1.0,VD,Gemma-4|Llama-3.2|Pixtral,1
hallusionbench,GLP,VD_math_12_0_q1,MiC,Gemma-4,1.0,1.0,VD,Gemma-4|Llama-3.2|Pixtral,1
hallusionbench,GLP,VD_math_12_0_q2,MiC,Gemma-4,0.0,0.6666666666666666,VD,Gemma-4|Llama-3.2|Pixtral,1
hallusionbench,GLP,VD_math_12_1_q0,MiC,Pixtral,0.0,0.0,VD,Gemma-4|Llama-3.2|Pixtral,2
hallusionbench,GLP,VD_math_13_0_q0,MiC,Gemma-4,1.0,0.6666666666666666,VD,Gemma-4|Llama-3.2|Pixtral,1
hallusionbench,GLP,VD_math_16_0_q2,MiC,Gemma-4,1.0,1.0,VD,Gemma-4|Llama-3.2|Pixtral,1
hallusionbench,GLP,VD_math_16_1_q2,MiC,Gemma-4,0.0,0.41666666666666663,VD,Gemma-4|Llama-3.2|Pixtral,1
hallusionbench,GLP,VD_math_17_1_q2,MiC,Gemma-4,1.0,0.8333333333333334,VD,Gemma-4|Llama-3.2|Pixtral,1
hallusionbench,GLP,VD_math_1_1_q0,MiC,Pixtral,0.0,0.4166666666666667,VD,Gemma-4|Llama-3.2|Pixtral,2
hallusionbench,GLP,VD_math_1_1_q2,MiC,Gemma-4,0.0,0.5,VD,Gemma-4|Llama-3.2|Pixtral,1
hallusionbench,GLP,VD_math_2_1_q0,MiC,Llama-3.2,1.0,0.5833333333333334,VD,Gemma-4|Llama-3.2|Pixtral,3
hallusionbench,GLP,VD_math_3_1_q0,MiC,Llama-3.2,0.0,0.0,VD,Gemma-4|Llama-3.2|Pixtral,3
hallusionbench,GLP,VD_math_4_1_q1,MiC,Pixtral,0.0,0.0,VD,Gemma-4|Llama-3.2|Pixtral,2
hallusionbench,GLP,VD_math_5_0_q2,MiC,Pixtral,1.0,0.0,VD,Gemma-4|Llama-3.2|Pixtral,2
hallusionbench,GLP,VD_math_5_1_q2,MiC,Gemma-4,1.0,0.5,VD,Gemma-4|Llama-3.2|Pixtral,1
hallusionbench,GLP,VD_math_7_0_q1,MiC,Gemma-4,1.0,1.0,VD,Gemma-4|Llama-3.2|Pixtral,1
hallusionbench,GLP,VD_math_7_1_q2,MiC,Pixtral,0.0,0.3333333333333333,VD,Gemma-4|Llama-3.2|Pixtral,2
hallusionbench,GLP,VD_math_9_0_q1,MiC,Gemma-4,1.0,1.0,VD,Gemma-4|Llama-3.2|Pixtral,1
hallusionbench,GLP,VD_math_9_1_q1,MiC,Llama-3.2,0.0,0.0,VD,Gemma-4|Llama-3.2|Pixtral,3
hallusionbench,GLP,VD_ocr_0_0_q1,MiC,Gemma-4,1.0,1.0,VD,Gemma-4|Llama-3.2|Pixtral,1
hallusionbench,GLP,VD_ocr_0_1_q0,MiC,Gemma-4,1.0,1.0,VD,Gemma-4|Llama-3.2|Pixtral,1
hallusionbench,GLP,VD_ocr_14_1_q1,MiC,Pixtral,0.0,0.75,VD,Gemma-4|Llama-3.2|Pixtral,2
hallusionbench,GLP,VD_ocr_18_0_q1,MiC,Gemma-4,1.0,0.0,VD,Gemma-4|Llama-3.2|Pixtral,1
hallusionbench,GLP,VD_ocr_18_1_q0,MiC,Gemma-4,1.0,0.5833333333333334,VD,Gemma-4|Llama-3.2|Pixtral,1
hallusionbench,GLP,VD_ocr_20_0_q1,MiC,Gemma-4,0.0,0.5833333333333334,VD,Gemma-4|Llama-3.2|Pixtral,1
hallusionbench,GLP,VD_ocr_20_1_q0,MiC,Gemma-4,1.0,1.0,VD,Gemma-4|Llama-3.2|Pixtral,1
hallusionbench,GLP,VD_ocr_3_1_q1,MiC,Llama-3.2,0.0,0.0,VD,Gemma-4|Llama-3.2|Pixtral,3
hallusionbench,GLP,VD_ocr_3_2_q0,MiC,Llama-3.2,0.0,0.0,VD,Gemma-4|Llama-3.2|Pixtral,3
hallusionbench,GLP,VD_ocr_5_1_q0,MiC,Gemma-4,1.0,0.08333333333333333,VD,Gemma-4|Llama-3.2|Pixtral,1
hallusionbench,GLP,VD_ocr_7_0_q1,MiC,Gemma-4,1.0,1.0,VD,Gemma-4|Llama-3.2|Pixtral,1
hallusionbench,GLP,VS_chart_0_1_q0,MiC,Gemma-4,1.0,0.5,VS,Gemma-4|Llama-3.2|Pixtral,1
hallusionbench,GLP,VS_chart_10_2_q2,MiC,Gemma-4,1.0,1.0,VS,Gemma-4|Llama-3.2|Pixtral,1
hallusionbench,GLP,VS_chart_12_1_q0,MiC,Gemma-4,1.0,0.5,VS,Gemma-4|Llama-3.2|Pixtral,1
hallusionbench,GLP,VS_chart_12_2_q1,MiC,Gemma-4,1.0,0.5,VS,Gemma-4|Llama-3.2|Pixtral,1
hallusionbench,GLP,VS_chart_14_1_q1,MiC,Llama-3.2,1.0,1.0,VS,Gemma-4|Llama-3.2|Pixtral,3
hallusionbench,GLP,VS_chart_14_2_q0,MiC,Gemma-4,1.0,0.5,VS,Gemma-4|Llama-3.2|Pixtral,1
hallusionbench,GLP,VS_chart_15_2_q0,MiC,Gemma-4,1.0,1.0,VS,Gemma-4|Llama-3.2|Pixtral,1
hallusionbench,GLP,VS_chart_2_1_q6,MiC,Gemma-4,1.0,1.0,VS,Gemma-4|Llama-3.2|Pixtral,1
hallusionbench,GLP,VS_chart_3_1_q1,MiC,Gemma-4,1.0,1.0,VS,Gemma-4|Llama-3.2|Pixtral,1
hallusionbench,GLP,VS_chart_3_2_q3,MiC,Gemma-4,1.0,1.0,VS,Gemma-4|Llama-3.2|Pixtral,1
hallusionbench,GLP,VS_chart_4_2_q0,MiC,Gemma-4,1.0,0.5833333333333334,VS,Gemma-4|Llama-3.2|Pixtral,1
hallusionbench,GLP,VS_chart_5_2_q0,MiC,Gemma-4,1.0,1.0,VS,Gemma-4|Llama-3.2|Pixtral,1
hallusionbench,GLP,VS_chart_6_2_q1,MiC,Pixtral,0.0,0.0,VS,Gemma-4|Llama-3.2|Pixtral,2
hallusionbench,GLP,VS_chart_7_2_q0,MiC,Gemma-4,1.0,1.0,VS,Gemma-4|Llama-3.2|Pixtral,1
hallusionbench,GLP,VS_chart_9_1_q1,MiC,Llama-3.2,1.0,1.0,VS,Gemma-4|Llama-3.2|Pixtral,3
hallusionbench,GLP,VS_chart_9_2_q0,MiC,Gemma-4,1.0,0.8333333333333333,VS,Gemma-4|Llama-3.2|Pixtral,1
hallusionbench,GLP,VS_map_0_2_q1,MiC,Gemma-4,0.0,0.5,VS,Gemma-4|Llama-3.2|Pixtral,1
hallusionbench,GLP,VS_map_0_2_q3,MiC,Gemma-4,0.0,0.0,VS,Gemma-4|Llama-3.2|Pixtral,1
hallusionbench,GLP,VS_map_10_1_q0,MiC,Gemma-4,1.0,0.5,VS,Gemma-4|Llama-3.2|Pixtral,1
hallusionbench,GLP,VS_map_1_2_q0,MiC,Gemma-4,1.0,1.0,VS,Gemma-4|Llama-3.2|Pixtral,1
hallusionbench,GLP,VS_map_1_2_q1,MiC,Gemma-4,1.0,0.0,VS,Gemma-4|Llama-3.2|Pixtral,1
hallusionbench,GLP,VS_map_1_2_q2,MiC,Llama-3.2,1.0,1.0,VS,Gemma-4|Llama-3.2|Pixtral,3
hallusionbench,GLP,VS_map_2_1_q1,MiC,Gemma-4,0.0,0.5,VS,Gemma-4|Llama-3.2|Pixtral,1
hallusionbench,GLP,VS_map_2_2_q1,MiC,Pixtral,1.0,0.5,VS,Gemma-4|Llama-3.2|Pixtral,2
hallusionbench,GLP,VS_map_3_2_q1,MiC,Gemma-4,1.0,0.5,VS,Gemma-4|Llama-3.2|Pixtral,1
hallusionbench,GLP,VS_map_4_2_q1,MiC,Gemma-4,0.0,0.0,VS,Gemma-4|Llama-3.2|Pixtral,1
hallusionbench,GLP,VS_map_4_2_q2,MiC,Gemma-4,0.0,0.0,VS,Gemma-4|Llama-3.2|Pixtral,1
hallusionbench,GLP,VS_map_4_2_q3,MiC,Gemma-4,0.0,0.0,VS,Gemma-4|Llama-3.2|Pixtral,1
hallusionbench,GLP,VS_map_5_1_q0,MiC,Gemma-4,1.0,0.5,VS,Gemma-4|Llama-3.2|Pixtral,1
hallusionbench,GLP,VS_map_6_2_q0,MiC,Pixtral,0.0,0.8333333333333333,VS,Gemma-4|Llama-3.2|Pixtral,2
hallusionbench,GLP,VS_map_6_2_q1,MiC,Llama-3.2,0.0,0.6666666666666666,VS,Gemma-4|Llama-3.2|Pixtral,3
hallusionbench,GLP,VS_map_7_2_q0,MiC,Llama-3.2,0.0,0.0,VS,Gemma-4|Llama-3.2|Pixtral,3
hallusionbench,GLP,VS_map_7_2_q1,MiC,Gemma-4,0.0,0.08333333333333333,VS,Gemma-4|Llama-3.2|Pixtral,1
hallusionbench,GLP,VS_map_8_2_q0,MiC,Gemma-4,0.0,1.0,VS,Gemma-4|Llama-3.2|Pixtral,1
hallusionbench,GLP,VS_map_9_2_q0,MiC,Llama-3.2,0.0,0.0,VS,Gemma-4|Llama-3.2|Pixtral,3
hallusionbench,GLP,VS_ocr_1_2_q0,MiC,Gemma-4,1.0,0.5,VS,Gemma-4|Llama-3.2|Pixtral,1
hallusionbench,GLP,VS_ocr_2_1_q1,MiC,Gemma-4,1.0,1.0,VS,Gemma-4|Llama-3.2|Pixtral,1
hallusionbench,GLP,VS_ocr_3_2_q1,MiC,Gemma-4,1.0,0.08333333333333333,VS,Gemma-4|Llama-3.2|Pixtral,1
hallusionbench,GLP,VS_ocr_6_2_q1,MiC,Pixtral,1.0,1.0,VS,Gemma-4|Llama-3.2|Pixtral,2
hallusionbench,GLP,VS_ocr_7_2_q0,MiC,Gemma-4,1.0,0.5,VS,Gemma-4|Llama-3.2|Pixtral,1
hallusionbench,GLP,VS_ocr_8_1_q1,MiC,Gemma-4,1.0,1.0,VS,Gemma-4|Llama-3.2|Pixtral,1
hallusionbench,GLP,VS_table_1_2_q2,MiC,Llama-3.2,0.0,0.0,VS,Gemma-4|Llama-3.2|Pixtral,3
hallusionbench,GLP,VS_table_3_2_q1,MiC,Gemma-4,1.0,0.5,VS,Gemma-4|Llama-3.2|Pixtral,1
hallusionbench,GLP,VS_table_3_2_q2,MiC,Gemma-4,1.0,1.0,VS,Gemma-4|Llama-3.2|Pixtral,1
hallusionbench,GLP,VS_table_4_2_q1,MiC,Gemma-4,0.0,0.5,VS,Gemma-4|Llama-3.2|Pixtral,1
hallusionbench,GLP,VS_table_5_3_q0,MiC,Gemma-4,0.0,1.0,VS,Gemma-4|Llama-3.2|Pixtral,1
hallusionbench,GLP,VS_table_5_3_q1,MiC,Gemma-4,1.0,1.0,VS,Gemma-4|Llama-3.2|Pixtral,1
hallusionbench,GLP,VS_table_5_3_q2,MiC,Gemma-4,0.0,1.0,VS,Gemma-4|Llama-3.2|Pixtral,1
hallusionbench,GLP,VS_table_6_2_q0,MiC,Gemma-4,1.0,1.0,VS,Gemma-4|Llama-3.2|Pixtral,1
hallusionbench,GLP,VS_table_6_2_q3,MiC,Gemma-4,1.0,1.0,VS,Gemma-4|Llama-3.2|Pixtral,1
hallusionbench,GLQ,VD_figure_15_1_q1,MiC,Llama-3.2,0.0,0.0,VD,Gemma-4|Llama-3.2|Qwen3.5,3
hallusionbench,GLQ,VD_figure_16_0_q0,MiC,Gemma-4,1.0,0.5833333333333334,VD,Gemma-4|Llama-3.2|Qwen3.5,1
hallusionbench,GLQ,VD_figure_18_1_q0,MiC,Gemma-4,1.0,1.0,VD,Gemma-4|Llama-3.2|Qwen3.5,1
hallusionbench,GLQ,VD_figure_1_0_q1,MiC,Qwen3.5,1.0,0.5,VD,Gemma-4|Llama-3.2|Qwen3.5,2
hallusionbench,GLQ,VD_figure_4_0_q1,MiC,Llama-3.2,0.0,0.0,VD,Gemma-4|Llama-3.2|Qwen3.5,3
hallusionbench,GLQ,VD_figure_5_0_q0,MiC,Gemma-4,0.0,0.4166666666666667,VD,Gemma-4|Llama-3.2|Qwen3.5,1
hallusionbench,GLQ,VD_figure_6_1_q1,MiC,Llama-3.2,0.0,0.0,VD,Gemma-4|Llama-3.2|Qwen3.5,3
hallusionbench,GLQ,VD_figure_7_1_q1,MiC,Llama-3.2,0.0,0.0,VD,Gemma-4|Llama-3.2|Qwen3.5,3
hallusionbench,GLQ,VD_figure_9_1_q1,MiC,Gemma-4,1.0,1.0,VD,Gemma-4|Llama-3.2|Qwen3.5,1
hallusionbench,GLQ,VD_illusion_10_0_q0,MiC,Qwen3.5,1.0,0.5,VD,Gemma-4|Llama-3.2|Qwen3.5,2
hallusionbench,GLQ,VD_illusion_10_0_q1,MiC,Qwen3.5,0.0,1.0,VD,Gemma-4|Llama-3.2|Qwen3.5,2
hallusionbench,GLQ,VD_illusion_11_1_q2,MiC,Qwen3.5,1.0,0.5,VD,Gemma-4|Llama-3.2|Qwen3.5,2
hallusionbench,GLQ,VD_illusion_14_0_q2,MiC,Llama-3.2,0.0,0.0,VD,Gemma-4|Llama-3.2|Qwen3.5,3
hallusionbench,GLQ,VD_illusion_14_0_q3,MiC,Llama-3.2,0.0,0.0,VD,Gemma-4|Llama-3.2|Qwen3.5,3
hallusionbench,GLQ,VD_illusion_14_1_q0,MiC,Qwen3.5,1.0,0.6666666666666666,VD,Gemma-4|Llama-3.2|Qwen3.5,2
hallusionbench,GLQ,VD_illusion_14_1_q1,MiC,Qwen3.5,1.0,0.0,VD,Gemma-4|Llama-3.2|Qwen3.5,2
hallusionbench,GLQ,VD_illusion_17_0_q1,MiC,Qwen3.5,0.0,0.5,VD,Gemma-4|Llama-3.2|Qwen3.5,2
hallusionbench,GLQ,VD_illusion_18_0_q0,MiC,Qwen3.5,1.0,0.5,VD,Gemma-4|Llama-3.2|Qwen3.5,2
hallusionbench,GLQ,VD_illusion_18_0_q1,MiC,Llama-3.2,0.0,1.0,VD,Gemma-4|Llama-3.2|Qwen3.5,3
hallusionbench,GLQ,VD_illusion_19_0_q0,MiC,Llama-3.2,0.0,0.0,VD,Gemma-4|Llama-3.2|Qwen3.5,3
hallusionbench,GLQ,VD_illusion_19_1_q3,MiC,Qwen3.5,0.0,0.75,VD,Gemma-4|Llama-3.2|Qwen3.5,2
hallusionbench,GLQ,VD_illusion_21_0_q0,MiC,Llama-3.2,0.0,0.5,VD,Gemma-4|Llama-3.2|Qwen3.5,3
hallusionbench,GLQ,VD_illusion_21_0_q2,MiC,Llama-3.2,0.0,0.9166666666666667,VD,Gemma-4|Llama-3.2|Qwen3.5,3
hallusionbench,GLQ,VD_illusion_21_1_q1,MiC,Llama-3.2,0.0,0.0,VD,Gemma-4|Llama-3.2|Qwen3.5,3
hallusionbench,GLQ,VD_illusion_23_0_q1,MiC,Llama-3.2,0.0,0.5,VD,Gemma-4|Llama-3.2|Qwen3.5,3
hallusionbench,GLQ,VD_illusion_25_0_q0,MiC,Gemma-4,1.0,0.0,VD,Gemma-4|Llama-3.2|Qwen3.5,1
hallusionbench,GLQ,VD_illusion_25_0_q1,MiC,Llama-3.2,0.0,0.5,VD,Gemma-4|Llama-3.2|Qwen3.5,3
hallusionbench,GLQ,VD_illusion_28_0_q1,MiC,Llama-3.2,0.0,0.5,VD,Gemma-4|Llama-3.2|Qwen3.5,3
hallusionbench,GLQ,VD_illusion_28_0_q2,MiC,Llama-3.2,0.0,1.0,VD,Gemma-4|Llama-3.2|Qwen3.5,3
hallusionbench,GLQ,VD_illusion_28_1_q0,MiC,Qwen3.5,1.0,0.5,VD,Gemma-4|Llama-3.2|Qwen3.5,2
hallusionbench,GLQ,VD_illusion_29_0_q0,MiC,Llama-3.2,0.0,0.0,VD,Gemma-4|Llama-3.2|Qwen3.5,3
hallusionbench,GLQ,VD_illusion_30_0_q0,MiC,Qwen3.5,0.0,0.9166666666666667,VD,Gemma-4|Llama-3.2|Qwen3.5,2
hallusionbench,GLQ,VD_illusion_30_0_q1,MiC,Qwen3.5,1.0,0.9166666666666667,VD,Gemma-4|Llama-3.2|Qwen3.5,2
hallusionbench,GLQ,VD_illusion_3_0_q0,MiC,Qwen3.5,1.0,0.5833333333333334,VD,Gemma-4|Llama-3.2|Qwen3.5,2
hallusionbench,GLQ,VD_illusion_3_0_q2,MiC,Llama-3.2,0.0,0.5,VD,Gemma-4|Llama-3.2|Qwen3.5,3
hallusionbench,GLQ,VD_illusion_3_1_q1,MiC,Gemma-4,1.0,0.9166666666666667,VD,Gemma-4|Llama-3.2|Qwen3.5,1
hallusionbench,GLQ,VD_illusion_5_0_q2,MiC,Gemma-4,1.0,0.75,VD,Gemma-4|Llama-3.2|Qwen3.5,1
hallusionbench,GLQ,VD_illusion_5_1_q1,MiC,Qwen3.5,1.0,0.5,VD,Gemma-4|Llama-3.2|Qwen3.5,2
hallusionbench,GLQ,VD_illusion_7_0_q0,MiC,Gemma-4,1.0,0.5,VD,Gemma-4|Llama-3.2|Qwen3.5,1
hallusionbench,GLQ,VD_illusion_7_1_q0,MiC,Qwen3.5,1.0,0.5833333333333334,VD,Gemma-4|Llama-3.2|Qwen3.5,2
hallusionbench,GLQ,VD_illusion_7_1_q1,MiC,Qwen3.5,1.0,0.5,VD,Gemma-4|Llama-3.2|Qwen3.5,2
hallusionbench,GLQ,VD_math_0_1_q2,MiC,Gemma-4,0.0,1.0,VD,Gemma-4|Llama-3.2|Qwen3.5,1
hallusionbench,GLQ,VD_math_11_0_q2,MiC,Qwen3.5,1.0,0.5,VD,Gemma-4|Llama-3.2|Qwen3.5,2
hallusionbench,GLQ,VD_math_14_0_q0,MiC,Qwen3.5,0.0,0.4166666666666667,VD,Gemma-4|Llama-3.2|Qwen3.5,2
hallusionbench,GLQ,VD_math_15_1_q0,MiC,Qwen3.5,0.0,0.9166666666666667,VD,Gemma-4|Llama-3.2|Qwen3.5,2
hallusionbench,GLQ,VD_math_16_1_q0,MiC,Qwen3.5,0.0,0.5,VD,Gemma-4|Llama-3.2|Qwen3.5,2
hallusionbench,GLQ,VD_math_16_1_q2,MiC,Gemma-4,0.0,0.3333333333333333,VD,Gemma-4|Llama-3.2|Qwen3.5,1
hallusionbench,GLQ,VD_math_17_0_q2,MiC,Llama-3.2,0.0,0.6666666666666666,VD,Gemma-4|Llama-3.2|Qwen3.5,3
hallusionbench,GLQ,VD_math_17_1_q1,MiC,Qwen3.5,1.0,0.3333333333333333,VD,Gemma-4|Llama-3.2|Qwen3.5,2
hallusionbench,GLQ,VD_math_1_1_q0,MiC,Qwen3.5,1.0,0.16666666666666666,VD,Gemma-4|Llama-3.2|Qwen3.5,2
hallusionbench,GLQ,VD_math_2_1_q0,MiC,Llama-3.2,0.0,0.5,VD,Gemma-4|Llama-3.2|Qwen3.5,3
hallusionbench,GLQ,VD_math_2_1_q2,MiC,Qwen3.5,1.0,0.3333333333333333,VD,Gemma-4|Llama-3.2|Qwen3.5,2
hallusionbench,GLQ,VD_math_3_1_q0,MiC,Llama-3.2,0.0,0.0,VD,Gemma-4|Llama-3.2|Qwen3.5,3
hallusionbench,GLQ,VD_math_4_0_q1,MiC,Qwen3.5,0.0,0.9166666666666667,VD,Gemma-4|Llama-3.2|Qwen3.5,2
hallusionbench,GLQ,VD_math_4_0_q2,MiC,Qwen3.5,1.0,0.5,VD,Gemma-4|Llama-3.2|Qwen3.5,2
hallusionbench,GLQ,VD_math_5_0_q1,MiC,Llama-3.2,0.0,0.5,VD,Gemma-4|Llama-3.2|Qwen3.5,3
hallusionbench,GLQ,VD_math_5_0_q2,MiC,Llama-3.2,0.0,0.5,VD,Gemma-4|Llama-3.2|Qwen3.5,3
hallusionbench,GLQ,VD_math_5_1_q0,MiC,Llama-3.2,0.0,1.0,VD,Gemma-4|Llama-3.2|Qwen3.5,3
hallusionbench,GLQ,VD_math_9_1_q0,MiC,Llama-3.2,0.0,0.5,VD,Gemma-4|Llama-3.2|Qwen3.5,3
hallusionbench,GLQ,VD_math_9_1_q1,MiC,Llama-3.2,0.0,0.0,VD,Gemma-4|Llama-3.2|Qwen3.5,3
hallusionbench,GLQ,VD_ocr_18_0_q1,MiC,Gemma-4,1.0,0.0,VD,Gemma-4|Llama-3.2|Qwen3.5,1
hallusionbench,GLQ,VD_ocr_19_0_q1,MiC,Qwen3.5,1.0,0.0,VD,Gemma-4|Llama-3.2|Qwen3.5,2
hallusionbench,GLQ,VD_ocr_19_1_q0,MiC,Gemma-4,1.0,0.0,VD,Gemma-4|Llama-3.2|Qwen3.5,1
hallusionbench,GLQ,VD_ocr_20_0_q0,MiC,Gemma-4,0.0,1.0,VD,Gemma-4|Llama-3.2|Qwen3.5,1
hallusionbench,GLQ,VD_ocr_3_1_q1,MiC,Llama-3.2,0.0,0.0,VD,Gemma-4|Llama-3.2|Qwen3.5,3
hallusionbench,GLQ,VS_chart_19_2_q0,MiC,Gemma-4,0.0,0.5833333333333334,VS,Gemma-4|Llama-3.2|Qwen3.5,1
hallusionbench,GLQ,VS_chart_6_1_q0,MiC,Llama-3.2,0.0,1.0,VS,Gemma-4|Llama-3.2|Qwen3.5,3
hallusionbench,GLQ,VS_chart_9_2_q3,MiC,Qwen3.5,1.0,0.25,VS,Gemma-4|Llama-3.2|Qwen3.5,2
hallusionbench,GLQ,VS_map_0_2_q1,MiC,Gemma-4,0.0,0.5,VS,Gemma-4|Llama-3.2|Qwen3.5,1
hallusionbench,GLQ,VS_map_0_2_q3,MiC,Gemma-4,0.0,0.0,VS,Gemma-4|Llama-3.2|Qwen3.5,1
hallusionbench,GLQ,VS_map_10_2_q0,MiC,Llama-3.2,0.0,0.6666666666666666,VS,Gemma-4|Llama-3.2|Qwen3.5,3
hallusionbench,GLQ,VS_map_1_2_q1,MiC,Gemma-4,1.0,0.08333333333333333,VS,Gemma-4|Llama-3.2|Qwen3.5,1
hallusionbench,GLQ,VS_map_3_2_q0,MiC,Gemma-4,1.0,0.5,VS,Gemma-4|Llama-3.2|Qwen3.5,1
hallusionbench,GLQ,VS_map_3_2_q1,MiC,Gemma-4,1.0,0.5,VS,Gemma-4|Llama-3.2|Qwen3.5,1
hallusionbench,GLQ,VS_map_4_2_q0,MiC,Gemma-4,1.0,0.16666666666666666,VS,Gemma-4|Llama-3.2|Qwen3.5,1
hallusionbench,GLQ,VS_map_4_2_q1,MiC,Gemma-4,1.0,0.0,VS,Gemma-4|Llama-3.2|Qwen3.5,1
hallusionbench,GLQ,VS_map_4_2_q2,MiC,Gemma-4,1.0,0.0,VS,Gemma-4|Llama-3.2|Qwen3.5,1
hallusionbench,GLQ,VS_map_4_2_q3,MiC,Gemma-4,1.0,0.0,VS,Gemma-4|Llama-3.2|Qwen3.5,1
hallusionbench,GLQ,VS_map_6_1_q2,MiC,Gemma-4,0.0,0.3333333333333333,VS,Gemma-4|Llama-3.2|Qwen3.5,1
hallusionbench,GLQ,VS_map_7_2_q0,MiC,Llama-3.2,1.0,0.0,VS,Gemma-4|Llama-3.2|Qwen3.5,3
hallusionbench,GLQ,VS_map_7_2_q1,MiC,Gemma-4,1.0,0.08333333333333333,VS,Gemma-4|Llama-3.2|Qwen3.5,1
hallusionbench,GLQ,VS_map_9_2_q0,MiC,Llama-3.2,0.0,0.0,VS,Gemma-4|Llama-3.2|Qwen3.5,3
hallusionbench,GLQ,VS_ocr_10_2_q0,MiC,Qwen3.5,1.0,0.0,VS,Gemma-4|Llama-3.2|Qwen3.5,2
hallusionbench,GLQ,VS_ocr_12_2_q1,MiC,Llama-3.2,0.0,0.4166666666666667,VS,Gemma-4|Llama-3.2|Qwen3.5,3
hallusionbench,GLQ,VS_ocr_1_2_q0,MiC,Gemma-4,1.0,0.5,VS,Gemma-4|Llama-3.2|Qwen3.5,1
hallusionbench,GLQ,VS_ocr_5_1_q0,MiC,Gemma-4,0.0,1.0,VS,Gemma-4|Llama-3.2|Qwen3.5,1
hallusionbench,GLQ,VS_ocr_5_2_q1,MiC,Gemma-4,1.0,0.16666666666666666,VS,Gemma-4|Llama-3.2|Qwen3.5,1
hallusionbench,GLQ,VS_ocr_6_2_q1,MiC,Qwen3.5,1.0,1.0,VS,Gemma-4|Llama-3.2|Qwen3.5,2
hallusionbench,GLQ,VS_ocr_8_1_q0,MiC,Gemma-4,1.0,1.0,VS,Gemma-4|Llama-3.2|Qwen3.5,1
hallusionbench,GLQ,VS_table_10_2_q2,MiC,Qwen3.5,0.0,0.16666666666666666,VS,Gemma-4|Llama-3.2|Qwen3.5,2
hallusionbench,GLQ,VS_table_1_2_q2,MiC,Llama-3.2,0.0,0.08333333333333333,VS,Gemma-4|Llama-3.2|Qwen3.5,3
hallusionbench,GLQ,VS_table_4_1_q0,MiC,Llama-3.2,0.0,1.0,VS,Gemma-4|Llama-3.2|Qwen3.5,3
hallusionbench,GLQ,VS_table_4_2_q0,MiC,Gemma-4,0.0,0.08333333333333333,VS,Gemma-4|Llama-3.2|Qwen3.5,1
hallusionbench,GLQ,VS_table_4_2_q1,MiC,Gemma-4,1.0,0.5,VS,Gemma-4|Llama-3.2|Qwen3.5,1
hallusionbench,GLQ,VS_table_4_3_q0,MiC,Llama-3.2,0.0,0.5,VS,Gemma-4|Llama-3.2|Qwen3.5,3
hallusionbench,GPQ,VD_figure_11_0_q1,MiC,Qwen3.5,1.0,1.0,VD,Gemma-4|Pixtral|Qwen3.5,2
hallusionbench,GPQ,VD_figure_11_1_q0,MiC,Gemma-4,1.0,1.0,VD,Gemma-4|Pixtral|Qwen3.5,1
hallusionbench,GPQ,VD_figure_13_1_q1,MiC,Qwen3.5,1.0,0.5,VD,Gemma-4|Pixtral|Qwen3.5,2
hallusionbench,GPQ,VD_figure_16_0_q0,MiC,Gemma-4,1.0,0.8333333333333333,VD,Gemma-4|Pixtral|Qwen3.5,1
hallusionbench,GPQ,VD_figure_16_1_q0,MiC,Qwen3.5,1.0,0.5,VD,Gemma-4|Pixtral|Qwen3.5,2
hallusionbench,GPQ,VD_figure_1_1_q1,MiC,Gemma-4,0.0,0.5,VD,Gemma-4|Pixtral|Qwen3.5,1
hallusionbench,GPQ,VD_figure_3_0_q1,MiC,Pixtral,1.0,0.5833333333333334,VD,Gemma-4|Pixtral|Qwen3.5,3
hallusionbench,GPQ,VD_figure_5_0_q0,MiC,Gemma-4,0.0,0.0,VD,Gemma-4|Pixtral|Qwen3.5,1
hallusionbench,GPQ,VD_figure_6_1_q0,MiC,Qwen3.5,1.0,0.5,VD,Gemma-4|Pixtral|Qwen3.5,2
hallusionbench,GPQ,VD_illusion_0_0_q2,MiC,Pixtral,0.0,0.5,VD,Gemma-4|Pixtral|Qwen3.5,3
hallusionbench,GPQ,VD_illusion_11_1_q2,MiC,Qwen3.5,1.0,0.5,VD,Gemma-4|Pixtral|Qwen3.5,2
hallusionbench,GPQ,VD_illusion_12_0_q0,MiC,Gemma-4,1.0,1.0,VD,Gemma-4|Pixtral|Qwen3.5,1
hallusionbench,GPQ,VD_illusion_14_1_q0,MiC,Qwen3.5,1.0,0.5,VD,Gemma-4|Pixtral|Qwen3.5,2
hallusionbench,GPQ,VD_illusion_14_1_q1,MiC,Qwen3.5,1.0,0.0,VD,Gemma-4|Pixtral|Qwen3.5,2
hallusionbench,GPQ,VD_illusion_17_0_q1,MiC,Qwen3.5,0.0,0.5,VD,Gemma-4|Pixtral|Qwen3.5,2
hallusionbench,GPQ,VD_illusion_18_0_q1,MiC,Pixtral,1.0,1.0,VD,Gemma-4|Pixtral|Qwen3.5,3
hallusionbench,GPQ,VD_illusion_18_1_q0,MiC,Gemma-4,0.0,0.5,VD,Gemma-4|Pixtral|Qwen3.5,1
hallusionbench,GPQ,VD_illusion_18_1_q1,MiC,Gemma-4,0.0,0.5,VD,Gemma-4|Pixtral|Qwen3.5,1
hallusionbench,GPQ,VD_illusion_19_0_q2,MiC,Pixtral,0.0,0.5,VD,Gemma-4|Pixtral|Qwen3.5,3
hallusionbench,GPQ,VD_illusion_19_1_q3,MiC,Pixtral,0.0,0.25,VD,Gemma-4|Pixtral|Qwen3.5,3
hallusionbench,GPQ,VD_illusion_1_0_q0,MiC,Pixtral,0.0,0.5,VD,Gemma-4|Pixtral|Qwen3.5,3
hallusionbench,GPQ,VD_illusion_21_0_q0,MiC,Pixtral,0.0,0.5,VD,Gemma-4|Pixtral|Qwen3.5,3
hallusionbench,GPQ,VD_illusion_21_0_q2,MiC,Pixtral,0.0,0.9166666666666667,VD,Gemma-4|Pixtral|Qwen3.5,3
hallusionbench,GPQ,VD_illusion_27_1_q0,MiC,Gemma-4,0.0,1.0,VD,Gemma-4|Pixtral|Qwen3.5,1
hallusionbench,GPQ,VD_illusion_28_0_q2,MiC,Pixtral,0.0,1.0,VD,Gemma-4|Pixtral|Qwen3.5,3
hallusionbench,GPQ,VD_illusion_28_1_q0,MiC,Qwen3.5,1.0,0.5,VD,Gemma-4|Pixtral|Qwen3.5,2
hallusionbench,GPQ,VD_illusion_29_0_q2,MiC,Pixtral,0.0,0.5,VD,Gemma-4|Pixtral|Qwen3.5,3
hallusionbench,GPQ,VD_illusion_2_1_q0,MiC,Gemma-4,0.0,0.5,VD,Gemma-4|Pixtral|Qwen3.5,1
hallusionbench,GPQ,VD_illusion_30_0_q1,MiC,Pixtral,0.0,0.4166666666666667,VD,Gemma-4|Pixtral|Qwen3.5,3
hallusionbench,GPQ,VD_illusion_3_0_q0,MiC,Qwen3.5,1.0,0.5,VD,Gemma-4|Pixtral|Qwen3.5,2
hallusionbench,GPQ,VD_illusion_3_0_q1,MiC,Qwen3.5,0.0,0.5,VD,Gemma-4|Pixtral|Qwen3.5,2
hallusionbench,GPQ,VD_illusion_3_0_q2,MiC,Qwen3.5,0.0,0.9166666666666667,VD,Gemma-4|Pixtral|Qwen3.5,2
hallusionbench,GPQ,VD_illusion_5_0_q2,MiC,Gemma-4,1.0,0.5,VD,Gemma-4|Pixtral|Qwen3.5,1
hallusionbench,GPQ,VD_illusion_7_1_q0,MiC,Qwen3.5,1.0,0.5,VD,Gemma-4|Pixtral|Qwen3.5,2
hallusionbench,GPQ,VD_math_0_1_q0,MiC,Qwen3.5,0.0,0.0,VD,Gemma-4|Pixtral|Qwen3.5,2
hallusionbench,GPQ,VD_math_0_1_q1,MiC,Qwen3.5,1.0,0.5,VD,Gemma-4|Pixtral|Qwen3.5,2
hallusionbench,GPQ,VD_math_11_0_q0,MiC,Gemma-4,0.0,0.6666666666666666,VD,Gemma-4|Pixtral|Qwen3.5,1
hallusionbench,GPQ,VD_math_12_1_q0,MiC,Pixtral,0.0,0.0,VD,Gemma-4|Pixtral|Qwen3.5,3
hallusionbench,GPQ,VD_math_14_0_q0,MiC,Qwen3.5,0.0,0.4166666666666667,VD,Gemma-4|Pixtral|Qwen3.5,2
hallusionbench,GPQ,VD_math_14_0_q1,MiC,Pixtral,0.0,0.8333333333333333,VD,Gemma-4|Pixtral|Qwen3.5,3
hallusionbench,GPQ,VD_math_14_0_q2,MiC,Gemma-4,1.0,0.9166666666666667,VD,Gemma-4|Pixtral|Qwen3.5,1
hallusionbench,GPQ,VD_math_16_1_q0,MiC,Qwen3.5,1.0,0.4166666666666667,VD,Gemma-4|Pixtral|Qwen3.5,2
hallusionbench,GPQ,VD_math_17_0_q2,MiC,Pixtral,0.0,0.6666666666666666,VD,Gemma-4|Pixtral|Qwen3.5,3
hallusionbench,GPQ,VD_math_1_1_q0,MiC,Qwen3.5,0.0,0.0,VD,Gemma-4|Pixtral|Qwen3.5,2
hallusionbench,GPQ,VD_math_1_1_q1,MiC,Qwen3.5,1.0,0.6666666666666667,VD,Gemma-4|Pixtral|Qwen3.5,2
hallusionbench,GPQ,VD_math_2_1_q2,MiC,Qwen3.5,1.0,0.25,VD,Gemma-4|Pixtral|Qwen3.5,2
hallusionbench,GPQ,VD_math_4_0_q0,MiC,Gemma-4,0.0,0.0,VD,Gemma-4|Pixtral|Qwen3.5,1
hallusionbench,GPQ,VD_math_4_1_q1,MiC,Pixtral,0.0,0.0,VD,Gemma-4|Pixtral|Qwen3.5,3
hallusionbench,GPQ,VD_math_5_0_q1,MiC,Pixtral,0.0,0.16666666666666666,VD,Gemma-4|Pixtral|Qwen3.5,3
hallusionbench,GPQ,VD_math_5_0_q2,MiC,Pixtral,0.0,0.16666666666666666,VD,Gemma-4|Pixtral|Qwen3.5,3
hallusionbench,GPQ,VD_math_5_1_q0,MiC,Pixtral,0.0,1.0,VD,Gemma-4|Pixtral|Qwen3.5,3
hallusionbench,GPQ,VD_math_5_1_q2,MiC,Qwen3.5,1.0,0.25,VD,Gemma-4|Pixtral|Qwen3.5,2
hallusionbench,GPQ,VD_math_7_1_q0,MiC,Pixtral,0.0,0.5833333333333334,VD,Gemma-4|Pixtral|Qwen3.5,3
hallusionbench,GPQ,VD_math_7_1_q2,MiC,Pixtral,0.0,0.3333333333333333,VD,Gemma-4|Pixtral|Qwen3.5,3
hallusionbench,GPQ,VD_math_8_1_q0,MiC,Gemma-4,1.0,0.5,VD,Gemma-4|Pixtral|Qwen3.5,1
hallusionbench,GPQ,VD_math_9_1_q0,MiC,Pixtral,0.0,0.5,VD,Gemma-4|Pixtral|Qwen3.5,3
hallusionbench,GPQ,VD_ocr_18_0_q1,MiC,Gemma-4,0.0,0.0,VD,Gemma-4|Pixtral|Qwen3.5,1
hallusionbench,GPQ,VD_ocr_19_0_q1,MiC,Qwen3.5,1.0,0.0,VD,Gemma-4|Pixtral|Qwen3.5,2
hallusionbench,GPQ,VD_ocr_3_2_q2,MiC,Pixtral,0.0,0.0,VD,Gemma-4|Pixtral|Qwen3.5,3
hallusionbench,GPQ,VS_chart_10_2_q3,MiC,Pixtral,0.0,0.8333333333333333,VS,Gemma-4|Pixtral|Qwen3.5,3
hallusionbench,GPQ,VS_chart_14_1_q1,MiC,Qwen3.5,1.0,1.0,VS,Gemma-4|Pixtral|Qwen3.5,2
hallusionbench,GPQ,VS_chart_20_2_q0,MiC,Gemma-4,0.0,1.0,VS,Gemma-4|Pixtral|Qwen3.5,1
hallusionbench,GPQ,VS_chart_5_2_q2,MiC,Gemma-4,0.0,0.5,VS,Gemma-4|Pixtral|Qwen3.5,1
hallusionbench,GPQ,VS_chart_6_1_q0,MiC,Pixtral,0.0,1.0,VS,Gemma-4|Pixtral|Qwen3.5,3
hallusionbench,GPQ,VS_chart_9_1_q1,MiC,Qwen3.5,1.0,1.0,VS,Gemma-4|Pixtral|Qwen3.5,2
hallusionbench,GPQ,VS_chart_9_2_q1,MiC,Qwen3.5,1.0,0.9166666666666667,VS,Gemma-4|Pixtral|Qwen3.5,2
hallusionbench,GPQ,VS_chart_9_2_q3,MiC,Pixtral,0.0,0.0,VS,Gemma-4|Pixtral|Qwen3.5,3
hallusionbench,GPQ,VS_map_0_2_q1,MiC,Gemma-4,0.0,0.5,VS,Gemma-4|Pixtral|Qwen3.5,1
hallusionbench,GPQ,VS_map_0_2_q3,MiC,Gemma-4,0.0,0.0,VS,Gemma-4|Pixtral|Qwen3.5,1
hallusionbench,GPQ,VS_map_1_2_q1,MiC,Gemma-4,1.0,0.0,VS,Gemma-4|Pixtral|Qwen3.5,1
hallusionbench,GPQ,VS_map_1_2_q2,MiC,Qwen3.5,1.0,1.0,VS,Gemma-4|Pixtral|Qwen3.5,2
hallusionbench,GPQ,VS_map_2_2_q1,MiC,Pixtral,0.0,0.5,VS,Gemma-4|Pixtral|Qwen3.5,3
hallusionbench,GPQ,VS_map_3_2_q0,MiC,Gemma-4,1.0,0.4166666666666667,VS,Gemma-4|Pixtral|Qwen3.5,1
hallusionbench,GPQ,VS_map_3_2_q1,MiC,Gemma-4,1.0,0.5,VS,Gemma-4|Pixtral|Qwen3.5,1
hallusionbench,GPQ,VS_map_4_2_q0,MiC,Gemma-4,1.0,0.0,VS,Gemma-4|Pixtral|Qwen3.5,1
hallusionbench,GPQ,VS_map_4_2_q1,MiC,Gemma-4,1.0,0.0,VS,Gemma-4|Pixtral|Qwen3.5,1
hallusionbench,GPQ,VS_map_4_2_q3,MiC,Gemma-4,1.0,0.0,VS,Gemma-4|Pixtral|Qwen3.5,1
hallusionbench,GPQ,VS_map_7_2_q0,MiC,Gemma-4,1.0,0.5,VS,Gemma-4|Pixtral|Qwen3.5,1
hallusionbench,GPQ,VS_map_7_2_q1,MiC,Gemma-4,0.0,0.08333333333333333,VS,Gemma-4|Pixtral|Qwen3.5,1
hallusionbench,GPQ,VS_ocr_10_2_q0,MiC,Qwen3.5,1.0,0.0,VS,Gemma-4|Pixtral|Qwen3.5,2
hallusionbench,GPQ,VS_ocr_12_2_q1,MiC,Pixtral,0.0,0.5,VS,Gemma-4|Pixtral|Qwen3.5,3
hallusionbench,GPQ,VS_ocr_1_2_q0,MiC,Gemma-4,1.0,0.5,VS,Gemma-4|Pixtral|Qwen3.5,1
hallusionbench,GPQ,VS_ocr_3_2_q1,MiC,Gemma-4,1.0,0.0,VS,Gemma-4|Pixtral|Qwen3.5,1
hallusionbench,GPQ,VS_ocr_5_2_q1,MiC,Gemma-4,1.0,0.0,VS,Gemma-4|Pixtral|Qwen3.5,1
hallusionbench,GPQ,VS_table_10_2_q2,MiC,Qwen3.5,0.0,0.0,VS,Gemma-4|Pixtral|Qwen3.5,2
hallusionbench,GPQ,VS_table_1_2_q0,MiC,Pixtral,0.0,0.6666666666666666,VS,Gemma-4|Pixtral|Qwen3.5,3
hallusionbench,GPQ,VS_table_1_2_q2,MiC,Pixtral,0.0,0.3333333333333333,VS,Gemma-4|Pixtral|Qwen3.5,3
hallusionbench,GPQ,VS_table_4_2_q1,MiC,Gemma-4,1.0,0.5,VS,Gemma-4|Pixtral|Qwen3.5,1
hallusionbench,GPQ,VS_table_5_1_q0,MiC,Pixtral,0.0,1.0,VS,Gemma-4|Pixtral|Qwen3.5,3
hallusionbench,GPQ,VS_table_5_2_q0,MiC,Pixtral,1.0,1.0,VS,Gemma-4|Pixtral|Qwen3.5,3
hallusionbench,ILP,VD_figure_0_1_q0,MiC,Llama-3.2,0.0,1.0,VD,InternVL|Llama-3.2|Pixtral,3
hallusionbench,ILP,VD_figure_11_0_q0,MiC,Pixtral,0.0,1.0,VD,InternVL|Llama-3.2|Pixtral,2
hallusionbench,ILP,VD_figure_12_1_q0,MiC,InternVL,1.0,1.0,VD,InternVL|Llama-3.2|Pixtral,1
hallusionbench,ILP,VD_figure_13_1_q1,MiC,Llama-3.2,0.0,0.4166666666666667,VD,InternVL|Llama-3.2|Pixtral,3
hallusionbench,ILP,VD_figure_14_1_q0,MiC,InternVL,0.0,1.0,VD,InternVL|Llama-3.2|Pixtral,1
hallusionbench,ILP,VD_figure_14_1_q1,MiC,Llama-3.2,0.0,1.0,VD,InternVL|Llama-3.2|Pixtral,3
hallusionbench,ILP,VD_figure_15_1_q1,MiC,Llama-3.2,0.0,0.0,VD,InternVL|Llama-3.2|Pixtral,3
hallusionbench,ILP,VD_figure_16_0_q0,MiC,InternVL,0.0,0.5,VD,InternVL|Llama-3.2|Pixtral,1
hallusionbench,ILP,VD_figure_16_1_q1,MiC,Llama-3.2,0.0,1.0,VD,InternVL|Llama-3.2|Pixtral,3
hallusionbench,ILP,VD_figure_19_1_q1,MiC,Llama-3.2,0.0,1.0,VD,InternVL|Llama-3.2|Pixtral,3
hallusionbench,ILP,VD_figure_1_0_q1,MiC,Pixtral,1.0,0.5,VD,InternVL|Llama-3.2|Pixtral,2
hallusionbench,ILP,VD_figure_1_1_q1,MiC,Llama-3.2,0.0,0.5833333333333334,VD,InternVL|Llama-3.2|Pixtral,3
hallusionbench,ILP,VD_figure_4_0_q1,MiC,Llama-3.2,0.0,0.0,VD,InternVL|Llama-3.2|Pixtral,3
hallusionbench,ILP,VD_figure_4_1_q0,MiC,InternVL,1.0,1.0,VD,InternVL|Llama-3.2|Pixtral,1
hallusionbench,ILP,VD_figure_5_0_q0,MiC,Pixtral,0.0,0.5,VD,InternVL|Llama-3.2|Pixtral,2
hallusionbench,ILP,VD_figure_6_1_q0,MiC,Llama-3.2,1.0,0.5,VD,InternVL|Llama-3.2|Pixtral,3
hallusionbench,ILP,VD_figure_6_1_q1,MiC,Llama-3.2,0.0,0.0,VD,InternVL|Llama-3.2|Pixtral,3
hallusionbench,ILP,VD_figure_7_0_q0,MiC,Pixtral,0.0,1.0,VD,InternVL|Llama-3.2|Pixtral,2
hallusionbench,ILP,VD_figure_7_0_q1,MiC,Pixtral,1.0,1.0,VD,InternVL|Llama-3.2|Pixtral,2
hallusionbench,ILP,VD_figure_7_1_q1,MiC,Llama-3.2,0.0,0.0,VD,InternVL|Llama-3.2|Pixtral,3
hallusionbench,ILP,VD_figure_8_0_q0,MiC,Pixtral,0.0,0.5833333333333334,VD,InternVL|Llama-3.2|Pixtral,2
hallusionbench,ILP,VD_illusion_0_0_q2,MiC,InternVL,1.0,0.0,VD,InternVL|Llama-3.2|Pixtral,1
hallusionbench,ILP,VD_illusion_10_0_q0,MiC,Pixtral,1.0,0.5,VD,InternVL|Llama-3.2|Pixtral,2
hallusionbench,ILP,VD_illusion_10_1_q1,MiC,Pixtral,0.0,1.0,VD,InternVL|Llama-3.2|Pixtral,2
hallusionbench,ILP,VD_illusion_11_0_q2,MiC,InternVL,0.0,0.0,VD,InternVL|Llama-3.2|Pixtral,1
hallusionbench,ILP,VD_illusion_11_1_q2,MiC,InternVL,0.0,0.5,VD,InternVL|Llama-3.2|Pixtral,1
hallusionbench,ILP,VD_illusion_14_0_q2,MiC,Llama-3.2,0.0,0.0,VD,InternVL|Llama-3.2|Pixtral,3
hallusionbench,ILP,VD_illusion_14_0_q3,MiC,Llama-3.2,1.0,0.0,VD,InternVL|Llama-3.2|Pixtral,3
hallusionbench,ILP,VD_illusion_15_1_q0,MiC,InternVL,0.0,1.0,VD,InternVL|Llama-3.2|Pixtral,1
hallusionbench,ILP,VD_illusion_16_1_q1,MiC,Pixtral,1.0,0.9166666666666667,VD,InternVL|Llama-3.2|Pixtral,2
hallusionbench,ILP,VD_illusion_17_0_q1,MiC,InternVL,0.0,0.41666666666666663,VD,InternVL|Llama-3.2|Pixtral,1
hallusionbench,ILP,VD_illusion_17_1_q0,MiC,Llama-3.2,0.0,1.0,VD,InternVL|Llama-3.2|Pixtral,3
hallusionbench,ILP,VD_illusion_18_0_q0,MiC,Pixtral,1.0,0.5,VD,InternVL|Llama-3.2|Pixtral,2
hallusionbench,ILP,VD_illusion_18_1_q0,MiC,Llama-3.2,0.0,0.4166666666666667,VD,InternVL|Llama-3.2|Pixtral,3
hallusionbench,ILP,VD_illusion_18_1_q1,MiC,Llama-3.2,0.0,0.41666666666666663,VD,InternVL|Llama-3.2|Pixtral,3
hallusionbench,ILP,VD_illusion_19_0_q0,MiC,Llama-3.2,0.0,0.0,VD,InternVL|Llama-3.2|Pixtral,3
hallusionbench,ILP,VD_illusion_19_0_q1,MiC,InternVL,1.0,0.9166666666666667,VD,InternVL|Llama-3.2|Pixtral,1
hallusionbench,ILP,VD_illusion_19_0_q3,MiC,Llama-3.2,0.0,1.0,VD,InternVL|Llama-3.2|Pixtral,3
hallusionbench,ILP,VD_illusion_19_1_q3,MiC,Pixtral,0.0,0.16666666666666666,VD,InternVL|Llama-3.2|Pixtral,2
hallusionbench,ILP,VD_illusion_1_0_q1,MiC,InternVL,0.0,1.0,VD,InternVL|Llama-3.2|Pixtral,1
hallusionbench,ILP,VD_illusion_20_0_q0,MiC,Llama-3.2,0.0,1.0,VD,InternVL|Llama-3.2|Pixtral,3
hallusionbench,ILP,VD_illusion_21_1_q1,MiC,Llama-3.2,0.0,0.0,VD,InternVL|Llama-3.2|Pixtral,3
hallusionbench,ILP,VD_illusion_21_1_q2,MiC,Llama-3.2,1.0,1.0,VD,InternVL|Llama-3.2|Pixtral,3
hallusionbench,ILP,VD_illusion_23_0_q0,MiC,InternVL,0.0,0.08333333333333333,VD,InternVL|Llama-3.2|Pixtral,1
hallusionbench,ILP,VD_illusion_23_1_q1,MiC,Pixtral,1.0,0.9166666666666667,VD,InternVL|Llama-3.2|Pixtral,2
hallusionbench,ILP,VD_illusion_27_0_q0,MiC,Pixtral,1.0,0.9166666666666667,VD,InternVL|Llama-3.2|Pixtral,2
hallusionbench,ILP,VD_illusion_27_0_q1,MiC,InternVL,0.0,0.5833333333333333,VD,InternVL|Llama-3.2|Pixtral,1
hallusionbench,ILP,VD_illusion_27_1_q1,MiC,Llama-3.2,0.0,0.9166666666666667,VD,InternVL|Llama-3.2|Pixtral,3
hallusionbench,ILP,VD_illusion_27_1_q2,MiC,InternVL,0.0,1.0,VD,InternVL|Llama-3.2|Pixtral,1
hallusionbench,ILP,VD_illusion_28_0_q0,MiC,Pixtral,1.0,0.5,VD,InternVL|Llama-3.2|Pixtral,2
hallusionbench,ILP,VD_illusion_28_0_q1,MiC,InternVL,0.0,0.75,VD,InternVL|Llama-3.2|Pixtral,1
hallusionbench,ILP,VD_illusion_28_1_q0,MiC,InternVL,0.0,0.5,VD,InternVL|Llama-3.2|Pixtral,1
hallusionbench,ILP,VD_illusion_29_0_q0,MiC,Llama-3.2,0.0,0.0,VD,InternVL|Llama-3.2|Pixtral,3
hallusionbench,ILP,VD_illusion_2_0_q2,MiC,Pixtral,1.0,1.0,VD,InternVL|Llama-3.2|Pixtral,2
hallusionbench,ILP,VD_illusion_2_1_q0,MiC,Llama-3.2,0.0,0.8333333333333333,VD,InternVL|Llama-3.2|Pixtral,3
hallusionbench,ILP,VD_illusion_2_1_q2,MiC,InternVL,0.0,1.0,VD,InternVL|Llama-3.2|Pixtral,1
hallusionbench,ILP,VD_illusion_4_1_q0,MiC,Pixtral,1.0,1.0,VD,InternVL|Llama-3.2|Pixtral,2
hallusionbench,ILP,VD_illusion_5_1_q1,MiC,Pixtral,0.0,0.3333333333333333,VD,InternVL|Llama-3.2|Pixtral,2
hallusionbench,ILP,VD_illusion_6_1_q0,MiC,Pixtral,0.0,0.0,VD,InternVL|Llama-3.2|Pixtral,2
hallusionbench,ILP,VD_illusion_7_0_q0,MiC,Pixtral,1.0,0.5,VD,InternVL|Llama-3.2|Pixtral,2
hallusionbench,ILP,VD_illusion_7_0_q1,MiC,InternVL,1.0,0.8333333333333333,VD,InternVL|Llama-3.2|Pixtral,1
hallusionbench,ILP,VD_illusion_7_1_q0,MiC,InternVL,0.0,0.5,VD,InternVL|Llama-3.2|Pixtral,1
hallusionbench,ILP,VD_illusion_7_1_q1,MiC,Pixtral,0.0,0.5833333333333334,VD,InternVL|Llama-3.2|Pixtral,2
hallusionbench,ILP,VD_illusion_8_0_q2,MiC,InternVL,0.0,0.0,VD,InternVL|Llama-3.2|Pixtral,1
hallusionbench,ILP,VD_illusion_8_1_q2,MiC,Pixtral,1.0,1.0,VD,InternVL|Llama-3.2|Pixtral,2
hallusionbench,ILP,VD_illusion_9_1_q1,MiC,InternVL,0.0,1.0,VD,InternVL|Llama-3.2|Pixtral,1
hallusionbench,ILP,VD_math_0_1_q1,MiC,Llama-3.2,0.0,0.5,VD,InternVL|Llama-3.2|Pixtral,3
hallusionbench,ILP,VD_math_11_0_q2,MiC,InternVL,0.0,0.6666666666666667,VD,InternVL|Llama-3.2|Pixtral,1
hallusionbench,ILP,VD_math_11_1_q0,MiC,InternVL,1.0,1.0,VD,InternVL|Llama-3.2|Pixtral,1
hallusionbench,ILP,VD_math_11_1_q2,MiC,InternVL,0.0,1.0,VD,InternVL|Llama-3.2|Pixtral,1
hallusionbench,ILP,VD_math_12_0_q1,MiC,InternVL,1.0,1.0,VD,InternVL|Llama-3.2|Pixtral,1
hallusionbench,ILP,VD_math_12_1_q0,MiC,Pixtral,0.0,0.0,VD,InternVL|Llama-3.2|Pixtral,2
hallusionbench,ILP,VD_math_12_1_q2,MiC,Pixtral,0.0,1.0,VD,InternVL|Llama-3.2|Pixtral,2
hallusionbench,ILP,VD_math_13_0_q0,MiC,InternVL,0.0,1.0,VD,InternVL|Llama-3.2|Pixtral,1
hallusionbench,ILP,VD_math_15_0_q0,MiC,Pixtral,1.0,1.0,VD,InternVL|Llama-3.2|Pixtral,2
hallusionbench,ILP,VD_math_15_1_q0,MiC,Pixtral,1.0,0.75,VD,InternVL|Llama-3.2|Pixtral,2
hallusionbench,ILP,VD_math_16_0_q2,MiC,InternVL,0.0,1.0,VD,InternVL|Llama-3.2|Pixtral,1
hallusionbench,ILP,VD_math_16_1_q0,MiC,InternVL,0.0,0.5,VD,InternVL|Llama-3.2|Pixtral,1
hallusionbench,ILP,VD_math_16_1_q2,MiC,InternVL,0.0,0.8333333333333333,VD,InternVL|Llama-3.2|Pixtral,1
hallusionbench,ILP,VD_math_17_1_q1,MiC,InternVL,0.0,0.5,VD,InternVL|Llama-3.2|Pixtral,1
hallusionbench,ILP,VD_math_17_1_q2,MiC,InternVL,1.0,0.9166666666666667,VD,InternVL|Llama-3.2|Pixtral,1
hallusionbench,ILP,VD_math_3_1_q0,MiC,Llama-3.2,0.0,0.0,VD,InternVL|Llama-3.2|Pixtral,3
hallusionbench,ILP,VD_math_4_0_q2,MiC,InternVL,0.0,0.25,VD,InternVL|Llama-3.2|Pixtral,1
hallusionbench,ILP,VD_math_5_0_q1,MiC,Pixtral,0.0,0.0,VD,InternVL|Llama-3.2|Pixtral,2
hallusionbench,ILP,VD_math_5_1_q2,MiC,Pixtral,0.0,0.6666666666666666,VD,InternVL|Llama-3.2|Pixtral,2
hallusionbench,ILP,VD_math_7_0_q1,MiC,InternVL,1.0,1.0,VD,InternVL|Llama-3.2|Pixtral,1
hallusionbench,ILP,VD_math_9_0_q1,MiC,InternVL,0.0,1.0,VD,InternVL|Llama-3.2|Pixtral,1
hallusionbench,ILP,VD_math_9_1_q1,MiC,Llama-3.2,0.0,0.0,VD,InternVL|Llama-3.2|Pixtral,3
hallusionbench,ILP,VD_ocr_0_0_q1,MiC,InternVL,0.0,1.0,VD,InternVL|Llama-3.2|Pixtral,1
hallusionbench,ILP,VD_ocr_12_1_q0,MiC,Pixtral,0.0,1.0,VD,InternVL|Llama-3.2|Pixtral,2
hallusionbench,ILP,VD_ocr_14_1_q0,MiC,InternVL,1.0,0.0,VD,InternVL|Llama-3.2|Pixtral,1
hallusionbench,ILP,VD_ocr_18_1_q0,MiC,InternVL,0.0,1.0,VD,InternVL|Llama-3.2|Pixtral,1
hallusionbench,ILP,VD_ocr_20_0_q1,MiC,InternVL,0.0,0.9166666666666667,VD,InternVL|Llama-3.2|Pixtral,1
hallusionbench,ILP,VD_ocr_20_1_q0,MiC,InternVL,0.0,1.0,VD,InternVL|Llama-3.2|Pixtral,1
hallusionbench,ILP,VD_ocr_3_1_q0,MiC,InternVL,0.0,0.0,VD,InternVL|Llama-3.2|Pixtral,1
hallusionbench,ILP,VD_ocr_3_1_q1,MiC,Llama-3.2,0.0,0.0,VD,InternVL|Llama-3.2|Pixtral,3
hallusionbench,ILP,VD_ocr_3_2_q2,MiC,Pixtral,1.0,0.0,VD,InternVL|Llama-3.2|Pixtral,2
hallusionbench,ILP,VD_ocr_7_0_q1,MiC,InternVL,1.0,1.0,VD,InternVL|Llama-3.2|Pixtral,1
hallusionbench,ILP,VS_chart_0_1_q0,MiC,Llama-3.2,0.0,1.0,VS,InternVL|Llama-3.2|Pixtral,3
hallusionbench,ILP,VS_chart_10_2_q2,MiC,InternVL,1.0,1.0,VS,InternVL|Llama-3.2|Pixtral,1
hallusionbench,ILP,VS_chart_12_2_q0,MiC,Llama-3.2,0.0,1.0,VS,InternVL|Llama-3.2|Pixtral,3
hallusionbench,ILP,VS_chart_1_1_q2,MiC,Llama-3.2,0.0,1.0,VS,InternVL|Llama-3.2|Pixtral,3
hallusionbench,ILP,VS_chart_1_1_q3,MiC,InternVL,1.0,1.0,VS,InternVL|Llama-3.2|Pixtral,1
hallusionbench,ILP,VS_chart_20_2_q1,MiC,Pixtral,1.0,0.9166666666666667,VS,InternVL|Llama-3.2|Pixtral,2
hallusionbench,ILP,VS_chart_2_1_q6,MiC,InternVL,1.0,1.0,VS,InternVL|Llama-3.2|Pixtral,1
hallusionbench,ILP,VS_chart_3_1_q1,MiC,InternVL,0.0,1.0,VS,InternVL|Llama-3.2|Pixtral,1
hallusionbench,ILP,VS_chart_3_2_q2,MiC,Pixtral,1.0,1.0,VS,InternVL|Llama-3.2|Pixtral,2
hallusionbench,ILP,VS_chart_5_1_q2,MiC,InternVL,0.0,1.0,VS,InternVL|Llama-3.2|Pixtral,1
hallusionbench,ILP,VS_chart_5_1_q3,MiC,InternVL,0.0,1.0,VS,InternVL|Llama-3.2|Pixtral,1
hallusionbench,ILP,VS_chart_5_2_q2,MiC,Llama-3.2,0.0,0.8333333333333333,VS,InternVL|Llama-3.2|Pixtral,3
hallusionbench,ILP,VS_chart_6_2_q0,MiC,Pixtral,0.0,1.0,VS,InternVL|Llama-3.2|Pixtral,2
hallusionbench,ILP,VS_chart_7_2_q0,MiC,InternVL,0.0,1.0,VS,InternVL|Llama-3.2|Pixtral,1
hallusionbench,ILP,VS_chart_7_2_q1,MiC,Pixtral,0.0,1.0,VS,InternVL|Llama-3.2|Pixtral,2
hallusionbench,ILP,VS_chart_9_2_q0,MiC,InternVL,0.0,0.8333333333333333,VS,InternVL|Llama-3.2|Pixtral,1
hallusionbench,ILP,VS_chart_9_2_q3,MiC,Pixtral,1.0,0.25,VS,InternVL|Llama-3.2|Pixtral,2
hallusionbench,ILP,VS_map_0_2_q1,MiC,InternVL,0.0,0.5,VS,InternVL|Llama-3.2|Pixtral,1
hallusionbench,ILP,VS_map_10_1_q0,MiC,Pixtral,1.0,1.0,VS,InternVL|Llama-3.2|Pixtral,2
hallusionbench,ILP,VS_map_3_2_q0,MiC,InternVL,0.0,0.5,VS,InternVL|Llama-3.2|Pixtral,1
hallusionbench,ILP,VS_map_3_2_q1,MiC,InternVL,1.0,0.5,VS,InternVL|Llama-3.2|Pixtral,1
hallusionbench,ILP,VS_map_4_2_q0,MiC,Pixtral,0.0,0.5,VS,InternVL|Llama-3.2|Pixtral,2
hallusionbench,ILP,VS_map_6_2_q2,MiC,Pixtral,1.0,0.8333333333333333,VS,InternVL|Llama-3.2|Pixtral,2
hallusionbench,ILP,VS_map_7_2_q0,MiC,Llama-3.2,0.0,0.16666666666666666,VS,InternVL|Llama-3.2|Pixtral,3
hallusionbench,ILP,VS_map_9_2_q0,MiC,Llama-3.2,0.0,0.0,VS,InternVL|Llama-3.2|Pixtral,3
hallusionbench,ILP,VS_ocr_11_2_q0,MiC,Llama-3.2,0.0,1.0,VS,InternVL|Llama-3.2|Pixtral,3
hallusionbench,ILP,VS_ocr_12_2_q1,MiC,Llama-3.2,0.0,0.3333333333333333,VS,InternVL|Llama-3.2|Pixtral,3
hallusionbench,ILP,VS_ocr_1_2_q0,MiC,InternVL,0.0,0.4166666666666667,VS,InternVL|Llama-3.2|Pixtral,1
hallusionbench,ILP,VS_ocr_2_1_q1,MiC,InternVL,0.0,1.0,VS,InternVL|Llama-3.2|Pixtral,1
hallusionbench,ILP,VS_ocr_2_2_q1,MiC,Pixtral,1.0,1.0,VS,InternVL|Llama-3.2|Pixtral,2
hallusionbench,ILP,VS_ocr_3_2_q1,MiC,Pixtral,0.0,0.5833333333333334,VS,InternVL|Llama-3.2|Pixtral,2
hallusionbench,ILP,VS_ocr_5_2_q1,MiC,Pixtral,0.0,0.5,VS,InternVL|Llama-3.2|Pixtral,2
hallusionbench,ILP,VS_ocr_6_2_q0,MiC,Llama-3.2,1.0,1.0,VS,InternVL|Llama-3.2|Pixtral,3
hallusionbench,ILP,VS_ocr_8_1_q1,MiC,InternVL,0.0,1.0,VS,InternVL|Llama-3.2|Pixtral,1
hallusionbench,ILP,VS_ocr_8_2_q0,MiC,Llama-3.2,0.0,1.0,VS,InternVL|Llama-3.2|Pixtral,3
hallusionbench,ILP,VS_ocr_8_2_q1,MiC,Llama-3.2,0.0,0.5,VS,InternVL|Llama-3.2|Pixtral,3
hallusionbench,ILP,VS_table_10_2_q1,MiC,Pixtral,0.0,1.0,VS,InternVL|Llama-3.2|Pixtral,2
hallusionbench,ILP,VS_table_10_2_q2,MiC,Pixtral,0.0,0.4166666666666667,VS,InternVL|Llama-3.2|Pixtral,2
hallusionbench,ILP,VS_table_1_1_q2,MiC,Pixtral,0.0,0.6666666666666666,VS,InternVL|Llama-3.2|Pixtral,2
hallusionbench,ILP,VS_table_3_2_q0,MiC,Pixtral,0.0,1.0,VS,InternVL|Llama-3.2|Pixtral,2
hallusionbench,ILP,VS_table_3_2_q2,MiC,InternVL,0.0,1.0,VS,InternVL|Llama-3.2|Pixtral,1
hallusionbench,ILP,VS_table_4_2_q1,MiC,InternVL,0.0,0.5,VS,InternVL|Llama-3.2|Pixtral,1
hallusionbench,ILP,VS_table_5_3_q2,MiC,InternVL,0.0,1.0,VS,InternVL|Llama-3.2|Pixtral,1
hallusionbench,ILP,VS_table_6_2_q3,MiC,InternVL,0.0,1.0,VS,InternVL|Llama-3.2|Pixtral,1
hallusionbench,ILP,VS_table_6_3_q0,MiC,Llama-3.2,0.0,1.0,VS,InternVL|Llama-3.2|Pixtral,3
hallusionbench,ILP,VS_table_6_3_q3,MiC,Pixtral,1.0,1.0,VS,InternVL|Llama-3.2|Pixtral,2
hallusionbench,ILP,VS_table_9_2_q3,MiC,Pixtral,1.0,1.0,VS,InternVL|Llama-3.2|Pixtral,2
hallusionbench,ILQ,VD_figure_10_0_q0,MiC,Qwen3.5,1.0,0.5,VD,InternVL|Llama-3.2|Qwen3.5,1
hallusionbench,ILQ,VD_figure_10_1_q1,MiC,Qwen3.5,1.0,0.5,VD,InternVL|Llama-3.2|Qwen3.5,1
hallusionbench,ILQ,VD_figure_11_0_q0,MiC,Qwen3.5,1.0,1.0,VD,InternVL|Llama-3.2|Qwen3.5,1
hallusionbench,ILQ,VD_figure_15_1_q1,MiC,Llama-3.2,0.0,0.0,VD,InternVL|Llama-3.2|Qwen3.5,3
hallusionbench,ILQ,VD_figure_18_1_q0,MiC,InternVL,0.0,1.0,VD,InternVL|Llama-3.2|Qwen3.5,2
hallusionbench,ILQ,VD_figure_1_0_q1,MiC,Qwen3.5,1.0,0.5,VD,InternVL|Llama-3.2|Qwen3.5,1
hallusionbench,ILQ,VD_figure_3_0_q1,MiC,InternVL,0.0,0.5,VD,InternVL|Llama-3.2|Qwen3.5,2
hallusionbench,ILQ,VD_figure_3_1_q0,MiC,Qwen3.5,1.0,0.5,VD,InternVL|Llama-3.2|Qwen3.5,1
hallusionbench,ILQ,VD_figure_4_0_q1,MiC,Llama-3.2,0.0,0.0,VD,InternVL|Llama-3.2|Qwen3.5,3
hallusionbench,ILQ,VD_figure_6_0_q0,MiC,Qwen3.5,0.0,0.8333333333333333,VD,InternVL|Llama-3.2|Qwen3.5,1
hallusionbench,ILQ,VD_figure_6_1_q1,MiC,Llama-3.2,0.0,0.0,VD,InternVL|Llama-3.2|Qwen3.5,3
hallusionbench,ILQ,VD_figure_7_0_q1,MiC,Qwen3.5,1.0,1.0,VD,InternVL|Llama-3.2|Qwen3.5,1
hallusionbench,ILQ,VD_figure_7_1_q1,MiC,Llama-3.2,0.0,0.0,VD,InternVL|Llama-3.2|Qwen3.5,3
hallusionbench,ILQ,VD_figure_8_0_q0,MiC,Qwen3.5,0.0,0.5833333333333334,VD,InternVL|Llama-3.2|Qwen3.5,1
hallusionbench,ILQ,VD_figure_9_1_q1,MiC,InternVL,1.0,1.0,VD,InternVL|Llama-3.2|Qwen3.5,2
hallusionbench,ILQ,VD_illusion_0_0_q2,MiC,InternVL,0.0,0.16666666666666666,VD,InternVL|Llama-3.2|Qwen3.5,2
hallusionbench,ILQ,VD_illusion_10_0_q0,MiC,Qwen3.5,1.0,0.5,VD,InternVL|Llama-3.2|Qwen3.5,1
hallusionbench,ILQ,VD_illusion_10_1_q1,MiC,Qwen3.5,1.0,1.0,VD,InternVL|Llama-3.2|Qwen3.5,1
hallusionbench,ILQ,VD_illusion_11_0_q2,MiC,InternVL,0.0,0.0,VD,InternVL|Llama-3.2|Qwen3.5,2
hallusionbench,ILQ,VD_illusion_12_1_q0,MiC,Qwen3.5,1.0,0.0,VD,InternVL|Llama-3.2|Qwen3.5,1
hallusionbench,ILQ,VD_illusion_14_0_q0,MiC,Llama-3.2,0.0,1.0,VD,InternVL|Llama-3.2|Qwen3.5,3
hallusionbench,ILQ,VD_illusion_14_0_q2,MiC,Llama-3.2,0.0,0.0,VD,InternVL|Llama-3.2|Qwen3.5,3
hallusionbench,ILQ,VD_illusion_14_0_q3,MiC,Llama-3.2,0.0,0.0,VD,InternVL|Llama-3.2|Qwen3.5,3
hallusionbench,ILQ,VD_illusion_14_1_q1,MiC,Qwen3.5,1.0,0.0,VD,InternVL|Llama-3.2|Qwen3.5,1
hallusionbench,ILQ,VD_illusion_17_0_q1,MiC,InternVL,0.0,0.08333333333333333,VD,InternVL|Llama-3.2|Qwen3.5,2
hallusionbench,ILQ,VD_illusion_17_1_q1,MiC,Llama-3.2,0.0,1.0,VD,InternVL|Llama-3.2|Qwen3.5,3
hallusionbench,ILQ,VD_illusion_18_0_q0,MiC,Qwen3.5,1.0,0.5,VD,InternVL|Llama-3.2|Qwen3.5,1
hallusionbench,ILQ,VD_illusion_18_1_q0,MiC,Llama-3.2,0.0,0.4166666666666667,VD,InternVL|Llama-3.2|Qwen3.5,3
hallusionbench,ILQ,VD_illusion_18_1_q1,MiC,Llama-3.2,0.0,0.3333333333333333,VD,InternVL|Llama-3.2|Qwen3.5,3
hallusionbench,ILQ,VD_illusion_19_0_q0,MiC,Llama-3.2,0.0,0.0,VD,InternVL|Llama-3.2|Qwen3.5,3
hallusionbench,ILQ,VD_illusion_19_0_q2,MiC,InternVL,0.0,0.5,VD,InternVL|Llama-3.2|Qwen3.5,2
hallusionbench,ILQ,VD_illusion_19_1_q3,MiC,InternVL,0.0,0.5,VD,InternVL|Llama-3.2|Qwen3.5,2
hallusionbench,ILQ,VD_illusion_1_0_q0,MiC,InternVL,0.0,0.5,VD,InternVL|Llama-3.2|Qwen3.5,2
hallusionbench,ILQ,VD_illusion_20_1_q0,MiC,InternVL,0.0,0.4166666666666667,VD,InternVL|Llama-3.2|Qwen3.5,2
hallusionbench,ILQ,VD_illusion_21_0_q0,MiC,Llama-3.2,0.0,0.5,VD,InternVL|Llama-3.2|Qwen3.5,3
hallusionbench,ILQ,VD_illusion_21_1_q1,MiC,Llama-3.2,0.0,0.0,VD,InternVL|Llama-3.2|Qwen3.5,3
hallusionbench,ILQ,VD_illusion_23_0_q0,MiC,InternVL,0.0,0.08333333333333333,VD,InternVL|Llama-3.2|Qwen3.5,2
hallusionbench,ILQ,VD_illusion_23_1_q1,MiC,Qwen3.5,1.0,0.9166666666666667,VD,InternVL|Llama-3.2|Qwen3.5,1
hallusionbench,ILQ,VD_illusion_26_0_q0,MiC,Qwen3.5,1.0,0.6666666666666666,VD,InternVL|Llama-3.2|Qwen3.5,1
hallusionbench,ILQ,VD_illusion_27_0_q0,MiC,Qwen3.5,1.0,1.0,VD,InternVL|Llama-3.2|Qwen3.5,1
hallusionbench,ILQ,VD_illusion_27_0_q1,MiC,InternVL,1.0,0.3333333333333333,VD,InternVL|Llama-3.2|Qwen3.5,2
hallusionbench,ILQ,VD_illusion_29_0_q0,MiC,Llama-3.2,0.0,0.0,VD,InternVL|Llama-3.2|Qwen3.5,3
hallusionbench,ILQ,VD_illusion_29_0_q2,MiC,InternVL,0.0,0.4166666666666667,VD,InternVL|Llama-3.2|Qwen3.5,2
hallusionbench,ILQ,VD_illusion_2_0_q2,MiC,Qwen3.5,1.0,1.0,VD,InternVL|Llama-3.2|Qwen3.5,1
hallusionbench,ILQ,VD_illusion_30_0_q1,MiC,Qwen3.5,0.0,0.5,VD,InternVL|Llama-3.2|Qwen3.5,1
hallusionbench,ILQ,VD_illusion_3_0_q0,MiC,InternVL,0.0,0.08333333333333333,VD,InternVL|Llama-3.2|Qwen3.5,2
hallusionbench,ILQ,VD_illusion_3_1_q0,MiC,Llama-3.2,0.0,1.0,VD,InternVL|Llama-3.2|Qwen3.5,3
hallusionbench,ILQ,VD_illusion_3_1_q1,MiC,InternVL,1.0,0.9166666666666667,VD,InternVL|Llama-3.2|Qwen3.5,2
hallusionbench,ILQ,VD_illusion_4_1_q0,MiC,Qwen3.5,1.0,1.0,VD,InternVL|Llama-3.2|Qwen3.5,1
hallusionbench,ILQ,VD_illusion_5_0_q2,MiC,InternVL,0.0,0.75,VD,InternVL|Llama-3.2|Qwen3.5,2
hallusionbench,ILQ,VD_illusion_7_1_q1,MiC,Qwen3.5,1.0,0.5833333333333334,VD,InternVL|Llama-3.2|Qwen3.5,1
hallusionbench,ILQ,VD_illusion_8_0_q2,MiC,InternVL,0.0,0.3333333333333333,VD,InternVL|Llama-3.2|Qwen3.5,2
hallusionbench,ILQ,VD_illusion_8_1_q2,MiC,Qwen3.5,1.0,1.0,VD,InternVL|Llama-3.2|Qwen3.5,1
hallusionbench,ILQ,VD_math_0_1_q0,MiC,Qwen3.5,1.0,0.0,VD,InternVL|Llama-3.2|Qwen3.5,1
hallusionbench,ILQ,VD_math_0_1_q2,MiC,InternVL,0.0,1.0,VD,InternVL|Llama-3.2|Qwen3.5,2
hallusionbench,ILQ,VD_math_12_0_q2,MiC,Qwen3.5,1.0,0.5833333333333334,VD,InternVL|Llama-3.2|Qwen3.5,1
hallusionbench,ILQ,VD_math_12_1_q2,MiC,Qwen3.5,0.0,0.6666666666666666,VD,InternVL|Llama-3.2|Qwen3.5,1
hallusionbench,ILQ,VD_math_13_0_q0,MiC,Qwen3.5,0.0,0.5,VD,InternVL|Llama-3.2|Qwen3.5,1
hallusionbench,ILQ,VD_math_14_0_q1,MiC,InternVL,0.0,0.5833333333333334,VD,InternVL|Llama-3.2|Qwen3.5,2
hallusionbench,ILQ,VD_math_15_1_q1,MiC,InternVL,1.0,0.8333333333333333,VD,InternVL|Llama-3.2|Qwen3.5,2
hallusionbench,ILQ,VD_math_17_1_q1,MiC,Qwen3.5,0.0,0.25,VD,InternVL|Llama-3.2|Qwen3.5,1
hallusionbench,ILQ,VD_math_1_1_q0,MiC,Qwen3.5,1.0,0.16666666666666666,VD,InternVL|Llama-3.2|Qwen3.5,1
hallusionbench,ILQ,VD_math_1_1_q2,MiC,Qwen3.5,1.0,0.5,VD,InternVL|Llama-3.2|Qwen3.5,1
hallusionbench,ILQ,VD_math_3_1_q0,MiC,Llama-3.2,0.0,0.0,VD,InternVL|Llama-3.2|Qwen3.5,3
hallusionbench,ILQ,VD_math_4_1_q2,MiC,Qwen3.5,1.0,0.6666666666666666,VD,InternVL|Llama-3.2|Qwen3.5,1
hallusionbench,ILQ,VD_math_5_0_q2,MiC,Llama-3.2,0.0,0.5,VD,InternVL|Llama-3.2|Qwen3.5,3
hallusionbench,ILQ,VD_math_7_1_q0,MiC,InternVL,0.0,0.25,VD,InternVL|Llama-3.2|Qwen3.5,2
hallusionbench,ILQ,VD_math_7_1_q1,MiC,Qwen3.5,1.0,1.0,VD,InternVL|Llama-3.2|Qwen3.5,1
hallusionbench,ILQ,VD_math_7_1_q2,MiC,InternVL,0.0,0.3333333333333333,VD,InternVL|Llama-3.2|Qwen3.5,2
hallusionbench,ILQ,VD_math_9_1_q0,MiC,Llama-3.2,0.0,0.5,VD,InternVL|Llama-3.2|Qwen3.5,3
hallusionbench,ILQ,VD_math_9_1_q1,MiC,Llama-3.2,0.0,0.0,VD,InternVL|Llama-3.2|Qwen3.5,3
hallusionbench,ILQ,VD_ocr_14_1_q0,MiC,InternVL,0.0,0.08333333333333333,VD,InternVL|Llama-3.2|Qwen3.5,2
hallusionbench,ILQ,VD_ocr_14_1_q1,MiC,InternVL,1.0,0.5,VD,InternVL|Llama-3.2|Qwen3.5,2
hallusionbench,ILQ,VD_ocr_15_0_q1,MiC,Llama-3.2,0.0,1.0,VD,InternVL|Llama-3.2|Qwen3.5,3
hallusionbench,ILQ,VD_ocr_18_1_q0,MiC,Qwen3.5,1.0,0.5,VD,InternVL|Llama-3.2|Qwen3.5,1
hallusionbench,ILQ,VD_ocr_19_0_q1,MiC,Qwen3.5,1.0,0.08333333333333333,VD,InternVL|Llama-3.2|Qwen3.5,1
hallusionbench,ILQ,VD_ocr_20_0_q0,MiC,InternVL,0.0,1.0,VD,InternVL|Llama-3.2|Qwen3.5,2
hallusionbench,ILQ,VD_ocr_3_1_q1,MiC,Llama-3.2,0.0,0.0,VD,InternVL|Llama-3.2|Qwen3.5,3
hallusionbench,ILQ,VD_ocr_5_1_q0,MiC,InternVL,0.0,0.08333333333333333,VD,InternVL|Llama-3.2|Qwen3.5,2
hallusionbench,ILQ,VD_ocr_7_1_q1,MiC,Llama-3.2,0.0,1.0,VD,InternVL|Llama-3.2|Qwen3.5,3
hallusionbench,ILQ,VS_chart_0_1_q0,MiC,Qwen3.5,1.0,0.75,VS,InternVL|Llama-3.2|Qwen3.5,1
hallusionbench,ILQ,VS_chart_12_1_q0,MiC,Qwen3.5,1.0,0.5,VS,InternVL|Llama-3.2|Qwen3.5,1
hallusionbench,ILQ,VS_chart_12_2_q1,MiC,Qwen3.5,1.0,0.5,VS,InternVL|Llama-3.2|Qwen3.5,1
hallusionbench,ILQ,VS_chart_14_2_q0,MiC,Qwen3.5,1.0,0.5,VS,InternVL|Llama-3.2|Qwen3.5,1
hallusionbench,ILQ,VS_chart_19_2_q0,MiC,InternVL,0.0,0.5833333333333334,VS,InternVL|Llama-3.2|Qwen3.5,2
hallusionbench,ILQ,VS_chart_20_2_q1,MiC,Qwen3.5,1.0,0.9166666666666667,VS,InternVL|Llama-3.2|Qwen3.5,1
hallusionbench,ILQ,VS_chart_2_1_q0,MiC,Qwen3.5,1.0,0.9166666666666667,VS,InternVL|Llama-3.2|Qwen3.5,1
hallusionbench,ILQ,VS_chart_3_2_q2,MiC,Qwen3.5,1.0,1.0,VS,InternVL|Llama-3.2|Qwen3.5,1
hallusionbench,ILQ,VS_chart_5_2_q1,MiC,Qwen3.5,1.0,0.75,VS,InternVL|Llama-3.2|Qwen3.5,1
hallusionbench,ILQ,VS_chart_5_2_q2,MiC,Llama-3.2,0.0,0.5,VS,InternVL|Llama-3.2|Qwen3.5,3
hallusionbench,ILQ,VS_chart_6_2_q0,MiC,Qwen3.5,1.0,1.0,VS,InternVL|Llama-3.2|Qwen3.5,1
hallusionbench,ILQ,VS_chart_9_1_q0,MiC,Llama-3.2,0.0,1.0,VS,InternVL|Llama-3.2|Qwen3.5,3
hallusionbench,ILQ,VS_map_0_2_q1,MiC,InternVL,0.0,0.5,VS,InternVL|Llama-3.2|Qwen3.5,2
hallusionbench,ILQ,VS_map_10_1_q0,MiC,Qwen3.5,1.0,0.8333333333333333,VS,InternVL|Llama-3.2|Qwen3.5,1
hallusionbench,ILQ,VS_map_10_2_q0,MiC,InternVL,0.0,0.16666666666666666,VS,InternVL|Llama-3.2|Qwen3.5,2
hallusionbench,ILQ,VS_map_2_1_q1,MiC,Qwen3.5,1.0,0.5,VS,InternVL|Llama-3.2|Qwen3.5,1
hallusionbench,ILQ,VS_map_2_2_q1,MiC,InternVL,0.0,0.5,VS,InternVL|Llama-3.2|Qwen3.5,2
hallusionbench,ILQ,VS_map_3_2_q0,MiC,InternVL,0.0,0.5833333333333334,VS,InternVL|Llama-3.2|Qwen3.5,2
hallusionbench,ILQ,VS_map_3_2_q1,MiC,InternVL,1.0,0.5,VS,InternVL|Llama-3.2|Qwen3.5,2
hallusionbench,ILQ,VS_map_5_1_q0,MiC,Qwen3.5,1.0,0.5833333333333334,VS,InternVL|Llama-3.2|Qwen3.5,1
hallusionbench,ILQ,VS_map_6_1_q2,MiC,Qwen3.5,1.0,0.8333333333333333,VS,InternVL|Llama-3.2|Qwen3.5,1
hallusionbench,ILQ,VS_map_6_2_q2,MiC,Qwen3.5,0.0,0.8333333333333333,VS,InternVL|Llama-3.2|Qwen3.5,1
hallusionbench,ILQ,VS_map_7_2_q0,MiC,Llama-3.2,0.0,0.16666666666666666,VS,InternVL|Llama-3.2|Qwen3.5,3
hallusionbench,ILQ,VS_map_9_2_q0,MiC,Llama-3.2,0.0,0.0,VS,InternVL|Llama-3.2|Qwen3.5,3
hallusionbench,ILQ,VS_ocr_10_2_q0,MiC,Qwen3.5,1.0,0.0,VS,InternVL|Llama-3.2|Qwen3.5,1
hallusionbench,ILQ,VS_ocr_12_2_q1,MiC,Llama-3.2,0.0,0.75,VS,InternVL|Llama-3.2|Qwen3.5,3
hallusionbench,ILQ,VS_ocr_1_2_q0,MiC,InternVL,1.0,0.4166666666666667,VS,InternVL|Llama-3.2|Qwen3.5,2
hallusionbench,ILQ,VS_ocr_2_2_q1,MiC,Qwen3.5,1.0,1.0,VS,InternVL|Llama-3.2|Qwen3.5,1
hallusionbench,ILQ,VS_ocr_7_2_q0,MiC,Qwen3.5,1.0,0.5,VS,InternVL|Llama-3.2|Qwen3.5,1
hallusionbench,ILQ,VS_ocr_8_1_q0,MiC,InternVL,0.0,1.0,VS,InternVL|Llama-3.2|Qwen3.5,2
hallusionbench,ILQ,VS_ocr_8_2_q1,MiC,Llama-3.2,0.0,0.75,VS,InternVL|Llama-3.2|Qwen3.5,3
hallusionbench,ILQ,VS_table_1_1_q2,MiC,Qwen3.5,1.0,0.9166666666666667,VS,InternVL|Llama-3.2|Qwen3.5,1
hallusionbench,ILQ,VS_table_1_2_q2,MiC,Llama-3.2,0.0,0.08333333333333333,VS,InternVL|Llama-3.2|Qwen3.5,3
hallusionbench,ILQ,VS_table_3_2_q1,MiC,Qwen3.5,1.0,0.5,VS,InternVL|Llama-3.2|Qwen3.5,1
hallusionbench,ILQ,VS_table_4_2_q1,MiC,InternVL,0.0,0.5,VS,InternVL|Llama-3.2|Qwen3.5,2
hallusionbench,ILQ,VS_table_6_3_q3,MiC,Qwen3.5,1.0,1.0,VS,InternVL|Llama-3.2|Qwen3.5,1
hallusionbench,ILQ,VS_table_9_2_q2,MiC,Qwen3.5,1.0,1.0,VS,InternVL|Llama-3.2|Qwen3.5,1
hallusionbench,IPQ,VD_figure_0_1_q0,MiC,Qwen3.5,0.0,1.0,VD,InternVL|Pixtral|Qwen3.5,1
hallusionbench,IPQ,VD_figure_10_0_q0,MiC,Qwen3.5,1.0,0.5,VD,InternVL|Pixtral|Qwen3.5,1
hallusionbench,IPQ,VD_figure_10_1_q1,MiC,Qwen3.5,1.0,0.5,VD,InternVL|Pixtral|Qwen3.5,1
hallusionbench,IPQ,VD_figure_11_1_q0,MiC,InternVL,0.0,1.0,VD,InternVL|Pixtral|Qwen3.5,2
hallusionbench,IPQ,VD_figure_14_1_q1,MiC,Qwen3.5,1.0,1.0,VD,InternVL|Pixtral|Qwen3.5,1
hallusionbench,IPQ,VD_figure_16_0_q0,MiC,InternVL,1.0,0.8333333333333333,VD,InternVL|Pixtral|Qwen3.5,2
hallusionbench,IPQ,VD_figure_16_0_q1,MiC,InternVL,0.0,0.41666666666666663,VD,InternVL|Pixtral|Qwen3.5,2
hallusionbench,IPQ,VD_figure_16_1_q0,MiC,Qwen3.5,1.0,0.5,VD,InternVL|Pixtral|Qwen3.5,1
hallusionbench,IPQ,VD_figure_19_1_q1,MiC,Qwen3.5,1.0,1.0,VD,InternVL|Pixtral|Qwen3.5,1
hallusionbench,IPQ,VD_figure_3_1_q0,MiC,Qwen3.5,0.0,0.5,VD,InternVL|Pixtral|Qwen3.5,1
hallusionbench,IPQ,VD_figure_5_0_q0,MiC,Pixtral,0.0,0.5,VD,InternVL|Pixtral|Qwen3.5,3
hallusionbench,IPQ,VD_figure_6_1_q0,MiC,Qwen3.5,1.0,0.5,VD,InternVL|Pixtral|Qwen3.5,1
hallusionbench,IPQ,VD_illusion_11_0_q2,MiC,InternVL,0.0,0.0,VD,InternVL|Pixtral|Qwen3.5,2
hallusionbench,IPQ,VD_illusion_14_1_q1,MiC,Qwen3.5,1.0,0.0,VD,InternVL|Pixtral|Qwen3.5,1
hallusionbench,IPQ,VD_illusion_16_0_q1,MiC,InternVL,0.0,0.8333333333333333,VD,InternVL|Pixtral|Qwen3.5,2
hallusionbench,IPQ,VD_illusion_17_0_q1,MiC,InternVL,1.0,0.08333333333333333,VD,InternVL|Pixtral|Qwen3.5,2
hallusionbench,IPQ,VD_illusion_17_1_q1,MiC,Pixtral,0.0,1.0,VD,InternVL|Pixtral|Qwen3.5,3
hallusionbench,IPQ,VD_illusion_19_0_q3,MiC,Qwen3.5,1.0,1.0,VD,InternVL|Pixtral|Qwen3.5,1
hallusionbench,IPQ,VD_illusion_19_1_q3,MiC,Pixtral,1.0,0.0,VD,InternVL|Pixtral|Qwen3.5,3
hallusionbench,IPQ,VD_illusion_20_0_q0,MiC,Qwen3.5,1.0,1.0,VD,InternVL|Pixtral|Qwen3.5,1
hallusionbench,IPQ,VD_illusion_21_0_q0,MiC,Pixtral,0.0,0.5,VD,InternVL|Pixtral|Qwen3.5,3
hallusionbench,IPQ,VD_illusion_23_0_q0,MiC,InternVL,0.0,0.08333333333333333,VD,InternVL|Pixtral|Qwen3.5,2
hallusionbench,IPQ,VD_illusion_23_0_q1,MiC,InternVL,0.0,0.5,VD,InternVL|Pixtral|Qwen3.5,2
hallusionbench,IPQ,VD_illusion_25_0_q1,MiC,InternVL,0.0,0.5,VD,InternVL|Pixtral|Qwen3.5,2
hallusionbench,IPQ,VD_illusion_28_0_q0,MiC,Qwen3.5,1.0,0.16666666666666666,VD,InternVL|Pixtral|Qwen3.5,1
hallusionbench,IPQ,VD_illusion_28_1_q1,MiC,Pixtral,0.0,0.9166666666666667,VD,InternVL|Pixtral|Qwen3.5,3
hallusionbench,IPQ,VD_illusion_29_0_q1,MiC,Qwen3.5,1.0,0.5,VD,InternVL|Pixtral|Qwen3.5,1
hallusionbench,IPQ,VD_illusion_2_1_q0,MiC,Pixtral,0.0,1.0,VD,InternVL|Pixtral|Qwen3.5,3
hallusionbench,IPQ,VD_illusion_3_1_q0,MiC,Pixtral,0.0,1.0,VD,InternVL|Pixtral|Qwen3.5,3
hallusionbench,IPQ,VD_illusion_7_0_q0,MiC,Pixtral,1.0,0.5,VD,InternVL|Pixtral|Qwen3.5,3
hallusionbench,IPQ,VD_math_0_1_q0,MiC,Qwen3.5,0.0,0.0,VD,InternVL|Pixtral|Qwen3.5,1
hallusionbench,IPQ,VD_math_0_1_q1,MiC,Qwen3.5,1.0,0.5,VD,InternVL|Pixtral|Qwen3.5,1
hallusionbench,IPQ,VD_math_11_0_q0,MiC,Pixtral,0.0,1.0,VD,InternVL|Pixtral|Qwen3.5,3
hallusionbench,IPQ,VD_math_12_0_q2,MiC,Qwen3.5,0.0,0.5,VD,InternVL|Pixtral|Qwen3.5,1
hallusionbench,IPQ,VD_math_12_1_q0,MiC,Pixtral,0.0,0.0,VD,InternVL|Pixtral|Qwen3.5,3
hallusionbench,IPQ,VD_math_12_1_q2,MiC,Qwen3.5,1.0,0.5,VD,InternVL|Pixtral|Qwen3.5,1
hallusionbench,IPQ,VD_math_13_0_q0,MiC,Qwen3.5,1.0,0.5,VD,InternVL|Pixtral|Qwen3.5,1
hallusionbench,IPQ,VD_math_15_1_q1,MiC,InternVL,0.0,0.9166666666666667,VD,InternVL|Pixtral|Qwen3.5,2
hallusionbench,IPQ,VD_math_17_1_q2,MiC,InternVL,1.0,0.5,VD,InternVL|Pixtral|Qwen3.5,2
hallusionbench,IPQ,VD_math_1_1_q0,MiC,Qwen3.5,1.0,0.0,VD,InternVL|Pixtral|Qwen3.5,1
hallusionbench,IPQ,VD_math_1_1_q1,MiC,Qwen3.5,1.0,0.5,VD,InternVL|Pixtral|Qwen3.5,1
hallusionbench,IPQ,VD_math_1_1_q2,MiC,Qwen3.5,1.0,0.5,VD,InternVL|Pixtral|Qwen3.5,1
hallusionbench,IPQ,VD_math_4_0_q0,MiC,Pixtral,0.0,0.08333333333333333,VD,InternVL|Pixtral|Qwen3.5,3
hallusionbench,IPQ,VD_math_4_1_q1,MiC,Pixtral,0.0,0.08333333333333333,VD,InternVL|Pixtral|Qwen3.5,3
hallusionbench,IPQ,VD_math_4_1_q2,MiC,Qwen3.5,1.0,0.5,VD,InternVL|Pixtral|Qwen3.5,1
hallusionbench,IPQ,VD_math_5_0_q1,MiC,Pixtral,0.0,0.16666666666666666,VD,InternVL|Pixtral|Qwen3.5,3
hallusionbench,IPQ,VD_math_5_0_q2,MiC,Pixtral,0.0,0.16666666666666666,VD,InternVL|Pixtral|Qwen3.5,3
hallusionbench,IPQ,VD_math_5_1_q2,MiC,Qwen3.5,0.0,0.41666666666666663,VD,InternVL|Pixtral|Qwen3.5,1
hallusionbench,IPQ,VD_math_6_1_q0,MiC,Qwen3.5,1.0,1.0,VD,InternVL|Pixtral|Qwen3.5,1
hallusionbench,IPQ,VD_math_7_1_q0,MiC,InternVL,0.0,0.08333333333333333,VD,InternVL|Pixtral|Qwen3.5,2
hallusionbench,IPQ,VD_math_9_1_q0,MiC,Pixtral,0.0,0.5,VD,InternVL|Pixtral|Qwen3.5,3
hallusionbench,IPQ,VD_ocr_15_0_q1,MiC,Pixtral,0.0,1.0,VD,InternVL|Pixtral|Qwen3.5,3
hallusionbench,IPQ,VD_ocr_18_1_q0,MiC,Qwen3.5,1.0,0.5,VD,InternVL|Pixtral|Qwen3.5,1
hallusionbench,IPQ,VD_ocr_19_0_q1,MiC,Qwen3.5,1.0,0.08333333333333333,VD,InternVL|Pixtral|Qwen3.5,1
hallusionbench,IPQ,VD_ocr_3_1_q0,MiC,InternVL,1.0,0.0,VD,InternVL|Pixtral|Qwen3.5,2
hallusionbench,IPQ,VD_ocr_3_2_q2,MiC,Pixtral,0.0,0.0,VD,InternVL|Pixtral|Qwen3.5,3
hallusionbench,IPQ,VD_ocr_7_1_q1,MiC,Pixtral,0.0,1.0,VD,InternVL|Pixtral|Qwen3.5,3
hallusionbench,IPQ,VS_chart_12_1_q0,MiC,Qwen3.5,0.0,0.5,VS,InternVL|Pixtral|Qwen3.5,1
hallusionbench,IPQ,VS_chart_12_2_q0,MiC,Qwen3.5,1.0,1.0,VS,InternVL|Pixtral|Qwen3.5,1
hallusionbench,IPQ,VS_chart_12_2_q1,MiC,Qwen3.5,0.0,0.5833333333333334,VS,InternVL|Pixtral|Qwen3.5,1
hallusionbench,IPQ,VS_chart_14_2_q0,MiC,Qwen3.5,1.0,0.5,VS,InternVL|Pixtral|Qwen3.5,1
hallusionbench,IPQ,VS_chart_19_2_q1,MiC,Pixtral,1.0,0.8333333333333333,VS,InternVL|Pixtral|Qwen3.5,3
hallusionbench,IPQ,VS_chart_1_1_q2,MiC,Qwen3.5,0.0,1.0,VS,InternVL|Pixtral|Qwen3.5,1
hallusionbench,IPQ,VS_chart_20_2_q0,MiC,InternVL,0.0,1.0,VS,InternVL|Pixtral|Qwen3.5,2
hallusionbench,IPQ,VS_chart_4_2_q0,MiC,Qwen3.5,1.0,0.6666666666666666,VS,InternVL|Pixtral|Qwen3.5,1
hallusionbench,IPQ,VS_chart_5_2_q1,MiC,Qwen3.5,0.0,0.5,VS,InternVL|Pixtral|Qwen3.5,1
hallusionbench,IPQ,VS_chart_5_2_q2,MiC,Qwen3.5,1.0,1.0,VS,InternVL|Pixtral|Qwen3.5,1
hallusionbench,IPQ,VS_chart_6_2_q1,MiC,Pixtral,0.0,0.0,VS,InternVL|Pixtral|Qwen3.5,3
hallusionbench,IPQ,VS_chart_7_2_q1,MiC,Qwen3.5,0.0,0.8333333333333333,VS,InternVL|Pixtral|Qwen3.5,1
hallusionbench,IPQ,VS_chart_9_1_q0,MiC,Pixtral,1.0,1.0,VS,InternVL|Pixtral|Qwen3.5,3
hallusionbench,IPQ,VS_chart_9_2_q1,MiC,InternVL,0.0,0.75,VS,InternVL|Pixtral|Qwen3.5,2
hallusionbench,IPQ,VS_chart_9_2_q3,MiC,Qwen3.5,0.0,0.0,VS,InternVL|Pixtral|Qwen3.5,1
hallusionbench,IPQ,VS_map_0_2_q1,MiC,InternVL,0.0,0.5,VS,InternVL|Pixtral|Qwen3.5,2
hallusionbench,IPQ,VS_map_10_2_q0,MiC,InternVL,0.0,0.4166666666666667,VS,InternVL|Pixtral|Qwen3.5,2
hallusionbench,IPQ,VS_map_1_2_q1,MiC,Pixtral,0.0,0.4166666666666667,VS,InternVL|Pixtral|Qwen3.5,3
hallusionbench,IPQ,VS_map_2_1_q1,MiC,Qwen3.5,1.0,0.5,VS,InternVL|Pixtral|Qwen3.5,1
hallusionbench,IPQ,VS_map_3_2_q1,MiC,InternVL,1.0,0.5,VS,InternVL|Pixtral|Qwen3.5,2
hallusionbench,IPQ,VS_map_6_1_q0,MiC,Qwen3.5,1.0,1.0,VS,InternVL|Pixtral|Qwen3.5,1
hallusionbench,IPQ,VS_map_6_1_q2,MiC,Pixtral,0.0,0.5,VS,InternVL|Pixtral|Qwen3.5,3
hallusionbench,IPQ,VS_map_6_2_q1,MiC,Qwen3.5,0.0,0.5,VS,InternVL|Pixtral|Qwen3.5,1
hallusionbench,IPQ,VS_ocr_10_2_q0,MiC,Qwen3.5,1.0,0.0,VS,InternVL|Pixtral|Qwen3.5,1
hallusionbench,IPQ,VS_ocr_11_2_q0,MiC,Qwen3.5,0.0,1.0,VS,InternVL|Pixtral|Qwen3.5,1
hallusionbench,IPQ,VS_ocr_12_2_q1,MiC,Pixtral,0.0,0.8333333333333333,VS,InternVL|Pixtral|Qwen3.5,3
hallusionbench,IPQ,VS_ocr_1_2_q0,MiC,InternVL,1.0,0.4166666666666667,VS,InternVL|Pixtral|Qwen3.5,2
hallusionbench,IPQ,VS_ocr_3_2_q1,MiC,Pixtral,1.0,0.5,VS,InternVL|Pixtral|Qwen3.5,3
hallusionbench,IPQ,VS_ocr_7_2_q0,MiC,Qwen3.5,1.0,0.5,VS,InternVL|Pixtral|Qwen3.5,1
hallusionbench,IPQ,VS_ocr_8_2_q0,MiC,Qwen3.5,1.0,1.0,VS,InternVL|Pixtral|Qwen3.5,1
hallusionbench,IPQ,VS_table_1_1_q2,MiC,Pixtral,0.0,0.5,VS,InternVL|Pixtral|Qwen3.5,3
hallusionbench,IPQ,VS_table_3_2_q1,MiC,Qwen3.5,0.0,0.5,VS,InternVL|Pixtral|Qwen3.5,1
hallusionbench,IPQ,VS_table_4_2_q0,MiC,Pixtral,0.0,0.3333333333333333,VS,InternVL|Pixtral|Qwen3.5,3
hallusionbench,IPQ,VS_table_4_2_q1,MiC,InternVL,0.0,0.5,VS,InternVL|Pixtral|Qwen3.5,2
hallusionbench,IPQ,VS_table_6_3_q0,MiC,Qwen3.5,1.0,1.0,VS,InternVL|Pixtral|Qwen3.5,1
hallusionbench,LPQ,VD_figure_10_0_q0,MiC,Qwen3.5,0.0,0.5,VD,Llama-3.2|Pixtral|Qwen3.5,1
hallusionbench,LPQ,VD_figure_10_1_q1,MiC,Qwen3.5,1.0,0.5,VD,Llama-3.2|Pixtral|Qwen3.5,1
hallusionbench,LPQ,VD_figure_12_1_q0,MiC,Qwen3.5,1.0,1.0,VD,Llama-3.2|Pixtral|Qwen3.5,1
hallusionbench,LPQ,VD_figure_14_1_q0,MiC,Qwen3.5,0.0,1.0,VD,Llama-3.2|Pixtral|Qwen3.5,1
hallusionbench,LPQ,VD_figure_15_1_q1,MiC,Llama-3.2,1.0,0.0,VD,Llama-3.2|Pixtral|Qwen3.5,3
hallusionbench,LPQ,VD_figure_16_0_q0,MiC,Llama-3.2,0.0,1.0,VD,Llama-3.2|Pixtral|Qwen3.5,3
hallusionbench,LPQ,VD_figure_16_0_q1,MiC,Pixtral,0.0,0.8333333333333333,VD,Llama-3.2|Pixtral|Qwen3.5,2
hallusionbench,LPQ,VD_figure_18_1_q0,MiC,Pixtral,0.0,1.0,VD,Llama-3.2|Pixtral|Qwen3.5,2
hallusionbench,LPQ,VD_figure_1_1_q1,MiC,Llama-3.2,0.0,0.5,VD,Llama-3.2|Pixtral|Qwen3.5,3
hallusionbench,LPQ,VD_figure_3_0_q1,MiC,Pixtral,0.0,0.5,VD,Llama-3.2|Pixtral|Qwen3.5,2
hallusionbench,LPQ,VD_figure_3_1_q0,MiC,Qwen3.5,1.0,0.5,VD,Llama-3.2|Pixtral|Qwen3.5,1
hallusionbench,LPQ,VD_figure_4_0_q1,MiC,Llama-3.2,0.0,0.0,VD,Llama-3.2|Pixtral|Qwen3.5,3
hallusionbench,LPQ,VD_figure_4_1_q0,MiC,Qwen3.5,1.0,1.0,VD,Llama-3.2|Pixtral|Qwen3.5,1
hallusionbench,LPQ,VD_figure_5_0_q0,MiC,Pixtral,0.0,0.5,VD,Llama-3.2|Pixtral|Qwen3.5,2
hallusionbench,LPQ,VD_figure_6_0_q0,MiC,Qwen3.5,1.0,0.5833333333333334,VD,Llama-3.2|Pixtral|Qwen3.5,1
hallusionbench,LPQ,VD_figure_6_1_q1,MiC,Llama-3.2,0.0,0.0,VD,Llama-3.2|Pixtral|Qwen3.5,3
hallusionbench,LPQ,VD_figure_7_1_q1,MiC,Llama-3.2,0.0,0.0,VD,Llama-3.2|Pixtral|Qwen3.5,3
hallusionbench,LPQ,VD_illusion_11_1_q2,MiC,Qwen3.5,0.0,0.5,VD,Llama-3.2|Pixtral|Qwen3.5,1
hallusionbench,LPQ,VD_illusion_12_1_q0,MiC,Qwen3.5,1.0,0.0,VD,Llama-3.2|Pixtral|Qwen3.5,1
hallusionbench,LPQ,VD_illusion_14_0_q1,MiC,Pixtral,1.0,1.0,VD,Llama-3.2|Pixtral|Qwen3.5,2
hallusionbench,LPQ,VD_illusion_14_0_q2,MiC,Llama-3.2,0.0,0.0,VD,Llama-3.2|Pixtral|Qwen3.5,3
hallusionbench,LPQ,VD_illusion_14_0_q3,MiC,Llama-3.2,0.0,0.0,VD,Llama-3.2|Pixtral|Qwen3.5,3
hallusionbench,LPQ,VD_illusion_14_1_q0,MiC,Qwen3.5,1.0,0.5,VD,Llama-3.2|Pixtral|Qwen3.5,1
hallusionbench,LPQ,VD_illusion_14_1_q1,MiC,Qwen3.5,0.0,0.0,VD,Llama-3.2|Pixtral|Qwen3.5,1
hallusionbench,LPQ,VD_illusion_16_0_q0,MiC,Qwen3.5,0.0,0.5,VD,Llama-3.2|Pixtral|Qwen3.5,1
hallusionbench,LPQ,VD_illusion_17_0_q1,MiC,Qwen3.5,1.0,0.5833333333333334,VD,Llama-3.2|Pixtral|Qwen3.5,1
hallusionbench,LPQ,VD_illusion_18_1_q0,MiC,Llama-3.2,0.0,0.4166666666666667,VD,Llama-3.2|Pixtral|Qwen3.5,3
hallusionbench,LPQ,VD_illusion_18_1_q1,MiC,Llama-3.2,0.0,0.3333333333333333,VD,Llama-3.2|Pixtral|Qwen3.5,3
hallusionbench,LPQ,VD_illusion_19_0_q0,MiC,Llama-3.2,1.0,0.0,VD,Llama-3.2|Pixtral|Qwen3.5,3
hallusionbench,LPQ,VD_illusion_19_0_q1,MiC,Qwen3.5,1.0,1.0,VD,Llama-3.2|Pixtral|Qwen3.5,1
hallusionbench,LPQ,VD_illusion_19_0_q2,MiC,Pixtral,0.0,0.5,VD,Llama-3.2|Pixtral|Qwen3.5,2
hallusionbench,LPQ,VD_illusion_19_1_q3,MiC,Pixtral,0.0,0.25,VD,Llama-3.2|Pixtral|Qwen3.5,2
hallusionbench,LPQ,VD_illusion_1_0_q0,MiC,Pixtral,0.0,0.5,VD,Llama-3.2|Pixtral|Qwen3.5,2
hallusionbench,LPQ,VD_illusion_1_0_q1,MiC,Qwen3.5,1.0,1.0,VD,Llama-3.2|Pixtral|Qwen3.5,1
hallusionbench,LPQ,VD_illusion_20_1_q0,MiC,Pixtral,1.0,0.5,VD,Llama-3.2|Pixtral|Qwen3.5,2
hallusionbench,LPQ,VD_illusion_21_0_q1,MiC,Pixtral,0.0,1.0,VD,Llama-3.2|Pixtral|Qwen3.5,2
hallusionbench,LPQ,VD_illusion_21_1_q1,MiC,Llama-3.2,0.0,0.0,VD,Llama-3.2|Pixtral|Qwen3.5,3
hallusionbench,LPQ,VD_illusion_23_0_q1,MiC,Llama-3.2,0.0,0.5,VD,Llama-3.2|Pixtral|Qwen3.5,3
hallusionbench,LPQ,VD_illusion_25_0_q1,MiC,Llama-3.2,1.0,0.5,VD,Llama-3.2|Pixtral|Qwen3.5,3
hallusionbench,LPQ,VD_illusion_26_0_q0,MiC,Qwen3.5,0.0,0.5,VD,Llama-3.2|Pixtral|Qwen3.5,1
hallusionbench,LPQ,VD_illusion_27_1_q0,MiC,Llama-3.2,0.0,1.0,VD,Llama-3.2|Pixtral|Qwen3.5,3
hallusionbench,LPQ,VD_illusion_28_0_q0,MiC,Qwen3.5,1.0,0.0,VD,Llama-3.2|Pixtral|Qwen3.5,1
hallusionbench,LPQ,VD_illusion_28_0_q1,MiC,Qwen3.5,1.0,0.8333333333333333,VD,Llama-3.2|Pixtral|Qwen3.5,1
hallusionbench,LPQ,VD_illusion_28_1_q0,MiC,Qwen3.5,0.0,0.5,VD,Llama-3.2|Pixtral|Qwen3.5,1
hallusionbench,LPQ,VD_illusion_29_0_q0,MiC,Llama-3.2,0.0,0.0,VD,Llama-3.2|Pixtral|Qwen3.5,3
hallusionbench,LPQ,VD_illusion_29_0_q1,MiC,Qwen3.5,1.0,0.5833333333333334,VD,Llama-3.2|Pixtral|Qwen3.5,1
hallusionbench,LPQ,VD_illusion_29_0_q2,MiC,Pixtral,0.0,0.5,VD,Llama-3.2|Pixtral|Qwen3.5,2
hallusionbench,LPQ,VD_illusion_2_1_q2,MiC,Qwen3.5,0.0,1.0,VD,Llama-3.2|Pixtral|Qwen3.5,1
hallusionbench,LPQ,VD_illusion_30_1_q1,MiC,Llama-3.2,0.0,1.0,VD,Llama-3.2|Pixtral|Qwen3.5,3
hallusionbench,LPQ,VD_illusion_3_0_q1,MiC,Pixtral,1.0,0.9166666666666667,VD,Llama-3.2|Pixtral|Qwen3.5,2
hallusionbench,LPQ,VD_illusion_5_1_q1,MiC,Pixtral,0.0,0.0,VD,Llama-3.2|Pixtral|Qwen3.5,2
hallusionbench,LPQ,VD_illusion_6_1_q0,MiC,Pixtral,0.0,0.0,VD,Llama-3.2|Pixtral|Qwen3.5,2
hallusionbench,LPQ,VD_illusion_7_0_q0,MiC,Pixtral,0.0,0.5,VD,Llama-3.2|Pixtral|Qwen3.5,2
hallusionbench,LPQ,VD_illusion_7_0_q1,MiC,Qwen3.5,0.0,1.0,VD,Llama-3.2|Pixtral|Qwen3.5,1
hallusionbench,LPQ,VD_illusion_8_0_q2,MiC,Pixtral,0.0,0.5,VD,Llama-3.2|Pixtral|Qwen3.5,2
hallusionbench,LPQ,VD_illusion_9_1_q1,MiC,Qwen3.5,0.0,0.9166666666666667,VD,Llama-3.2|Pixtral|Qwen3.5,1
hallusionbench,LPQ,VD_math_0_1_q2,MiC,Pixtral,0.0,1.0,VD,Llama-3.2|Pixtral|Qwen3.5,2
hallusionbench,LPQ,VD_math_11_0_q2,MiC,Qwen3.5,1.0,0.75,VD,Llama-3.2|Pixtral|Qwen3.5,1
hallusionbench,LPQ,VD_math_11_1_q0,MiC,Qwen3.5,1.0,1.0,VD,Llama-3.2|Pixtral|Qwen3.5,1
hallusionbench,LPQ,VD_math_11_1_q2,MiC,Qwen3.5,1.0,1.0,VD,Llama-3.2|Pixtral|Qwen3.5,1
hallusionbench,LPQ,VD_math_12_1_q0,MiC,Pixtral,0.0,0.0,VD,Llama-3.2|Pixtral|Qwen3.5,2
hallusionbench,LPQ,VD_math_12_1_q2,MiC,Qwen3.5,1.0,0.5833333333333334,VD,Llama-3.2|Pixtral|Qwen3.5,1
hallusionbench,LPQ,VD_math_13_0_q0,MiC,Qwen3.5,1.0,0.6666666666666666,VD,Llama-3.2|Pixtral|Qwen3.5,1
hallusionbench,LPQ,VD_math_14_0_q0,MiC,Qwen3.5,0.0,0.5,VD,Llama-3.2|Pixtral|Qwen3.5,1
hallusionbench,LPQ,VD_math_15_0_q0,MiC,Qwen3.5,0.0,0.9166666666666667,VD,Llama-3.2|Pixtral|Qwen3.5,1
hallusionbench,LPQ,VD_math_16_1_q1,MiC,Qwen3.5,0.0,1.0,VD,Llama-3.2|Pixtral|Qwen3.5,1
hallusionbench,LPQ,VD_math_17_1_q2,MiC,Qwen3.5,0.0,0.9166666666666667,VD,Llama-3.2|Pixtral|Qwen3.5,1
hallusionbench,LPQ,VD_math_1_1_q2,MiC,Qwen3.5,1.0,0.5,VD,Llama-3.2|Pixtral|Qwen3.5,1
hallusionbench,LPQ,VD_math_2_1_q0,MiC,Llama-3.2,1.0,0.5833333333333334,VD,Llama-3.2|Pixtral|Qwen3.5,3
hallusionbench,LPQ,VD_math_2_1_q2,MiC,Qwen3.5,1.0,0.25,VD,Llama-3.2|Pixtral|Qwen3.5,1
hallusionbench,LPQ,VD_math_3_1_q0,MiC,Llama-3.2,1.0,0.0,VD,Llama-3.2|Pixtral|Qwen3.5,3
hallusionbench,LPQ,VD_math_4_0_q0,MiC,Pixtral,0.0,0.08333333333333333,VD,Llama-3.2|Pixtral|Qwen3.5,2
hallusionbench,LPQ,VD_math_7_0_q0,MiC,Qwen3.5,1.0,1.0,VD,Llama-3.2|Pixtral|Qwen3.5,1
hallusionbench,LPQ,VD_math_7_0_q2,MiC,Qwen3.5,1.0,1.0,VD,Llama-3.2|Pixtral|Qwen3.5,1
hallusionbench,LPQ,VD_math_9_0_q1,MiC,Qwen3.5,1.0,1.0,VD,Llama-3.2|Pixtral|Qwen3.5,1
hallusionbench,LPQ,VD_math_9_1_q1,MiC,Llama-3.2,0.0,0.0,VD,Llama-3.2|Pixtral|Qwen3.5,3
hallusionbench,LPQ,VD_ocr_0_0_q1,MiC,Qwen3.5,0.0,1.0,VD,Llama-3.2|Pixtral|Qwen3.5,1
hallusionbench,LPQ,VD_ocr_18_1_q0,MiC,Qwen3.5,0.0,0.5833333333333334,VD,Llama-3.2|Pixtral|Qwen3.5,1
hallusionbench,LPQ,VD_ocr_19_0_q1,MiC,Qwen3.5,1.0,0.08333333333333333,VD,Llama-3.2|Pixtral|Qwen3.5,1
hallusionbench,LPQ,VD_ocr_20_0_q0,MiC,Pixtral,0.0,1.0,VD,Llama-3.2|Pixtral|Qwen3.5,2
hallusionbench,LPQ,VD_ocr_20_0_q1,MiC,Qwen3.5,0.0,0.6666666666666666,VD,Llama-3.2|Pixtral|Qwen3.5,1
hallusionbench,LPQ,VD_ocr_20_1_q0,MiC,Qwen3.5,0.0,1.0,VD,Llama-3.2|Pixtral|Qwen3.5,1
hallusionbench,LPQ,VD_ocr_3_1_q1,MiC,Llama-3.2,0.0,0.0,VD,Llama-3.2|Pixtral|Qwen3.5,3
hallusionbench,LPQ,VD_ocr_3_2_q2,MiC,Pixtral,0.0,0.0,VD,Llama-3.2|Pixtral|Qwen3.5,2
hallusionbench,LPQ,VD_ocr_7_0_q1,MiC,Qwen3.5,1.0,1.0,VD,Llama-3.2|Pixtral|Qwen3.5,1
hallusionbench,LPQ,VS_chart_12_1_q0,MiC,Qwen3.5,1.0,0.5,VS,Llama-3.2|Pixtral|Qwen3.5,1
hallusionbench,LPQ,VS_chart_12_2_q1,MiC,Qwen3.5,1.0,0.5,VS,Llama-3.2|Pixtral|Qwen3.5,1
hallusionbench,LPQ,VS_chart_14_1_q2,MiC,Qwen3.5,1.0,0.5,VS,Llama-3.2|Pixtral|Qwen3.5,1
hallusionbench,LPQ,VS_chart_14_2_q0,MiC,Qwen3.5,0.0,0.5,VS,Llama-3.2|Pixtral|Qwen3.5,1
hallusionbench,LPQ,VS_chart_15_2_q0,MiC,Qwen3.5,1.0,1.0,VS,Llama-3.2|Pixtral|Qwen3.5,1
hallusionbench,LPQ,VS_chart_20_2_q0,MiC,Llama-3.2,0.0,1.0,VS,Llama-3.2|Pixtral|Qwen3.5,3
hallusionbench,LPQ,VS_chart_21_2_q0,MiC,Qwen3.5,1.0,1.0,VS,Llama-3.2|Pixtral|Qwen3.5,1
hallusionbench,LPQ,VS_chart_2_1_q6,MiC,Qwen3.5,1.0,1.0,VS,Llama-3.2|Pixtral|Qwen3.5,1
hallusionbench,LPQ,VS_chart_3_1_q0,MiC,Qwen3.5,1.0,1.0,VS,Llama-3.2|Pixtral|Qwen3.5,1
hallusionbench,LPQ,VS_chart_3_2_q0,MiC,Qwen3.5,1.0,1.0,VS,Llama-3.2|Pixtral|Qwen3.5,1
hallusionbench,LPQ,VS_chart_4_2_q0,MiC,Qwen3.5,1.0,0.5833333333333334,VS,Llama-3.2|Pixtral|Qwen3.5,1
hallusionbench,LPQ,VS_chart_5_1_q2,MiC,Qwen3.5,1.0,1.0,VS,Llama-3.2|Pixtral|Qwen3.5,1
hallusionbench,LPQ,VS_chart_5_1_q3,MiC,Qwen3.5,1.0,1.0,VS,Llama-3.2|Pixtral|Qwen3.5,1
hallusionbench,LPQ,VS_chart_5_2_q0,MiC,Qwen3.5,1.0,1.0,VS,Llama-3.2|Pixtral|Qwen3.5,1
hallusionbench,LPQ,VS_chart_6_2_q1,MiC,Pixtral,0.0,0.0,VS,Llama-3.2|Pixtral|Qwen3.5,2
hallusionbench,LPQ,VS_chart_7_2_q0,MiC,Qwen3.5,1.0,1.0,VS,Llama-3.2|Pixtral|Qwen3.5,1
hallusionbench,LPQ,VS_chart_9_2_q1,MiC,Llama-3.2,0.0,0.8333333333333333,VS,Llama-3.2|Pixtral|Qwen3.5,3
hallusionbench,LPQ,VS_chart_9_2_q3,MiC,Pixtral,0.0,0.0,VS,Llama-3.2|Pixtral|Qwen3.5,2
hallusionbench,LPQ,VS_map_10_2_q0,MiC,Llama-3.2,0.0,0.5,VS,Llama-3.2|Pixtral|Qwen3.5,3
hallusionbench,LPQ,VS_map_1_2_q0,MiC,Qwen3.5,1.0,1.0,VS,Llama-3.2|Pixtral|Qwen3.5,1
hallusionbench,LPQ,VS_map_2_1_q1,MiC,Qwen3.5,1.0,0.5,VS,Llama-3.2|Pixtral|Qwen3.5,1
hallusionbench,LPQ,VS_map_2_2_q1,MiC,Pixtral,0.0,0.5,VS,Llama-3.2|Pixtral|Qwen3.5,2
hallusionbench,LPQ,VS_map_7_2_q0,MiC,Llama-3.2,0.0,0.16666666666666666,VS,Llama-3.2|Pixtral|Qwen3.5,3
hallusionbench,LPQ,VS_map_8_2_q0,MiC,Qwen3.5,1.0,1.0,VS,Llama-3.2|Pixtral|Qwen3.5,1
hallusionbench,LPQ,VS_map_9_2_q0,MiC,Llama-3.2,0.0,0.0,VS,Llama-3.2|Pixtral|Qwen3.5,3
hallusionbench,LPQ,VS_ocr_2_1_q1,MiC,Qwen3.5,1.0,1.0,VS,Llama-3.2|Pixtral|Qwen3.5,1
hallusionbench,LPQ,VS_ocr_7_2_q0,MiC,Qwen3.5,1.0,0.5,VS,Llama-3.2|Pixtral|Qwen3.5,1
hallusionbench,LPQ,VS_ocr_8_1_q0,MiC,Pixtral,0.0,1.0,VS,Llama-3.2|Pixtral|Qwen3.5,2
hallusionbench,LPQ,VS_ocr_8_1_q1,MiC,Qwen3.5,1.0,1.0,VS,Llama-3.2|Pixtral|Qwen3.5,1
hallusionbench,LPQ,VS_table_10_2_q2,MiC,Qwen3.5,0.0,0.0,VS,Llama-3.2|Pixtral|Qwen3.5,1
hallusionbench,LPQ,VS_table_1_1_q2,MiC,Pixtral,1.0,0.5,VS,Llama-3.2|Pixtral|Qwen3.5,2
hallusionbench,LPQ,VS_table_3_2_q1,MiC,Qwen3.5,1.0,0.5,VS,Llama-3.2|Pixtral|Qwen3.5,1
hallusionbench,LPQ,VS_table_3_2_q2,MiC,Qwen3.5,1.0,1.0,VS,Llama-3.2|Pixtral|Qwen3.5,1
hallusionbench,LPQ,VS_table_5_3_q0,MiC,Qwen3.5,0.0,1.0,VS,Llama-3.2|Pixtral|Qwen3.5,1
hallusionbench,LPQ,VS_table_5_3_q2,MiC,Qwen3.5,1.0,1.0,VS,Llama-3.2|Pixtral|Qwen3.5,1
hallusionbench,LPQ,VS_table_6_2_q0,MiC,Qwen3.5,1.0,1.0,VS,Llama-3.2|Pixtral|Qwen3.5,1
hallusionbench,LPQ,VS_table_6_2_q3,MiC,Qwen3.5,1.0,1.0,VS,Llama-3.2|Pixtral|Qwen3.5,1
mme-cot,GIL,1014,CC,InternVL,0.0,0.6666666666666666,Spatial-Temporal,Gemma-4|InternVL|Llama-3.2,2
mme-cot,GIL,1038,CC,Gemma-4,1.0,0.3333333333333333,Spatial-Temporal,Gemma-4|InternVL|Llama-3.2,1
mme-cot,GIL,1041,CC,InternVL,1.0,0.5,Spatial-Temporal,Gemma-4|InternVL|Llama-3.2,2
mme-cot,GIL,1044,MiC,InternVL,0.0,1.0,Spatial-Temporal,Gemma-4|InternVL|Llama-3.2,2
mme-cot,GIL,106,CC,InternVL,0.0,0.75,OCR,Gemma-4|InternVL|Llama-3.2,2
mme-cot,GIL,109,CC,InternVL,0.3333333333333333,0.5,Math,Gemma-4|InternVL|Llama-3.2,2
mme-cot,GIL,110,CC,InternVL,0.3333333333333333,0.5,Math,Gemma-4|InternVL|Llama-3.2,2
mme-cot,GIL,1106,MiC,Llama-3.2,0.0,0.0,General Reasoning,Gemma-4|InternVL|Llama-3.2,3
mme-cot,GIL,1121,CC,Gemma-4,1.0,0.3333333333333333,General Reasoning,Gemma-4|InternVL|Llama-3.2,1
mme-cot,GIL,116,CC,Gemma-4,1.0,0.5,Math,Gemma-4|InternVL|Llama-3.2,1
mme-cot,GIL,117,CC,Llama-3.2,0.0,0.5,Science,Gemma-4|InternVL|Llama-3.2,3
mme-cot,GIL,118,CC,InternVL,0.3333333333333333,0.5,Math,Gemma-4|InternVL|Llama-3.2,2
mme-cot,GIL,119,CC,Gemma-4,0.0,0.25,Science,Gemma-4|InternVL|Llama-3.2,1
mme-cot,GIL,12,CC,Gemma-4,0.3333333333333333,0.5,Math,Gemma-4|InternVL|Llama-3.2,1
mme-cot,GIL,146,CC,Gemma-4,0.0,0.4166666666666667,Math,Gemma-4|InternVL|Llama-3.2,1
mme-cot,GIL,150,CC,Llama-3.2,0.0,0.5,Math,Gemma-4|InternVL|Llama-3.2,3
mme-cot,GIL,151,CC,Gemma-4,0.0,0.5833333333333334,Science,Gemma-4|InternVL|Llama-3.2,1
mme-cot,GIL,153,CC,Gemma-4,0.3333333333333333,0.5,Math,Gemma-4|InternVL|Llama-3.2,1
mme-cot,GIL,155,MiC,Gemma-4,1.0,0.5,Math,Gemma-4|InternVL|Llama-3.2,1
mme-cot,GIL,159,MiC,Gemma-4,1.0,0.08333333333333333,Science,Gemma-4|InternVL|Llama-3.2,1
mme-cot,GIL,16,CC,InternVL,0.3333333333333333,0.9166666666666667,Math,Gemma-4|InternVL|Llama-3.2,2
mme-cot,GIL,165,CC,Gemma-4,1.0,0.5,Math,Gemma-4|InternVL|Llama-3.2,1
mme-cot,GIL,172,CC,Gemma-4,0.0,0.5833333333333334,Science,Gemma-4|InternVL|Llama-3.2,1
mme-cot,GIL,180,CC,InternVL,1.0,0.5,Logic,Gemma-4|InternVL|Llama-3.2,2
mme-cot,GIL,181,MiC,Gemma-4,0.0,0.6666666666666666,Science,Gemma-4|InternVL|Llama-3.2,1
mme-cot,GIL,183,MiC,Gemma-4,0.0,0.75,Math,Gemma-4|InternVL|Llama-3.2,1
mme-cot,GIL,185,MiC,Llama-3.2,0.0,0.5,Science,Gemma-4|InternVL|Llama-3.2,3
mme-cot,GIL,189,CC,Gemma-4,0.3333333333333333,1.0,Science,Gemma-4|InternVL|Llama-3.2,1
mme-cot,GIL,193,CC,Llama-3.2,0.0,0.16666666666666666,Logic,Gemma-4|InternVL|Llama-3.2,3
mme-cot,GIL,201,CC,Gemma-4,0.0,0.5833333333333334,Science,Gemma-4|InternVL|Llama-3.2,1
mme-cot,GIL,203,MiC,Gemma-4,0.0,0.6666666666666666,Math,Gemma-4|InternVL|Llama-3.2,1
mme-cot,GIL,206,MiC,Gemma-4,1.0,0.0,Spatial-Temporal,Gemma-4|InternVL|Llama-3.2,1
mme-cot,GIL,207,MiC,Gemma-4,0.0,0.9166666666666667,Science,Gemma-4|InternVL|Llama-3.2,1
mme-cot,GIL,208,CC,InternVL,1.0,0.5,Math,Gemma-4|InternVL|Llama-3.2,2
mme-cot,GIL,216,CC,InternVL,0.0,0.25,General Reasoning,Gemma-4|InternVL|Llama-3.2,2
mme-cot,GIL,245,MiC,Llama-3.2,0.0,0.5,General Reasoning,Gemma-4|InternVL|Llama-3.2,3
mme-cot,GIL,249,CC,Gemma-4,0.0,0.5,Science,Gemma-4|InternVL|Llama-3.2,1
mme-cot,GIL,25,MiC,Gemma-4,1.0,0.9166666666666667,Science,Gemma-4|InternVL|Llama-3.2,1
mme-cot,GIL,254,CC,Gemma-4,0.0,0.5,Math,Gemma-4|InternVL|Llama-3.2,1
mme-cot,GIL,263,CC,InternVL,0.0,0.41666666666666663,Logic,Gemma-4|InternVL|Llama-3.2,2
mme-cot,GIL,273,CC,Gemma-4,0.3333333333333333,1.0,OCR,Gemma-4|InternVL|Llama-3.2,1
mme-cot,GIL,280,CC,InternVL,0.3333333333333333,0.16666666666666666,Logic,Gemma-4|InternVL|Llama-3.2,2
mme-cot,GIL,283,CC,Gemma-4,0.3333333333333333,0.5,Math,Gemma-4|InternVL|Llama-3.2,1
mme-cot,GIL,288,CC,Gemma-4,0.3333333333333333,0.5833333333333334,Logic,Gemma-4|InternVL|Llama-3.2,1
mme-cot,GIL,29,CC,Llama-3.2,0.0,0.0,Science,Gemma-4|InternVL|Llama-3.2,3
mme-cot,GIL,290,CC,InternVL,1.0,0.25,Logic,Gemma-4|InternVL|Llama-3.2,2
mme-cot,GIL,291,CC,Gemma-4,0.3333333333333333,0.5,Math,Gemma-4|InternVL|Llama-3.2,1
mme-cot,GIL,297,CC,Gemma-4,1.0,0.5,Science,Gemma-4|InternVL|Llama-3.2,1
mme-cot,GIL,30,MiC,Gemma-4,0.3333333333333333,0.16666666666666666,Logic,Gemma-4|InternVL|Llama-3.2,1
mme-cot,GIL,304,MiC,Llama-3.2,1.0,0.0,Science,Gemma-4|InternVL|Llama-3.2,3
mme-cot,GIL,312,CC,Gemma-4,0.3333333333333333,0.5,Math,Gemma-4|InternVL|Llama-3.2,1
mme-cot,GIL,315,MiC,Llama-3.2,0.0,0.6666666666666666,General Reasoning,Gemma-4|InternVL|Llama-3.2,3
mme-cot,GIL,33,CC,Gemma-4,1.0,0.5833333333333334,Math,Gemma-4|InternVL|Llama-3.2,1
mme-cot,GIL,339,MiC,Gemma-4,1.0,0.6666666666666666,General Reasoning,Gemma-4|InternVL|Llama-3.2,1
mme-cot,GIL,34,MiC,Gemma-4,1.0,0.5,Science,Gemma-4|InternVL|Llama-3.2,1
mme-cot,GIL,344,CC,Gemma-4,0.0,0.5,Math,Gemma-4|InternVL|Llama-3.2,1
mme-cot,GIL,358,MiC,Gemma-4,1.0,0.5,General Reasoning,Gemma-4|InternVL|Llama-3.2,1
mme-cot,GIL,362,MiC,Gemma-4,0.0,0.6666666666666666,General Reasoning,Gemma-4|InternVL|Llama-3.2,1
mme-cot,GIL,374,CC,Gemma-4,0.3333333333333333,0.4166666666666667,Math,Gemma-4|InternVL|Llama-3.2,1
mme-cot,GIL,379,CC,Gemma-4,0.0,0.5,Math,Gemma-4|InternVL|Llama-3.2,1
mme-cot,GIL,386,CC,Gemma-4,0.3333333333333333,0.6666666666666666,Math,Gemma-4|InternVL|Llama-3.2,1
mme-cot,GIL,409,CC,Gemma-4,0.3333333333333333,0.5,Math,Gemma-4|InternVL|Llama-3.2,1
mme-cot,GIL,415,CC,InternVL,0.3333333333333333,0.5,Math,Gemma-4|InternVL|Llama-3.2,2
mme-cot,GIL,416,CC,Gemma-4,0.3333333333333333,0.5,Math,Gemma-4|InternVL|Llama-3.2,1
mme-cot,GIL,42,CC,Gemma-4,0.3333333333333333,0.9166666666666667,Science,Gemma-4|InternVL|Llama-3.2,1
mme-cot,GIL,421,CC,Gemma-4,0.3333333333333333,0.5,Math,Gemma-4|InternVL|Llama-3.2,1
mme-cot,GIL,44,MiC,Gemma-4,0.0,0.5,Math,Gemma-4|InternVL|Llama-3.2,1
mme-cot,GIL,443,CC,Gemma-4,1.0,0.5833333333333334,Science,Gemma-4|InternVL|Llama-3.2,1
mme-cot,GIL,452,CC,InternVL,0.3333333333333333,0.16666666666666666,Logic,Gemma-4|InternVL|Llama-3.2,2
mme-cot,GIL,453,CC,Gemma-4,0.3333333333333333,0.0,Logic,Gemma-4|InternVL|Llama-3.2,1
mme-cot,GIL,455,CC,InternVL,0.3333333333333333,0.5,Math,Gemma-4|InternVL|Llama-3.2,2
mme-cot,GIL,466,CC,Gemma-4,1.0,0.6666666666666666,Logic,Gemma-4|InternVL|Llama-3.2,1
mme-cot,GIL,470,CC,InternVL,0.3333333333333333,0.3333333333333333,Logic,Gemma-4|InternVL|Llama-3.2,2
mme-cot,GIL,472,MiC,Llama-3.2,0.0,0.16666666666666666,Logic,Gemma-4|InternVL|Llama-3.2,3
mme-cot,GIL,48,CC,Gemma-4,0.0,0.4166666666666667,Science,Gemma-4|InternVL|Llama-3.2,1
mme-cot,GIL,480,CC,InternVL,0.3333333333333333,0.5,Math,Gemma-4|InternVL|Llama-3.2,2
mme-cot,GIL,490,CC,Gemma-4,0.3333333333333333,0.0,Logic,Gemma-4|InternVL|Llama-3.2,1
mme-cot,GIL,494,CC,Gemma-4,1.0,0.5,Logic,Gemma-4|InternVL|Llama-3.2,1
mme-cot,GIL,496,CC,InternVL,0.0,1.0,Math,Gemma-4|InternVL|Llama-3.2,2
mme-cot,GIL,500,MiC,Gemma-4,0.0,0.0,Spatial-Temporal,Gemma-4|InternVL|Llama-3.2,1
mme-cot,GIL,501,CC,InternVL,1.0,0.9166666666666667,Math,Gemma-4|InternVL|Llama-3.2,2
mme-cot,GIL,511,CC,Gemma-4,0.3333333333333333,0.16666666666666666,Logic,Gemma-4|InternVL|Llama-3.2,1
mme-cot,GIL,512,CC,InternVL,0.3333333333333333,0.5,Logic,Gemma-4|InternVL|Llama-3.2,2
mme-cot,GIL,514,CC,InternVL,0.3333333333333333,0.16666666666666666,Logic,Gemma-4|InternVL|Llama-3.2,2
mme-cot,GIL,521,CC,InternVL,1.0,0.5833333333333334,Math,Gemma-4|InternVL|Llama-3.2,2
mme-cot,GIL,523,CC,Gemma-4,0.0,0.16666666666666666,Logic,Gemma-4|InternVL|Llama-3.2,1
mme-cot,GIL,524,CC,Gemma-4,0.3333333333333333,0.0,Logic,Gemma-4|InternVL|Llama-3.2,1
mme-cot,GIL,531,CC,InternVL,1.0,0.5,Math,Gemma-4|InternVL|Llama-3.2,2
mme-cot,GIL,551,MiC,Gemma-4,1.0,1.0,General Reasoning,Gemma-4|InternVL|Llama-3.2,1
mme-cot,GIL,556,CC,InternVL,0.3333333333333333,0.5,Math,Gemma-4|InternVL|Llama-3.2,2
mme-cot,GIL,589,CC,Gemma-4,0.0,0.0,Science,Gemma-4|InternVL|Llama-3.2,1
mme-cot,GIL,596,CC,Gemma-4,0.3333333333333333,0.3333333333333333,Science,Gemma-4|InternVL|Llama-3.2,1
mme-cot,GIL,6,CC,Gemma-4,0.3333333333333333,0.5,Math,Gemma-4|InternVL|Llama-3.2,1
mme-cot,GIL,601,MiC,Gemma-4,0.0,0.5,Math,Gemma-4|InternVL|Llama-3.2,1
mme-cot,GIL,611,CC,Gemma-4,1.0,0.0,Spatial-Temporal,Gemma-4|InternVL|Llama-3.2,1
mme-cot,GIL,612,CC,Gemma-4,0.0,0.5,Math,Gemma-4|InternVL|Llama-3.2,1
mme-cot,GIL,620,CC,Gemma-4,1.0,0.5833333333333334,Math,Gemma-4|InternVL|Llama-3.2,1
mme-cot,GIL,623,CC,Gemma-4,0.3333333333333333,0.5,Math,Gemma-4|InternVL|Llama-3.2,1
mme-cot,GIL,624,MiC,InternVL,0.0,0.5,Spatial-Temporal,Gemma-4|InternVL|Llama-3.2,2
mme-cot,GIL,626,CC,Gemma-4,1.0,0.9166666666666667,Math,Gemma-4|InternVL|Llama-3.2,1
mme-cot,GIL,629,MiC,Gemma-4,0.0,1.0,Math,Gemma-4|InternVL|Llama-3.2,1
mme-cot,GIL,636,CC,InternVL,1.0,0.25,Math,Gemma-4|InternVL|Llama-3.2,2
mme-cot,GIL,638,CC,Gemma-4,0.3333333333333333,0.5833333333333334,Science,Gemma-4|InternVL|Llama-3.2,1
mme-cot,GIL,642,CC,InternVL,1.0,0.5,Math,Gemma-4|InternVL|Llama-3.2,2
mme-cot,GIL,643,CC,InternVL,0.3333333333333333,0.4166666666666667,Math,Gemma-4|InternVL|Llama-3.2,2
mme-cot,GIL,644,CC,Gemma-4,0.0,0.25,Math,Gemma-4|InternVL|Llama-3.2,1
mme-cot,GIL,646,MiC,Gemma-4,0.0,0.3333333333333333,Math,Gemma-4|InternVL|Llama-3.2,1
mme-cot,GIL,649,CC,InternVL,0.3333333333333333,0.08333333333333333,Science,Gemma-4|InternVL|Llama-3.2,2
mme-cot,GIL,65,MiC,Gemma-4,0.0,0.8333333333333333,General Reasoning,Gemma-4|InternVL|Llama-3.2,1
mme-cot,GIL,655,MiC,InternVL,1.0,0.5833333333333334,Math,Gemma-4|InternVL|Llama-3.2,2
mme-cot,GIL,659,MiC,Gemma-4,0.0,0.0,Math,Gemma-4|InternVL|Llama-3.2,1
mme-cot,GIL,668,MiC,Gemma-4,0.0,0.5,Math,Gemma-4|InternVL|Llama-3.2,1
mme-cot,GIL,669,CC,Gemma-4,0.3333333333333333,0.5,Science,Gemma-4|InternVL|Llama-3.2,1
mme-cot,GIL,672,CC,Gemma-4,1.0,0.41666666666666663,Math,Gemma-4|InternVL|Llama-3.2,1
mme-cot,GIL,679,CC,Gemma-4,0.3333333333333333,0.5,Math,Gemma-4|InternVL|Llama-3.2,1
mme-cot,GIL,681,MiC,Gemma-4,1.0,0.5,Math,Gemma-4|InternVL|Llama-3.2,1
mme-cot,GIL,683,CC,Gemma-4,0.0,0.6666666666666666,Math,Gemma-4|InternVL|Llama-3.2,1
mme-cot,GIL,689,CC,Llama-3.2,0.3333333333333333,0.41666666666666663,Math,Gemma-4|InternVL|Llama-3.2,3
mme-cot,GIL,69,CC,Llama-3.2,0.0,0.0,Spatial-Temporal,Gemma-4|InternVL|Llama-3.2,3
mme-cot,GIL,693,MiC,Gemma-4,0.0,0.5,Science,Gemma-4|InternVL|Llama-3.2,1
mme-cot,GIL,695,CC,Llama-3.2,0.0,0.16666666666666666,Science,Gemma-4|InternVL|Llama-3.2,3
mme-cot,GIL,707,CC,Llama-3.2,0.3333333333333333,0.08333333333333333,Science,Gemma-4|InternVL|Llama-3.2,3
mme-cot,GIL,716,CC,Gemma-4,1.0,0.0,Math,Gemma-4|InternVL|Llama-3.2,1
mme-cot,GIL,735,CC,InternVL,1.0,0.5,OCR,Gemma-4|InternVL|Llama-3.2,2
mme-cot,GIL,744,CC,Gemma-4,1.0,0.5,Math,Gemma-4|InternVL|Llama-3.2,1
mme-cot,GIL,753,CC,InternVL,0.3333333333333333,0.5,Math,Gemma-4|InternVL|Llama-3.2,2
mme-cot,GIL,766,MiC,Gemma-4,1.0,0.6666666666666666,Science,Gemma-4|InternVL|Llama-3.2,1
mme-cot,GIL,769,CC,Gemma-4,1.0,0.4166666666666667,Math,Gemma-4|InternVL|Llama-3.2,1
mme-cot,GIL,773,CC,InternVL,0.0,0.08333333333333333,Science,Gemma-4|InternVL|Llama-3.2,2
mme-cot,GIL,787,CC,InternVL,1.0,0.08333333333333333,OCR,Gemma-4|InternVL|Llama-3.2,2
mme-cot,GIL,792,CC,Gemma-4,1.0,0.5833333333333334,Science,Gemma-4|InternVL|Llama-3.2,1
mme-cot,GIL,796,CC,Gemma-4,1.0,0.5,Math,Gemma-4|InternVL|Llama-3.2,1
mme-cot,GIL,798,MiC,Gemma-4,0.0,0.9166666666666667,Science,Gemma-4|InternVL|Llama-3.2,1
mme-cot,GIL,811,MiC,Gemma-4,1.0,0.5,Science,Gemma-4|InternVL|Llama-3.2,1
mme-cot,GIL,826,MiC,Gemma-4,0.0,0.5,Science,Gemma-4|InternVL|Llama-3.2,1
mme-cot,GIL,829,CC,Gemma-4,1.0,0.0,Math,Gemma-4|InternVL|Llama-3.2,1
mme-cot,GIL,839,CC,Gemma-4,1.0,0.0,OCR,Gemma-4|InternVL|Llama-3.2,1
mme-cot,GIL,84,MiC,InternVL,0.0,0.5833333333333334,General Reasoning,Gemma-4|InternVL|Llama-3.2,2
mme-cot,GIL,840,CC,Gemma-4,0.3333333333333333,1.0,OCR,Gemma-4|InternVL|Llama-3.2,1
mme-cot,GIL,847,MiC,Gemma-4,1.0,0.5,OCR,Gemma-4|InternVL|Llama-3.2,1
mme-cot,GIL,878,MiC,Gemma-4,1.0,0.5,General Reasoning,Gemma-4|InternVL|Llama-3.2,1
mme-cot,GIL,953,MiC,InternVL,0.0,0.16666666666666666,Spatial-Temporal,Gemma-4|InternVL|Llama-3.2,2
mme-cot,GIP,1009,MiC,InternVL,1.0,1.0,Spatial-Temporal,Gemma-4|InternVL|Pixtral,2
mme-cot,GIP,1014,CC,InternVL,0.0,0.5,Spatial-Temporal,Gemma-4|InternVL|Pixtral,2
mme-cot,GIP,102,CC,Pixtral,0.0,0.5,Logic,Gemma-4|InternVL|Pixtral,3
mme-cot,GIP,1041,CC,InternVL,0.3333333333333333,0.5,Spatial-Temporal,Gemma-4|InternVL|Pixtral,2
mme-cot,GIP,109,CC,InternVL,0.3333333333333333,0.5,Math,Gemma-4|InternVL|Pixtral,2
mme-cot,GIP,1091,MiC,Pixtral,0.0,0.16666666666666666,General Reasoning,Gemma-4|InternVL|Pixtral,3
mme-cot,GIP,110,CC,InternVL,1.0,0.5833333333333334,Math,Gemma-4|InternVL|Pixtral,2
mme-cot,GIP,1110,CC,InternVL,0.0,0.5,General Reasoning,Gemma-4|InternVL|Pixtral,2
mme-cot,GIP,1117,CC,Gemma-4,1.0,1.0,General Reasoning,Gemma-4|InternVL|Pixtral,1
mme-cot,GIP,118,CC,InternVL,0.0,0.5,Math,Gemma-4|InternVL|Pixtral,2
mme-cot,GIP,12,CC,Gemma-4,1.0,0.5,Math,Gemma-4|InternVL|Pixtral,1
mme-cot,GIP,132,CC,Gemma-4,0.3333333333333333,0.25,Logic,Gemma-4|InternVL|Pixtral,1
mme-cot,GIP,146,CC,Gemma-4,1.0,0.4166666666666667,Math,Gemma-4|InternVL|Pixtral,1
mme-cot,GIP,151,CC,Gemma-4,0.0,0.5,Science,Gemma-4|InternVL|Pixtral,1
mme-cot,GIP,153,CC,Gemma-4,0.3333333333333333,0.5,Math,Gemma-4|InternVL|Pixtral,1
mme-cot,GIP,155,MiC,Gemma-4,0.0,0.5,Math,Gemma-4|InternVL|Pixtral,1
mme-cot,GIP,156,CC,InternVL,1.0,0.5833333333333334,Logic,Gemma-4|InternVL|Pixtral,2
mme-cot,GIP,157,MiC,Gemma-4,1.0,0.8333333333333333,Science,Gemma-4|InternVL|Pixtral,1
mme-cot,GIP,159,CC,Gemma-4,1.0,0.08333333333333333,Science,Gemma-4|InternVL|Pixtral,1
mme-cot,GIP,16,CC,InternVL,1.0,0.75,Math,Gemma-4|InternVL|Pixtral,2
mme-cot,GIP,165,CC,Gemma-4,0.0,0.75,Math,Gemma-4|InternVL|Pixtral,1
mme-cot,GIP,185,MiC,Pixtral,0.0,0.4166666666666667,Science,Gemma-4|InternVL|Pixtral,3
mme-cot,GIP,189,MiC,Pixtral,1.0,0.75,Science,Gemma-4|InternVL|Pixtral,3
mme-cot,GIP,192,CC,Pixtral,0.3333333333333333,0.5,Science,Gemma-4|InternVL|Pixtral,3
mme-cot,GIP,198,CC,InternVL,1.0,0.5,Science,Gemma-4|InternVL|Pixtral,2
mme-cot,GIP,201,MiC,InternVL,1.0,0.5833333333333334,Science,Gemma-4|InternVL|Pixtral,2
mme-cot,GIP,205,CC,InternVL,0.3333333333333333,0.4166666666666667,Math,Gemma-4|InternVL|Pixtral,2
mme-cot,GIP,208,CC,InternVL,0.3333333333333333,0.5,Math,Gemma-4|InternVL|Pixtral,2
mme-cot,GIP,21,CC,Gemma-4,1.0,0.5,Math,Gemma-4|InternVL|Pixtral,1
mme-cot,GIP,216,CC,InternVL,0.0,0.25,General Reasoning,Gemma-4|InternVL|Pixtral,2
mme-cot,GIP,247,CC,Gemma-4,0.3333333333333333,0.5,Math,Gemma-4|InternVL|Pixtral,1
mme-cot,GIP,249,CC,Gemma-4,1.0,0.5,Science,Gemma-4|InternVL|Pixtral,1
mme-cot,GIP,25,MiC,Gemma-4,0.0,0.5833333333333334,Science,Gemma-4|InternVL|Pixtral,1
mme-cot,GIP,255,CC,Gemma-4,0.0,0.8333333333333333,Math,Gemma-4|InternVL|Pixtral,1
mme-cot,GIP,256,CC,Gemma-4,0.3333333333333333,0.25,Logic,Gemma-4|InternVL|Pixtral,1
mme-cot,GIP,257,CC,Gemma-4,0.3333333333333333,0.5,Math,Gemma-4|InternVL|Pixtral,1
mme-cot,GIP,259,MiC,InternVL,0.0,0.0,Logic,Gemma-4|InternVL|Pixtral,2
mme-cot,GIP,26,MiC,Gemma-4,0.0,0.16666666666666666,Science,Gemma-4|InternVL|Pixtral,1
mme-cot,GIP,267,MiC,InternVL,0.3333333333333333,0.16666666666666666,Logic,Gemma-4|InternVL|Pixtral,2
mme-cot,GIP,27,CC,Gemma-4,0.3333333333333333,0.5833333333333334,Math,Gemma-4|InternVL|Pixtral,1
mme-cot,GIP,277,CC,Gemma-4,0.3333333333333333,0.08333333333333333,Logic,Gemma-4|InternVL|Pixtral,1
mme-cot,GIP,281,MiC,Gemma-4,1.0,0.5833333333333334,Science,Gemma-4|InternVL|Pixtral,1
mme-cot,GIP,294,CC,Gemma-4,1.0,0.5,Math,Gemma-4|InternVL|Pixtral,1
mme-cot,GIP,309,MiC,Gemma-4,1.0,0.9166666666666667,OCR,Gemma-4|InternVL|Pixtral,1
mme-cot,GIP,312,CC,Gemma-4,1.0,0.5,Math,Gemma-4|InternVL|Pixtral,1
mme-cot,GIP,315,MiC,Pixtral,0.0,0.5833333333333334,General Reasoning,Gemma-4|InternVL|Pixtral,3
mme-cot,GIP,325,MiC,Pixtral,1.0,0.08333333333333333,General Reasoning,Gemma-4|InternVL|Pixtral,3
mme-cot,GIP,33,CC,Gemma-4,0.0,0.5,Math,Gemma-4|InternVL|Pixtral,1
mme-cot,GIP,344,CC,Gemma-4,0.3333333333333333,0.5,Math,Gemma-4|InternVL|Pixtral,1
mme-cot,GIP,354,MiC,InternVL,0.0,0.6666666666666666,General Reasoning,Gemma-4|InternVL|Pixtral,2
mme-cot,GIP,358,MiC,Gemma-4,1.0,0.5,General Reasoning,Gemma-4|InternVL|Pixtral,1
mme-cot,GIP,374,CC,Gemma-4,0.3333333333333333,0.4166666666666667,Math,Gemma-4|InternVL|Pixtral,1
mme-cot,GIP,376,CC,Gemma-4,0.0,0.5,Math,Gemma-4|InternVL|Pixtral,1
mme-cot,GIP,379,CC,Gemma-4,1.0,0.5,Math,Gemma-4|InternVL|Pixtral,1
mme-cot,GIP,39,CC,Gemma-4,1.0,0.5,Math,Gemma-4|InternVL|Pixtral,1
mme-cot,GIP,40,CC,Gemma-4,0.3333333333333333,0.4166666666666667,Logic,Gemma-4|InternVL|Pixtral,1
mme-cot,GIP,409,CC,Gemma-4,0.0,0.5,Math,Gemma-4|InternVL|Pixtral,1
mme-cot,GIP,416,CC,Gemma-4,0.3333333333333333,0.5,Math,Gemma-4|InternVL|Pixtral,1
mme-cot,GIP,421,CC,Gemma-4,1.0,0.5,Math,Gemma-4|InternVL|Pixtral,1
mme-cot,GIP,44,CC,Gemma-4,0.3333333333333333,0.5,Math,Gemma-4|InternVL|Pixtral,1
mme-cot,GIP,452,CC,InternVL,0.0,0.08333333333333333,Logic,Gemma-4|InternVL|Pixtral,2
mme-cot,GIP,453,CC,Gemma-4,0.3333333333333333,0.0,Logic,Gemma-4|InternVL|Pixtral,1
mme-cot,GIP,455,CC,InternVL,0.3333333333333333,0.5,Math,Gemma-4|InternVL|Pixtral,2
mme-cot,GIP,457,CC,Gemma-4,1.0,0.5,Logic,Gemma-4|InternVL|Pixtral,1
mme-cot,GIP,470,CC,InternVL,1.0,0.3333333333333333,Logic,Gemma-4|InternVL|Pixtral,2
mme-cot,GIP,476,CC,Pixtral,0.3333333333333333,0.08333333333333333,Logic,Gemma-4|InternVL|Pixtral,3
mme-cot,GIP,479,CC,InternVL,0.0,0.16666666666666666,Logic,Gemma-4|InternVL|Pixtral,2
mme-cot,GIP,48,CC,Gemma-4,0.0,0.4166666666666667,Science,Gemma-4|InternVL|Pixtral,1
mme-cot,GIP,480,CC,InternVL,0.3333333333333333,0.5,Math,Gemma-4|InternVL|Pixtral,2
mme-cot,GIP,492,CC,Gemma-4,1.0,0.3333333333333333,Logic,Gemma-4|InternVL|Pixtral,1
mme-cot,GIP,496,CC,InternVL,1.0,1.0,Math,Gemma-4|InternVL|Pixtral,2
mme-cot,GIP,498,CC,Gemma-4,0.3333333333333333,0.75,Math,Gemma-4|InternVL|Pixtral,1
mme-cot,GIP,499,CC,Pixtral,0.3333333333333333,0.08333333333333333,Logic,Gemma-4|InternVL|Pixtral,3
mme-cot,GIP,500,MiC,Gemma-4,0.0,0.16666666666666666,Spatial-Temporal,Gemma-4|InternVL|Pixtral,1
mme-cot,GIP,501,CC,InternVL,1.0,0.9166666666666667,Math,Gemma-4|InternVL|Pixtral,2
mme-cot,GIP,506,CC,InternVL,0.3333333333333333,0.16666666666666666,Logic,Gemma-4|InternVL|Pixtral,2
mme-cot,GIP,508,MiC,InternVL,0.3333333333333333,0.8333333333333333,Spatial-Temporal,Gemma-4|InternVL|Pixtral,2
mme-cot,GIP,509,CC,Gemma-4,0.3333333333333333,0.5,Math,Gemma-4|InternVL|Pixtral,1
mme-cot,GIP,511,MiC,Pixtral,0.0,0.0,Logic,Gemma-4|InternVL|Pixtral,3
mme-cot,GIP,512,MiC,InternVL,0.0,0.6666666666666666,Logic,Gemma-4|InternVL|Pixtral,2
mme-cot,GIP,521,CC,InternVL,0.3333333333333333,0.5,Math,Gemma-4|InternVL|Pixtral,2
mme-cot,GIP,580,MiC,Gemma-4,0.0,0.5833333333333334,Math,Gemma-4|InternVL|Pixtral,1
mme-cot,GIP,596,CC,Gemma-4,0.3333333333333333,0.3333333333333333,Science,Gemma-4|InternVL|Pixtral,1
mme-cot,GIP,6,CC,Gemma-4,0.0,0.5,Math,Gemma-4|InternVL|Pixtral,1
mme-cot,GIP,601,MiC,Gemma-4,0.0,0.5833333333333334,Math,Gemma-4|InternVL|Pixtral,1
mme-cot,GIP,612,CC,Gemma-4,0.3333333333333333,0.5,Math,Gemma-4|InternVL|Pixtral,1
mme-cot,GIP,620,CC,Gemma-4,0.3333333333333333,0.5833333333333334,Math,Gemma-4|InternVL|Pixtral,1
mme-cot,GIP,623,CC,Gemma-4,1.0,0.5,Math,Gemma-4|InternVL|Pixtral,1
mme-cot,GIP,624,MiC,InternVL,0.0,0.6666666666666666,Spatial-Temporal,Gemma-4|InternVL|Pixtral,2
mme-cot,GIP,634,MiC,Gemma-4,1.0,0.6666666666666666,Math,Gemma-4|InternVL|Pixtral,1
mme-cot,GIP,636,CC,InternVL,1.0,0.5,Math,Gemma-4|InternVL|Pixtral,2
mme-cot,GIP,640,CC,Gemma-4,1.0,0.5833333333333334,Math,Gemma-4|InternVL|Pixtral,1
mme-cot,GIP,642,CC,InternVL,1.0,0.5,Math,Gemma-4|InternVL|Pixtral,2
mme-cot,GIP,649,CC,InternVL,1.0,0.0,Science,Gemma-4|InternVL|Pixtral,2
mme-cot,GIP,650,MiC,Pixtral,0.0,0.25,Math,Gemma-4|InternVL|Pixtral,3
mme-cot,GIP,659,MiC,Gemma-4,1.0,0.0,Math,Gemma-4|InternVL|Pixtral,1
mme-cot,GIP,660,CC,Gemma-4,1.0,0.6666666666666666,Science,Gemma-4|InternVL|Pixtral,1
mme-cot,GIP,668,CC,Gemma-4,0.0,0.5,Math,Gemma-4|InternVL|Pixtral,1
mme-cot,GIP,672,CC,Gemma-4,1.0,0.25,Math,Gemma-4|InternVL|Pixtral,1
mme-cot,GIP,678,MiC,Gemma-4,0.0,0.5833333333333334,Math,Gemma-4|InternVL|Pixtral,1
mme-cot,GIP,679,MiC,Gemma-4,1.0,0.5,Math,Gemma-4|InternVL|Pixtral,1
mme-cot,GIP,681,MiC,Gemma-4,0.0,0.8333333333333333,Math,Gemma-4|InternVL|Pixtral,1
mme-cot,GIP,682,CC,Gemma-4,1.0,0.6666666666666666,Math,Gemma-4|InternVL|Pixtral,1
mme-cot,GIP,684,MiC,Gemma-4,0.0,0.5833333333333333,Science,Gemma-4|InternVL|Pixtral,1
mme-cot,GIP,686,CC,InternVL,1.0,0.5,Science,Gemma-4|InternVL|Pixtral,2
mme-cot,GIP,687,CC,Gemma-4,0.3333333333333333,0.6666666666666666,Math,Gemma-4|InternVL|Pixtral,1
mme-cot,GIP,688,CC,Gemma-4,1.0,0.5,Math,Gemma-4|InternVL|Pixtral,1
mme-cot,GIP,689,CC,Pixtral,0.3333333333333333,0.25,Math,Gemma-4|InternVL|Pixtral,3
mme-cot,GIP,692,MiC,Pixtral,0.0,0.5,Science,Gemma-4|InternVL|Pixtral,3
mme-cot,GIP,693,CC,Gemma-4,0.0,0.5,Science,Gemma-4|InternVL|Pixtral,1
mme-cot,GIP,696,CC,Gemma-4,1.0,0.6666666666666666,Science,Gemma-4|InternVL|Pixtral,1
mme-cot,GIP,699,CC,Gemma-4,0.0,0.5,Math,Gemma-4|InternVL|Pixtral,1
mme-cot,GIP,707,CC,InternVL,0.3333333333333333,0.4166666666666667,Science,Gemma-4|InternVL|Pixtral,2
mme-cot,GIP,716,MiC,Gemma-4,1.0,0.08333333333333333,Math,Gemma-4|InternVL|Pixtral,1
mme-cot,GIP,735,MiC,InternVL,0.0,1.0,OCR,Gemma-4|InternVL|Pixtral,2
mme-cot,GIP,737,CC,InternVL,0.0,0.41666666666666663,OCR,Gemma-4|InternVL|Pixtral,2
mme-cot,GIP,744,CC,Gemma-4,1.0,0.5,Math,Gemma-4|InternVL|Pixtral,1
mme-cot,GIP,770,CC,InternVL,1.0,0.16666666666666666,OCR,Gemma-4|InternVL|Pixtral,2
mme-cot,GIP,771,MiC,InternVL,1.0,0.75,OCR,Gemma-4|InternVL|Pixtral,2
mme-cot,GIP,773,MiC,InternVL,0.0,0.08333333333333333,Science,Gemma-4|InternVL|Pixtral,2
mme-cot,GIP,779,MiC,InternVL,1.0,0.5,Science,Gemma-4|InternVL|Pixtral,2
mme-cot,GIP,782,CC,InternVL,1.0,0.4166666666666667,OCR,Gemma-4|InternVL|Pixtral,2
mme-cot,GIP,787,CC,InternVL,0.0,0.0,OCR,Gemma-4|InternVL|Pixtral,2
mme-cot,GIP,790,MiC,Gemma-4,1.0,0.41666666666666663,Math,Gemma-4|InternVL|Pixtral,1
mme-cot,GIP,796,CC,Gemma-4,1.0,0.5,Math,Gemma-4|InternVL|Pixtral,1
mme-cot,GIP,804,MiC,Gemma-4,0.0,0.6666666666666666,Science,Gemma-4|InternVL|Pixtral,1
mme-cot,GIP,808,CC,Gemma-4,1.0,0.5833333333333334,Science,Gemma-4|InternVL|Pixtral,1
mme-cot,GIP,812,MiC,Gemma-4,0.0,0.5,Science,Gemma-4|InternVL|Pixtral,1
mme-cot,GIP,826,MiC,Gemma-4,1.0,0.75,Science,Gemma-4|InternVL|Pixtral,1
mme-cot,GIP,829,MiC,Gemma-4,0.0,0.0,Math,Gemma-4|InternVL|Pixtral,1
mme-cot,GIP,836,CC,InternVL,0.0,0.0,Math,Gemma-4|InternVL|Pixtral,2
mme-cot,GIP,837,CC,Gemma-4,0.0,0.5833333333333334,Math,Gemma-4|InternVL|Pixtral,1
mme-cot,GIP,839,MiC,Gemma-4,1.0,0.08333333333333333,OCR,Gemma-4|InternVL|Pixtral,1
mme-cot,GIP,847,MiC,Gemma-4,0.0,0.5,OCR,Gemma-4|InternVL|Pixtral,1
mme-cot,GIP,872,MiC,InternVL,0.0,0.25,General Reasoning,Gemma-4|InternVL|Pixtral,2
mme-cot,GIP,877,CC,Pixtral,0.0,0.0,General Reasoning,Gemma-4|InternVL|Pixtral,3
mme-cot,GIP,878,MiC,Gemma-4,1.0,0.9166666666666667,General Reasoning,Gemma-4|InternVL|Pixtral,1
mme-cot,GIP,953,MiC,InternVL,0.0,0.0,Spatial-Temporal,Gemma-4|InternVL|Pixtral,2
mme-cot,GIP,96,CC,Pixtral,0.3333333333333333,0.08333333333333333,Logic,Gemma-4|InternVL|Pixtral,3
mme-cot,GIP,985,CC,Gemma-4,0.3333333333333333,0.8333333333333334,OCR,Gemma-4|InternVL|Pixtral,1
mme-cot,GIQ,102,CC,Qwen3.5,1.0,0.16666666666666666,Logic,Gemma-4|InternVL|Qwen3.5,1
mme-cot,GIQ,110,MiC,InternVL,0.0,0.08333333333333333,Math,Gemma-4|InternVL|Qwen3.5,3
mme-cot,GIQ,1106,MiC,Gemma-4,0.0,0.16666666666666666,General Reasoning,Gemma-4|InternVL|Qwen3.5,2
mme-cot,GIQ,1110,CC,InternVL,0.0,0.5,General Reasoning,Gemma-4|InternVL|Qwen3.5,3
mme-cot,GIQ,1121,CC,InternVL,1.0,0.3333333333333333,General Reasoning,Gemma-4|InternVL|Qwen3.5,3
mme-cot,GIQ,117,CC,Gemma-4,0.0,0.5833333333333333,Science,Gemma-4|InternVL|Qwen3.5,2
mme-cot,GIQ,118,CC,Qwen3.5,0.3333333333333333,0.0,Math,Gemma-4|InternVL|Qwen3.5,1
mme-cot,GIQ,132,CC,Gemma-4,0.0,0.0,Logic,Gemma-4|InternVL|Qwen3.5,2
mme-cot,GIQ,143,CC,Qwen3.5,1.0,0.0,Logic,Gemma-4|InternVL|Qwen3.5,1
mme-cot,GIQ,150,CC,Qwen3.5,0.0,0.16666666666666666,Math,Gemma-4|InternVL|Qwen3.5,1
mme-cot,GIQ,159,MiC,Gemma-4,0.0,0.0,Science,Gemma-4|InternVL|Qwen3.5,2
mme-cot,GIQ,16,MiC,InternVL,0.0,0.6666666666666667,Math,Gemma-4|InternVL|Qwen3.5,3
mme-cot,GIQ,165,CC,Gemma-4,0.3333333333333333,0.25,Math,Gemma-4|InternVL|Qwen3.5,2
mme-cot,GIQ,172,CC,Qwen3.5,1.0,0.08333333333333333,Science,Gemma-4|InternVL|Qwen3.5,1
mme-cot,GIQ,180,CC,Qwen3.5,1.0,0.16666666666666666,Logic,Gemma-4|InternVL|Qwen3.5,1
mme-cot,GIQ,181,MiC,Gemma-4,0.0,0.9166666666666667,Science,Gemma-4|InternVL|Qwen3.5,2
mme-cot,GIQ,189,MiC,Qwen3.5,1.0,0.75,Science,Gemma-4|InternVL|Qwen3.5,1
mme-cot,GIQ,192,CC,Qwen3.5,1.0,0.5,Science,Gemma-4|InternVL|Qwen3.5,1
mme-cot,GIQ,195,CC,Qwen3.5,0.0,0.0,Math,Gemma-4|InternVL|Qwen3.5,1
mme-cot,GIQ,201,MiC,Qwen3.5,1.0,0.16666666666666666,Science,Gemma-4|InternVL|Qwen3.5,1
mme-cot,GIQ,208,MiC,Qwen3.5,0.0,0.0,Math,Gemma-4|InternVL|Qwen3.5,1
mme-cot,GIQ,214,MiC,InternVL,0.0,0.5,General Reasoning,Gemma-4|InternVL|Qwen3.5,3
mme-cot,GIQ,245,MiC,Qwen3.5,1.0,0.5,General Reasoning,Gemma-4|InternVL|Qwen3.5,1
mme-cot,GIQ,251,CC,Qwen3.5,0.0,0.08333333333333333,Logic,Gemma-4|InternVL|Qwen3.5,1
mme-cot,GIQ,259,MiC,InternVL,0.0,0.0,Logic,Gemma-4|InternVL|Qwen3.5,3
mme-cot,GIQ,267,MiC,InternVL,0.0,0.16666666666666666,Logic,Gemma-4|InternVL|Qwen3.5,3
mme-cot,GIQ,278,CC,Qwen3.5,0.0,0.0,Math,Gemma-4|InternVL|Qwen3.5,1
mme-cot,GIQ,290,MiC,Qwen3.5,0.0,0.0,Logic,Gemma-4|InternVL|Qwen3.5,1
mme-cot,GIQ,298,CC,Qwen3.5,1.0,0.16666666666666666,OCR,Gemma-4|InternVL|Qwen3.5,1
mme-cot,GIQ,30,MiC,InternVL,0.0,0.08333333333333333,Logic,Gemma-4|InternVL|Qwen3.5,3
mme-cot,GIQ,308,CC,Qwen3.5,1.0,0.0,Logic,Gemma-4|InternVL|Qwen3.5,1
mme-cot,GIQ,312,CC,Qwen3.5,1.0,0.0,Math,Gemma-4|InternVL|Qwen3.5,1
mme-cot,GIQ,321,MiC,InternVL,0.0,0.9166666666666667,General Reasoning,Gemma-4|InternVL|Qwen3.5,3
mme-cot,GIQ,325,MiC,Gemma-4,0.0,0.5833333333333334,General Reasoning,Gemma-4|InternVL|Qwen3.5,2
mme-cot,GIQ,341,MiC,Qwen3.5,0.0,0.0,General Reasoning,Gemma-4|InternVL|Qwen3.5,1
mme-cot,GIQ,344,CC,Qwen3.5,1.0,0.0,Math,Gemma-4|InternVL|Qwen3.5,1
mme-cot,GIQ,348,CC,Qwen3.5,0.3333333333333333,0.0,Math,Gemma-4|InternVL|Qwen3.5,1
mme-cot,GIQ,349,MiC,Gemma-4,1.0,1.0,General Reasoning,Gemma-4|InternVL|Qwen3.5,2
mme-cot,GIQ,39,CC,Gemma-4,0.3333333333333333,0.0,Math,Gemma-4|InternVL|Qwen3.5,2
mme-cot,GIQ,40,CC,Gemma-4,0.0,0.16666666666666666,Logic,Gemma-4|InternVL|Qwen3.5,2
mme-cot,GIQ,412,CC,Gemma-4,0.3333333333333333,0.0,Math,Gemma-4|InternVL|Qwen3.5,2
mme-cot,GIQ,415,CC,Qwen3.5,1.0,0.16666666666666666,Math,Gemma-4|InternVL|Qwen3.5,1
mme-cot,GIQ,435,MiC,Gemma-4,0.3333333333333333,0.0,Math,Gemma-4|InternVL|Qwen3.5,2
mme-cot,GIQ,453,CC,Gemma-4,0.0,0.0,Logic,Gemma-4|InternVL|Qwen3.5,2
mme-cot,GIQ,455,CC,InternVL,1.0,0.0,Math,Gemma-4|InternVL|Qwen3.5,3
mme-cot,GIQ,469,CC,Qwen3.5,1.0,0.4166666666666667,Math,Gemma-4|InternVL|Qwen3.5,1
mme-cot,GIQ,473,CC,InternVL,0.0,0.16666666666666666,Logic,Gemma-4|InternVL|Qwen3.5,3
mme-cot,GIQ,476,CC,Qwen3.5,0.0,0.25,Logic,Gemma-4|InternVL|Qwen3.5,1
mme-cot,GIQ,480,MiC,InternVL,0.0,0.0,Math,Gemma-4|InternVL|Qwen3.5,3
mme-cot,GIQ,494,CC,Gemma-4,0.0,0.16666666666666666,Logic,Gemma-4|InternVL|Qwen3.5,2
mme-cot,GIQ,496,MiC,InternVL,0.0,1.0,Math,Gemma-4|InternVL|Qwen3.5,3
mme-cot,GIQ,497,CC,Qwen3.5,0.0,0.08333333333333333,Logic,Gemma-4|InternVL|Qwen3.5,1
mme-cot,GIQ,500,MiC,Gemma-4,0.0,0.16666666666666666,Spatial-Temporal,Gemma-4|InternVL|Qwen3.5,2
mme-cot,GIQ,501,MiC,InternVL,0.0,0.8333333333333334,Math,Gemma-4|InternVL|Qwen3.5,3
mme-cot,GIQ,503,CC,Qwen3.5,1.0,0.08333333333333333,Logic,Gemma-4|InternVL|Qwen3.5,1
mme-cot,GIQ,504,CC,Gemma-4,0.0,0.0,Logic,Gemma-4|InternVL|Qwen3.5,2
mme-cot,GIQ,511,CC,InternVL,0.0,0.16666666666666666,Logic,Gemma-4|InternVL|Qwen3.5,3
mme-cot,GIQ,512,CC,Qwen3.5,1.0,0.16666666666666666,Logic,Gemma-4|InternVL|Qwen3.5,1
mme-cot,GIQ,513,CC,Qwen3.5,1.0,0.41666666666666663,Logic,Gemma-4|InternVL|Qwen3.5,1
mme-cot,GIQ,514,CC,InternVL,0.0,0.08333333333333333,Logic,Gemma-4|InternVL|Qwen3.5,3
mme-cot,GIQ,521,MiC,InternVL,0.0,0.08333333333333333,Math,Gemma-4|InternVL|Qwen3.5,3
mme-cot,GIQ,531,MiC,InternVL,0.0,0.0,Math,Gemma-4|InternVL|Qwen3.5,3
mme-cot,GIQ,556,CC,Qwen3.5,0.3333333333333333,0.08333333333333333,Math,Gemma-4|InternVL|Qwen3.5,1
mme-cot,GIQ,587,CC,Qwen3.5,1.0,0.0,Math,Gemma-4|InternVL|Qwen3.5,1
mme-cot,GIQ,596,CC,Gemma-4,1.0,0.0,Science,Gemma-4|InternVL|Qwen3.5,2
mme-cot,GIQ,6,CC,Gemma-4,0.3333333333333333,0.0,Math,Gemma-4|InternVL|Qwen3.5,2
mme-cot,GIQ,621,CC,Qwen3.5,1.0,0.0,Math,Gemma-4|InternVL|Qwen3.5,1
mme-cot,GIQ,632,MiC,Qwen3.5,0.0,0.0,Math,Gemma-4|InternVL|Qwen3.5,1
mme-cot,GIQ,643,CC,InternVL,0.0,0.5833333333333334,Math,Gemma-4|InternVL|Qwen3.5,3
mme-cot,GIQ,646,CC,Qwen3.5,1.0,0.0,Math,Gemma-4|InternVL|Qwen3.5,1
mme-cot,GIQ,649,CC,InternVL,0.0,0.08333333333333333,Science,Gemma-4|InternVL|Qwen3.5,3
mme-cot,GIQ,65,MiC,Qwen3.5,1.0,0.5,General Reasoning,Gemma-4|InternVL|Qwen3.5,1
mme-cot,GIQ,650,MiC,Qwen3.5,1.0,0.41666666666666663,Math,Gemma-4|InternVL|Qwen3.5,1
mme-cot,GIQ,659,MiC,Gemma-4,1.0,0.0,Math,Gemma-4|InternVL|Qwen3.5,2
mme-cot,GIQ,671,CC,Gemma-4,1.0,0.0,Science,Gemma-4|InternVL|Qwen3.5,2
mme-cot,GIQ,679,MiC,Qwen3.5,1.0,0.0,Math,Gemma-4|InternVL|Qwen3.5,1
mme-cot,GIQ,684,CC,Gemma-4,0.0,0.3333333333333333,Science,Gemma-4|InternVL|Qwen3.5,2
mme-cot,GIQ,689,CC,Qwen3.5,0.0,0.5,Math,Gemma-4|InternVL|Qwen3.5,1
mme-cot,GIQ,692,MiC,Qwen3.5,1.0,0.25,Science,Gemma-4|InternVL|Qwen3.5,1
mme-cot,GIQ,716,CC,Gemma-4,1.0,0.08333333333333333,Math,Gemma-4|InternVL|Qwen3.5,2
mme-cot,GIQ,773,MiC,InternVL,0.0,0.0,Science,Gemma-4|InternVL|Qwen3.5,3
mme-cot,GIQ,777,CC,Qwen3.5,1.0,0.0,Math,Gemma-4|InternVL|Qwen3.5,1
mme-cot,GIQ,782,CC,Qwen3.5,1.0,0.08333333333333333,OCR,Gemma-4|InternVL|Qwen3.5,1
mme-cot,GIQ,787,CC,InternVL,0.0,0.08333333333333333,OCR,Gemma-4|InternVL|Qwen3.5,3
mme-cot,GIQ,792,CC,Qwen3.5,1.0,0.08333333333333333,Science,Gemma-4|InternVL|Qwen3.5,1
mme-cot,GIQ,801,MiC,Qwen3.5,1.0,0.0,Science,Gemma-4|InternVL|Qwen3.5,1
mme-cot,GIQ,829,CC,Gemma-4,1.0,0.0,Math,Gemma-4|InternVL|Qwen3.5,2
mme-cot,GIQ,836,CC,InternVL,0.0,0.0,Math,Gemma-4|InternVL|Qwen3.5,3
mme-cot,GIQ,839,MiC,Gemma-4,0.0,0.08333333333333333,OCR,Gemma-4|InternVL|Qwen3.5,2
mme-cot,GIQ,84,MiC,InternVL,0.0,0.5,General Reasoning,Gemma-4|InternVL|Qwen3.5,3
mme-cot,GIQ,867,MiC,Qwen3.5,1.0,0.16666666666666666,General Reasoning,Gemma-4|InternVL|Qwen3.5,1
mme-cot,GIQ,872,MiC,InternVL,0.0,0.25,General Reasoning,Gemma-4|InternVL|Qwen3.5,3
mme-cot,GIQ,879,CC,Qwen3.5,1.0,0.0,General Reasoning,Gemma-4|InternVL|Qwen3.5,1
mme-cot,GIQ,953,MiC,InternVL,0.0,0.16666666666666666,Spatial-Temporal,Gemma-4|InternVL|Qwen3.5,3
mme-cot,GIQ,96,CC,InternVL,0.0,0.5,Logic,Gemma-4|InternVL|Qwen3.5,3
mme-cot,GLP,1014,CC,Gemma-4,1.0,1.0,Spatial-Temporal,Gemma-4|Llama-3.2|Pixtral,1
mme-cot,GLP,102,CC,Gemma-4,0.3333333333333333,0.5,Logic,Gemma-4|Llama-3.2|Pixtral,1
mme-cot,GLP,1044,MiC,Pixtral,1.0,1.0,Spatial-Temporal,Gemma-4|Llama-3.2|Pixtral,2
mme-cot,GLP,106,CC,Pixtral,0.0,0.9166666666666667,OCR,Gemma-4|Llama-3.2|Pixtral,2
mme-cot,GLP,1106,CC,Gemma-4,0.0,0.08333333333333333,General Reasoning,Gemma-4|Llama-3.2|Pixtral,1
mme-cot,GLP,1110,CC,Llama-3.2,0.0,0.3333333333333333,General Reasoning,Gemma-4|Llama-3.2|Pixtral,3
mme-cot,GLP,1121,CC,Pixtral,0.0,0.16666666666666666,General Reasoning,Gemma-4|Llama-3.2|Pixtral,2
mme-cot,GLP,113,MiC,Gemma-4,1.0,0.8333333333333333,Math,Gemma-4|Llama-3.2|Pixtral,1
mme-cot,GLP,115,CC,Gemma-4,1.0,0.5833333333333334,Science,Gemma-4|Llama-3.2|Pixtral,1
mme-cot,GLP,116,CC,Gemma-4,0.0,0.5833333333333334,Math,Gemma-4|Llama-3.2|Pixtral,1
mme-cot,GLP,12,CC,Gemma-4,0.3333333333333333,0.5,Math,Gemma-4|Llama-3.2|Pixtral,1
mme-cot,GLP,143,CC,Gemma-4,0.0,0.3333333333333333,Logic,Gemma-4|Llama-3.2|Pixtral,1
mme-cot,GLP,144,CC,Gemma-4,0.0,0.6666666666666667,Science,Gemma-4|Llama-3.2|Pixtral,1
mme-cot,GLP,146,CC,Gemma-4,1.0,0.4166666666666667,Math,Gemma-4|Llama-3.2|Pixtral,1
mme-cot,GLP,150,CC,Gemma-4,0.0,0.5,Math,Gemma-4|Llama-3.2|Pixtral,1
mme-cot,GLP,151,CC,Gemma-4,1.0,0.5,Science,Gemma-4|Llama-3.2|Pixtral,1
mme-cot,GLP,152,CC,Pixtral,0.3333333333333333,0.0,Logic,Gemma-4|Llama-3.2|Pixtral,2
mme-cot,GLP,153,CC,Gemma-4,0.0,0.5,Math,Gemma-4|Llama-3.2|Pixtral,1
mme-cot,GLP,155,CC,Gemma-4,1.0,0.5,Math,Gemma-4|Llama-3.2|Pixtral,1
mme-cot,GLP,156,CC,Gemma-4,1.0,1.0,Logic,Gemma-4|Llama-3.2|Pixtral,1
mme-cot,GLP,16,CC,Pixtral,0.3333333333333333,1.0,Math,Gemma-4|Llama-3.2|Pixtral,2
mme-cot,GLP,183,MiC,Gemma-4,0.0,0.6666666666666666,Math,Gemma-4|Llama-3.2|Pixtral,1
mme-cot,GLP,189,MiC,Pixtral,1.0,0.5,Science,Gemma-4|Llama-3.2|Pixtral,2
mme-cot,GLP,19,MiC,Gemma-4,1.0,1.0,Science,Gemma-4|Llama-3.2|Pixtral,1
mme-cot,GLP,192,CC,Pixtral,0.0,0.6666666666666666,Science,Gemma-4|Llama-3.2|Pixtral,2
mme-cot,GLP,194,CC,Gemma-4,1.0,1.0,Science,Gemma-4|Llama-3.2|Pixtral,1
mme-cot,GLP,196,CC,Gemma-4,0.0,1.0,Math,Gemma-4|Llama-3.2|Pixtral,1
mme-cot,GLP,198,MiC,Pixtral,1.0,1.0,Science,Gemma-4|Llama-3.2|Pixtral,2
mme-cot,GLP,203,MiC,Gemma-4,1.0,0.5833333333333334,Math,Gemma-4|Llama-3.2|Pixtral,1
mme-cot,GLP,204,MiC,Gemma-4,0.0,1.0,Science,Gemma-4|Llama-3.2|Pixtral,1
mme-cot,GLP,205,MiC,Llama-3.2,1.0,0.3333333333333333,Math,Gemma-4|Llama-3.2|Pixtral,3
mme-cot,GLP,207,MiC,Pixtral,1.0,0.5833333333333334,Science,Gemma-4|Llama-3.2|Pixtral,2
mme-cot,GLP,21,CC,Gemma-4,0.3333333333333333,0.75,Math,Gemma-4|Llama-3.2|Pixtral,1
mme-cot,GLP,214,MiC,Llama-3.2,0.0,0.5,General Reasoning,Gemma-4|Llama-3.2|Pixtral,3
mme-cot,GLP,245,CC,Llama-3.2,0.0,0.5,General Reasoning,Gemma-4|Llama-3.2|Pixtral,3
mme-cot,GLP,247,CC,Gemma-4,0.3333333333333333,0.5,Math,Gemma-4|Llama-3.2|Pixtral,1
mme-cot,GLP,248,MiC,Gemma-4,0.0,1.0,Math,Gemma-4|Llama-3.2|Pixtral,1
mme-cot,GLP,249,CC,Gemma-4,1.0,0.5833333333333334,Science,Gemma-4|Llama-3.2|Pixtral,1
mme-cot,GLP,251,CC,Llama-3.2,0.3333333333333333,0.08333333333333333,Logic,Gemma-4|Llama-3.2|Pixtral,3
mme-cot,GLP,254,CC,Gemma-4,1.0,0.75,Math,Gemma-4|Llama-3.2|Pixtral,1
mme-cot,GLP,257,CC,Gemma-4,0.3333333333333333,0.5,Math,Gemma-4|Llama-3.2|Pixtral,1
mme-cot,GLP,258,CC,Gemma-4,0.3333333333333333,1.0,Math,Gemma-4|Llama-3.2|Pixtral,1
mme-cot,GLP,260,CC,Gemma-4,1.0,1.0,Math,Gemma-4|Llama-3.2|Pixtral,1
mme-cot,GLP,263,CC,Pixtral,0.3333333333333333,0.41666666666666663,Logic,Gemma-4|Llama-3.2|Pixtral,2
mme-cot,GLP,264,CC,Gemma-4,1.0,0.9166666666666667,Science,Gemma-4|Llama-3.2|Pixtral,1
mme-cot,GLP,266,MiC,Gemma-4,0.0,1.0,Science,Gemma-4|Llama-3.2|Pixtral,1
mme-cot,GLP,277,CC,Gemma-4,1.0,0.08333333333333333,Logic,Gemma-4|Llama-3.2|Pixtral,1
mme-cot,GLP,280,CC,Pixtral,1.0,0.3333333333333333,Logic,Gemma-4|Llama-3.2|Pixtral,2
mme-cot,GLP,281,MiC,Gemma-4,1.0,0.9166666666666667,Science,Gemma-4|Llama-3.2|Pixtral,1
mme-cot,GLP,282,CC,Gemma-4,0.0,0.75,Math,Gemma-4|Llama-3.2|Pixtral,1
mme-cot,GLP,283,CC,Gemma-4,0.0,0.75,Math,Gemma-4|Llama-3.2|Pixtral,1
mme-cot,GLP,287,CC,Gemma-4,0.3333333333333333,1.0,Math,Gemma-4|Llama-3.2|Pixtral,1
mme-cot,GLP,288,CC,Gemma-4,0.3333333333333333,0.5,Logic,Gemma-4|Llama-3.2|Pixtral,1
mme-cot,GLP,289,MiC,Gemma-4,1.0,1.0,Science,Gemma-4|Llama-3.2|Pixtral,1
mme-cot,GLP,291,CC,Gemma-4,0.3333333333333333,0.5,Math,Gemma-4|Llama-3.2|Pixtral,1
mme-cot,GLP,294,MiC,Gemma-4,1.0,0.5,Math,Gemma-4|Llama-3.2|Pixtral,1
mme-cot,GLP,297,MiC,Gemma-4,1.0,0.5833333333333334,Science,Gemma-4|Llama-3.2|Pixtral,1
mme-cot,GLP,304,MiC,Llama-3.2,0.0,0.0,Science,Gemma-4|Llama-3.2|Pixtral,3
mme-cot,GLP,306,MiC,Gemma-4,1.0,1.0,Science,Gemma-4|Llama-3.2|Pixtral,1
mme-cot,GLP,31,CC,Gemma-4,1.0,1.0,Math,Gemma-4|Llama-3.2|Pixtral,1
mme-cot,GLP,312,CC,Gemma-4,0.3333333333333333,0.5,Math,Gemma-4|Llama-3.2|Pixtral,1
mme-cot,GLP,315,MiC,Pixtral,0.0,0.16666666666666666,General Reasoning,Gemma-4|Llama-3.2|Pixtral,2
mme-cot,GLP,33,CC,Gemma-4,0.3333333333333333,0.5,Math,Gemma-4|Llama-3.2|Pixtral,1
mme-cot,GLP,334,MiC,Gemma-4,1.0,1.0,General Reasoning,Gemma-4|Llama-3.2|Pixtral,1
mme-cot,GLP,34,MiC,Gemma-4,1.0,0.5,Science,Gemma-4|Llama-3.2|Pixtral,1
mme-cot,GLP,344,CC,Gemma-4,0.3333333333333333,0.5,Math,Gemma-4|Llama-3.2|Pixtral,1
mme-cot,GLP,354,MiC,Llama-3.2,0.0,0.3333333333333333,General Reasoning,Gemma-4|Llama-3.2|Pixtral,3
mme-cot,GLP,355,MiC,Gemma-4,0.0,0.8333333333333333,General Reasoning,Gemma-4|Llama-3.2|Pixtral,1
mme-cot,GLP,358,MiC,Gemma-4,1.0,0.5,General Reasoning,Gemma-4|Llama-3.2|Pixtral,1
mme-cot,GLP,370,CC,Gemma-4,0.3333333333333333,1.0,Math,Gemma-4|Llama-3.2|Pixtral,1
mme-cot,GLP,371,CC,Gemma-4,0.0,0.5,Science,Gemma-4|Llama-3.2|Pixtral,1
mme-cot,GLP,376,MiC,Gemma-4,0.0,0.5833333333333334,Math,Gemma-4|Llama-3.2|Pixtral,1
mme-cot,GLP,379,CC,Gemma-4,1.0,0.5,Math,Gemma-4|Llama-3.2|Pixtral,1
mme-cot,GLP,383,CC,Gemma-4,0.3333333333333333,1.0,Math,Gemma-4|Llama-3.2|Pixtral,1
mme-cot,GLP,386,CC,Gemma-4,0.0,0.5,Math,Gemma-4|Llama-3.2|Pixtral,1
mme-cot,GLP,39,CC,Gemma-4,1.0,0.5,Math,Gemma-4|Llama-3.2|Pixtral,1
mme-cot,GLP,409,CC,Gemma-4,0.0,0.5,Math,Gemma-4|Llama-3.2|Pixtral,1
mme-cot,GLP,412,CC,Gemma-4,1.0,0.6666666666666666,Math,Gemma-4|Llama-3.2|Pixtral,1
mme-cot,GLP,416,MiC,Gemma-4,0.3333333333333333,0.5833333333333334,Math,Gemma-4|Llama-3.2|Pixtral,1
mme-cot,GLP,421,CC,Gemma-4,0.0,0.5,Math,Gemma-4|Llama-3.2|Pixtral,1
mme-cot,GLP,430,CC,Gemma-4,0.3333333333333333,1.0,Math,Gemma-4|Llama-3.2|Pixtral,1
mme-cot,GLP,434,CC,Gemma-4,1.0,0.8333333333333333,Math,Gemma-4|Llama-3.2|Pixtral,1
mme-cot,GLP,435,CC,Gemma-4,0.3333333333333333,0.8333333333333333,Math,Gemma-4|Llama-3.2|Pixtral,1
mme-cot,GLP,44,CC,Gemma-4,1.0,0.5833333333333334,Math,Gemma-4|Llama-3.2|Pixtral,1
mme-cot,GLP,446,CC,Gemma-4,1.0,0.6666666666666666,Math,Gemma-4|Llama-3.2|Pixtral,1
mme-cot,GLP,459,CC,Gemma-4,1.0,0.0,Science,Gemma-4|Llama-3.2|Pixtral,1
mme-cot,GLP,465,MiC,Pixtral,0.0,0.25,Logic,Gemma-4|Llama-3.2|Pixtral,2
mme-cot,GLP,469,CC,Llama-3.2,0.0,0.5833333333333334,Math,Gemma-4|Llama-3.2|Pixtral,3
mme-cot,GLP,471,CC,Gemma-4,0.3333333333333333,0.9166666666666667,Logic,Gemma-4|Llama-3.2|Pixtral,1
mme-cot,GLP,472,CC,Llama-3.2,0.3333333333333333,0.16666666666666666,Logic,Gemma-4|Llama-3.2|Pixtral,3
mme-cot,GLP,48,MiC,Gemma-4,1.0,0.4166666666666667,Science,Gemma-4|Llama-3.2|Pixtral,1
mme-cot,GLP,481,CC,Gemma-4,1.0,0.9166666666666667,Logic,Gemma-4|Llama-3.2|Pixtral,1
mme-cot,GLP,494,CC,Gemma-4,0.0,0.3333333333333333,Logic,Gemma-4|Llama-3.2|Pixtral,1
mme-cot,GLP,496,CC,Pixtral,0.0,1.0,Math,Gemma-4|Llama-3.2|Pixtral,2
mme-cot,GLP,500,MiC,Gemma-4,0.0,0.0,Spatial-Temporal,Gemma-4|Llama-3.2|Pixtral,1
mme-cot,GLP,503,CC,Pixtral,0.3333333333333333,0.5833333333333334,Logic,Gemma-4|Llama-3.2|Pixtral,2
mme-cot,GLP,509,CC,Gemma-4,0.3333333333333333,0.8333333333333333,Math,Gemma-4|Llama-3.2|Pixtral,1
mme-cot,GLP,511,CC,Pixtral,0.3333333333333333,0.08333333333333333,Logic,Gemma-4|Llama-3.2|Pixtral,2
mme-cot,GLP,512,CC,Gemma-4,1.0,0.6666666666666666,Logic,Gemma-4|Llama-3.2|Pixtral,1
mme-cot,GLP,513,CC,Llama-3.2,0.0,0.4166666666666667,Logic,Gemma-4|Llama-3.2|Pixtral,3
mme-cot,GLP,515,CC,Llama-3.2,0.0,0.08333333333333333,Logic,Gemma-4|Llama-3.2|Pixtral,3
mme-cot,GLP,55,MiC,Llama-3.2,0.0,0.0,Spatial-Temporal,Gemma-4|Llama-3.2|Pixtral,3
mme-cot,GLP,580,CC,Gemma-4,1.0,0.75,Math,Gemma-4|Llama-3.2|Pixtral,1
mme-cot,GLP,596,CC,Gemma-4,0.3333333333333333,0.3333333333333333,Science,Gemma-4|Llama-3.2|Pixtral,1
mme-cot,GLP,6,CC,Gemma-4,0.3333333333333333,0.5,Math,Gemma-4|Llama-3.2|Pixtral,1
mme-cot,GLP,601,MiC,Gemma-4,0.0,0.5,Math,Gemma-4|Llama-3.2|Pixtral,1
mme-cot,GLP,612,CC,Gemma-4,0.0,0.5,Math,Gemma-4|Llama-3.2|Pixtral,1
mme-cot,GLP,614,CC,Gemma-4,0.3333333333333333,1.0,Math,Gemma-4|Llama-3.2|Pixtral,1
mme-cot,GLP,623,CC,Gemma-4,1.0,0.5833333333333334,Math,Gemma-4|Llama-3.2|Pixtral,1
mme-cot,GLP,624,MiC,Llama-3.2,0.0,1.0,Spatial-Temporal,Gemma-4|Llama-3.2|Pixtral,3
mme-cot,GLP,626,CC,Gemma-4,0.0,1.0,Math,Gemma-4|Llama-3.2|Pixtral,1
mme-cot,GLP,634,CC,Gemma-4,1.0,0.75,Math,Gemma-4|Llama-3.2|Pixtral,1
mme-cot,GLP,640,CC,Gemma-4,1.0,0.8333333333333333,Math,Gemma-4|Llama-3.2|Pixtral,1
mme-cot,GLP,644,MiC,Gemma-4,1.0,0.25,Math,Gemma-4|Llama-3.2|Pixtral,1
mme-cot,GLP,65,CC,Pixtral,1.0,0.3333333333333333,General Reasoning,Gemma-4|Llama-3.2|Pixtral,2
mme-cot,GLP,651,CC,Llama-3.2,0.0,0.0,Math,Gemma-4|Llama-3.2|Pixtral,3
mme-cot,GLP,656,MiC,Pixtral,0.0,1.0,Science,Gemma-4|Llama-3.2|Pixtral,2
mme-cot,GLP,660,CC,Gemma-4,0.0,0.5,Science,Gemma-4|Llama-3.2|Pixtral,1
mme-cot,GLP,662,MiC,Gemma-4,1.0,1.0,Math,Gemma-4|Llama-3.2|Pixtral,1
mme-cot,GLP,665,MiC,Gemma-4,0.0,0.0,Science,Gemma-4|Llama-3.2|Pixtral,1
mme-cot,GLP,666,MiC,Gemma-4,1.0,0.8333333333333333,Math,Gemma-4|Llama-3.2|Pixtral,1
mme-cot,GLP,668,CC,Gemma-4,0.0,0.5,Math,Gemma-4|Llama-3.2|Pixtral,1
mme-cot,GLP,669,CC,Gemma-4,0.3333333333333333,0.5,Science,Gemma-4|Llama-3.2|Pixtral,1
mme-cot,GLP,678,CC,Gemma-4,1.0,0.8333333333333333,Math,Gemma-4|Llama-3.2|Pixtral,1
mme-cot,GLP,679,CC,Gemma-4,1.0,0.5833333333333334,Math,Gemma-4|Llama-3.2|Pixtral,1
mme-cot,GLP,680,CC,Gemma-4,1.0,1.0,Math,Gemma-4|Llama-3.2|Pixtral,1
mme-cot,GLP,684,CC,Llama-3.2,0.3333333333333333,0.25,Science,Gemma-4|Llama-3.2|Pixtral,3
mme-cot,GLP,686,MiC,Gemma-4,1.0,0.9166666666666667,Science,Gemma-4|Llama-3.2|Pixtral,1
mme-cot,GLP,687,CC,Gemma-4,0.0,0.5833333333333334,Math,Gemma-4|Llama-3.2|Pixtral,1
mme-cot,GLP,688,CC,Gemma-4,0.0,0.5833333333333334,Math,Gemma-4|Llama-3.2|Pixtral,1
mme-cot,GLP,689,CC,Pixtral,0.0,0.08333333333333333,Math,Gemma-4|Llama-3.2|Pixtral,2
mme-cot,GLP,693,CC,Gemma-4,1.0,0.5833333333333334,Science,Gemma-4|Llama-3.2|Pixtral,1
mme-cot,GLP,695,CC,Llama-3.2,0.0,0.16666666666666666,Science,Gemma-4|Llama-3.2|Pixtral,3
mme-cot,GLP,696,CC,Gemma-4,1.0,0.75,Science,Gemma-4|Llama-3.2|Pixtral,1
mme-cot,GLP,699,MiC,Gemma-4,0.0,0.6666666666666666,Math,Gemma-4|Llama-3.2|Pixtral,1
mme-cot,GLP,707,CC,Llama-3.2,0.0,0.08333333333333333,Science,Gemma-4|Llama-3.2|Pixtral,3
mme-cot,GLP,709,MiC,Gemma-4,0.0,1.0,Science,Gemma-4|Llama-3.2|Pixtral,1
mme-cot,GLP,741,MiC,Gemma-4,1.0,0.3333333333333333,Math,Gemma-4|Llama-3.2|Pixtral,1
mme-cot,GLP,744,CC,Gemma-4,0.0,0.5,Math,Gemma-4|Llama-3.2|Pixtral,1
mme-cot,GLP,748,CC,Gemma-4,1.0,1.0,Math,Gemma-4|Llama-3.2|Pixtral,1
mme-cot,GLP,749,MiC,Gemma-4,0.0,1.0,Math,Gemma-4|Llama-3.2|Pixtral,1
mme-cot,GLP,766,CC,Gemma-4,1.0,0.5,Science,Gemma-4|Llama-3.2|Pixtral,1
mme-cot,GLP,770,CC,Gemma-4,0.3333333333333333,0.6666666666666666,OCR,Gemma-4|Llama-3.2|Pixtral,1
mme-cot,GLP,779,MiC,Gemma-4,1.0,1.0,Science,Gemma-4|Llama-3.2|Pixtral,1
mme-cot,GLP,790,MiC,Gemma-4,1.0,0.3333333333333333,Math,Gemma-4|Llama-3.2|Pixtral,1
mme-cot,GLP,796,CC,Gemma-4,1.0,0.5,Math,Gemma-4|Llama-3.2|Pixtral,1
mme-cot,GLP,800,CC,Gemma-4,1.0,1.0,Science,Gemma-4|Llama-3.2|Pixtral,1
mme-cot,GLP,808,MiC,Gemma-4,1.0,0.9166666666666667,Science,Gemma-4|Llama-3.2|Pixtral,1
mme-cot,GLP,809,CC,Gemma-4,1.0,1.0,Science,Gemma-4|Llama-3.2|Pixtral,1
mme-cot,GLP,811,MiC,Gemma-4,0.0,0.9166666666666667,Science,Gemma-4|Llama-3.2|Pixtral,1
mme-cot,GLP,812,CC,Gemma-4,1.0,0.6666666666666667,Science,Gemma-4|Llama-3.2|Pixtral,1
mme-cot,GLP,813,MiC,Gemma-4,1.0,0.75,Science,Gemma-4|Llama-3.2|Pixtral,1
mme-cot,GLP,820,MiC,Gemma-4,0.0,1.0,Science,Gemma-4|Llama-3.2|Pixtral,1
mme-cot,GLP,829,CC,Gemma-4,0.3333333333333333,0.0,Math,Gemma-4|Llama-3.2|Pixtral,1
mme-cot,GLP,830,MiC,Gemma-4,0.0,0.75,Math,Gemma-4|Llama-3.2|Pixtral,1
mme-cot,GLP,835,CC,Gemma-4,1.0,1.0,Math,Gemma-4|Llama-3.2|Pixtral,1
mme-cot,GLP,837,CC,Gemma-4,0.0,1.0,Math,Gemma-4|Llama-3.2|Pixtral,1
mme-cot,GLP,838,CC,Gemma-4,0.0,1.0,OCR,Gemma-4|Llama-3.2|Pixtral,1
mme-cot,GLP,839,CC,Gemma-4,0.3333333333333333,0.0,OCR,Gemma-4|Llama-3.2|Pixtral,1
mme-cot,GLP,84,MiC,Pixtral,0.0,0.5833333333333334,General Reasoning,Gemma-4|Llama-3.2|Pixtral,2
mme-cot,GLP,841,CC,Gemma-4,1.0,0.8333333333333333,OCR,Gemma-4|Llama-3.2|Pixtral,1
mme-cot,GLP,845,CC,Gemma-4,1.0,1.0,OCR,Gemma-4|Llama-3.2|Pixtral,1
mme-cot,GLP,847,CC,Gemma-4,1.0,0.5,OCR,Gemma-4|Llama-3.2|Pixtral,1
mme-cot,GLP,856,CC,Gemma-4,1.0,1.0,OCR,Gemma-4|Llama-3.2|Pixtral,1
mme-cot,GLP,865,MiC,Gemma-4,1.0,1.0,General Reasoning,Gemma-4|Llama-3.2|Pixtral,1
mme-cot,GLP,867,MiC,Llama-3.2,0.0,0.08333333333333333,General Reasoning,Gemma-4|Llama-3.2|Pixtral,3
mme-cot,GLP,874,MiC,Gemma-4,1.0,1.0,General Reasoning,Gemma-4|Llama-3.2|Pixtral,1
mme-cot,GLP,877,CC,Pixtral,1.0,0.0,General Reasoning,Gemma-4|Llama-3.2|Pixtral,2
mme-cot,GLP,952,MiC,Gemma-4,1.0,0.5,Spatial-Temporal,Gemma-4|Llama-3.2|Pixtral,1
mme-cot,GLP,96,CC,Pixtral,0.3333333333333333,0.3333333333333333,Logic,Gemma-4|Llama-3.2|Pixtral,2
mme-cot,GLQ,102,CC,Qwen3.5,0.3333333333333333,0.16666666666666666,Logic,Gemma-4|Llama-3.2|Qwen3.5,1
mme-cot,GLQ,1041,CC,Qwen3.5,1.0,0.5,Spatial-Temporal,Gemma-4|Llama-3.2|Qwen3.5,1
mme-cot,GLQ,1044,MiC,Qwen3.5,0.0,1.0,Spatial-Temporal,Gemma-4|Llama-3.2|Qwen3.5,1
mme-cot,GLQ,106,CC,Qwen3.5,1.0,0.6666666666666667,OCR,Gemma-4|Llama-3.2|Qwen3.5,1
mme-cot,GLQ,109,CC,Qwen3.5,0.3333333333333333,0.5,Math,Gemma-4|Llama-3.2|Qwen3.5,1
mme-cot,GLQ,1106,MiC,Gemma-4,0.0,0.08333333333333333,General Reasoning,Gemma-4|Llama-3.2|Qwen3.5,2
mme-cot,GLQ,1110,CC,Llama-3.2,0.0,0.3333333333333333,General Reasoning,Gemma-4|Llama-3.2|Qwen3.5,3
mme-cot,GLQ,115,CC,Gemma-4,0.0,0.16666666666666666,Science,Gemma-4|Llama-3.2|Qwen3.5,2
mme-cot,GLQ,118,CC,Qwen3.5,0.3333333333333333,0.25,Math,Gemma-4|Llama-3.2|Qwen3.5,1
mme-cot,GLQ,132,CC,Qwen3.5,1.0,0.0,Logic,Gemma-4|Llama-3.2|Qwen3.5,1
mme-cot,GLQ,146,CC,Gemma-4,1.0,0.0,Math,Gemma-4|Llama-3.2|Qwen3.5,2
mme-cot,GLQ,150,CC,Qwen3.5,1.0,0.0,Math,Gemma-4|Llama-3.2|Qwen3.5,1
mme-cot,GLQ,153,CC,Gemma-4,0.0,0.0,Math,Gemma-4|Llama-3.2|Qwen3.5,2
mme-cot,GLQ,159,MiC,Gemma-4,1.0,0.08333333333333333,Science,Gemma-4|Llama-3.2|Qwen3.5,2
mme-cot,GLQ,162,CC,Qwen3.5,0.3333333333333333,0.0,Math,Gemma-4|Llama-3.2|Qwen3.5,1
mme-cot,GLQ,165,CC,Gemma-4,1.0,0.4166666666666667,Math,Gemma-4|Llama-3.2|Qwen3.5,2
mme-cot,GLQ,172,CC,Qwen3.5,1.0,0.08333333333333333,Science,Gemma-4|Llama-3.2|Qwen3.5,1
mme-cot,GLQ,175,CC,Qwen3.5,1.0,0.0,Science,Gemma-4|Llama-3.2|Qwen3.5,1
mme-cot,GLQ,179,MiC,Qwen3.5,1.0,0.25,Science,Gemma-4|Llama-3.2|Qwen3.5,1
mme-cot,GLQ,180,CC,Qwen3.5,1.0,0.5,Logic,Gemma-4|Llama-3.2|Qwen3.5,1
mme-cot,GLQ,185,MiC,Llama-3.2,0.0,0.5,Science,Gemma-4|Llama-3.2|Qwen3.5,3
mme-cot,GLQ,192,CC,Qwen3.5,1.0,0.6666666666666666,Science,Gemma-4|Llama-3.2|Qwen3.5,1
mme-cot,GLQ,193,CC,Llama-3.2,0.0,0.08333333333333333,Logic,Gemma-4|Llama-3.2|Qwen3.5,3
mme-cot,GLQ,196,CC,Gemma-4,1.0,0.5,Math,Gemma-4|Llama-3.2|Qwen3.5,2
mme-cot,GLQ,198,CC,Qwen3.5,1.0,0.6666666666666666,Science,Gemma-4|Llama-3.2|Qwen3.5,1
mme-cot,GLQ,200,CC,Qwen3.5,1.0,0.0,Math,Gemma-4|Llama-3.2|Qwen3.5,1
mme-cot,GLQ,205,MiC,Llama-3.2,0.0,0.41666666666666663,Math,Gemma-4|Llama-3.2|Qwen3.5,3
mme-cot,GLQ,208,CC,Qwen3.5,1.0,0.3333333333333333,Math,Gemma-4|Llama-3.2|Qwen3.5,1
mme-cot,GLQ,214,CC,Llama-3.2,1.0,0.4166666666666667,General Reasoning,Gemma-4|Llama-3.2|Qwen3.5,3
mme-cot,GLQ,257,CC,Gemma-4,0.0,0.0,Math,Gemma-4|Llama-3.2|Qwen3.5,2
mme-cot,GLQ,259,CC,Gemma-4,0.0,0.25,Logic,Gemma-4|Llama-3.2|Qwen3.5,2
mme-cot,GLQ,26,MiC,Llama-3.2,0.0,0.0,Science,Gemma-4|Llama-3.2|Qwen3.5,3
mme-cot,GLQ,278,CC,Qwen3.5,1.0,0.0,Math,Gemma-4|Llama-3.2|Qwen3.5,1
mme-cot,GLQ,298,CC,Qwen3.5,1.0,0.16666666666666666,OCR,Gemma-4|Llama-3.2|Qwen3.5,1
mme-cot,GLQ,3,CC,Qwen3.5,1.0,0.08333333333333333,Logic,Gemma-4|Llama-3.2|Qwen3.5,1
mme-cot,GLQ,30,CC,Qwen3.5,1.0,0.25,Logic,Gemma-4|Llama-3.2|Qwen3.5,1
mme-cot,GLQ,304,MiC,Llama-3.2,0.0,0.0,Science,Gemma-4|Llama-3.2|Qwen3.5,3
mme-cot,GLQ,308,CC,Qwen3.5,1.0,0.0,Logic,Gemma-4|Llama-3.2|Qwen3.5,1
mme-cot,GLQ,312,CC,Qwen3.5,1.0,0.0,Math,Gemma-4|Llama-3.2|Qwen3.5,1
mme-cot,GLQ,321,MiC,Gemma-4,1.0,1.0,General Reasoning,Gemma-4|Llama-3.2|Qwen3.5,2
mme-cot,GLQ,354,MiC,Llama-3.2,1.0,0.16666666666666666,General Reasoning,Gemma-4|Llama-3.2|Qwen3.5,3
mme-cot,GLQ,374,CC,Gemma-4,1.0,0.0,Math,Gemma-4|Llama-3.2|Qwen3.5,2
mme-cot,GLQ,376,CC,Gemma-4,0.0,0.08333333333333333,Math,Gemma-4|Llama-3.2|Qwen3.5,2
mme-cot,GLQ,39,CC,Gemma-4,0.3333333333333333,0.0,Math,Gemma-4|Llama-3.2|Qwen3.5,2
mme-cot,GLQ,412,CC,Gemma-4,0.0,0.16666666666666666,Math,Gemma-4|Llama-3.2|Qwen3.5,2
mme-cot,GLQ,415,CC,Llama-3.2,0.3333333333333333,0.5,Math,Gemma-4|Llama-3.2|Qwen3.5,3
mme-cot,GLQ,434,CC,Qwen3.5,1.0,0.5,Math,Gemma-4|Llama-3.2|Qwen3.5,1
mme-cot,GLQ,452,CC,Gemma-4,0.0,0.41666666666666663,Logic,Gemma-4|Llama-3.2|Qwen3.5,2
mme-cot,GLQ,453,CC,Gemma-4,1.0,0.0,Logic,Gemma-4|Llama-3.2|Qwen3.5,2
mme-cot,GLQ,455,CC,Qwen3.5,0.0,0.25,Math,Gemma-4|Llama-3.2|Qwen3.5,1
mme-cot,GLQ,465,CC,Qwen3.5,1.0,0.5,Logic,Gemma-4|Llama-3.2|Qwen3.5,1
mme-cot,GLQ,470,CC,Qwen3.5,1.0,0.5,Logic,Gemma-4|Llama-3.2|Qwen3.5,1
mme-cot,GLQ,472,CC,Qwen3.5,1.0,0.0,Logic,Gemma-4|Llama-3.2|Qwen3.5,1
mme-cot,GLQ,480,CC,Qwen3.5,0.0,0.5,Math,Gemma-4|Llama-3.2|Qwen3.5,1
mme-cot,GLQ,485,CC,Qwen3.5,0.0,0.0,Logic,Gemma-4|Llama-3.2|Qwen3.5,1
mme-cot,GLQ,488,CC,Qwen3.5,1.0,0.3333333333333333,Logic,Gemma-4|Llama-3.2|Qwen3.5,1
mme-cot,GLQ,494,CC,Qwen3.5,1.0,0.16666666666666666,Logic,Gemma-4|Llama-3.2|Qwen3.5,1
mme-cot,GLQ,500,MiC,Gemma-4,0.0,0.0,Spatial-Temporal,Gemma-4|Llama-3.2|Qwen3.5,2
mme-cot,GLQ,503,CC,Qwen3.5,1.0,0.16666666666666666,Logic,Gemma-4|Llama-3.2|Qwen3.5,1
mme-cot,GLQ,506,CC,Gemma-4,0.0,0.41666666666666663,Logic,Gemma-4|Llama-3.2|Qwen3.5,2
mme-cot,GLQ,513,CC,Qwen3.5,1.0,0.25,Logic,Gemma-4|Llama-3.2|Qwen3.5,1
mme-cot,GLQ,523,CC,Qwen3.5,0.0,0.16666666666666666,Logic,Gemma-4|Llama-3.2|Qwen3.5,1
mme-cot,GLQ,529,CC,Qwen3.5,0.0,0.0,Math,Gemma-4|Llama-3.2|Qwen3.5,1
mme-cot,GLQ,556,CC,Qwen3.5,0.3333333333333333,0.08333333333333333,Math,Gemma-4|Llama-3.2|Qwen3.5,1
mme-cot,GLQ,587,CC,Qwen3.5,0.0,0.08333333333333333,Math,Gemma-4|Llama-3.2|Qwen3.5,1
mme-cot,GLQ,588,CC,Qwen3.5,1.0,0.3333333333333333,Math,Gemma-4|Llama-3.2|Qwen3.5,1
mme-cot,GLQ,612,CC,Qwen3.5,1.0,0.0,Math,Gemma-4|Llama-3.2|Qwen3.5,1
mme-cot,GLQ,621,CC,Qwen3.5,1.0,0.0,Math,Gemma-4|Llama-3.2|Qwen3.5,1
mme-cot,GLQ,624,CC,Qwen3.5,1.0,0.5,Spatial-Temporal,Gemma-4|Llama-3.2|Qwen3.5,1
mme-cot,GLQ,632,CC,Qwen3.5,0.0,0.08333333333333333,Math,Gemma-4|Llama-3.2|Qwen3.5,1
mme-cot,GLQ,638,CC,Gemma-4,0.0,0.5,Science,Gemma-4|Llama-3.2|Qwen3.5,2
mme-cot,GLQ,642,CC,Qwen3.5,0.0,0.5,Math,Gemma-4|Llama-3.2|Qwen3.5,1
mme-cot,GLQ,646,CC,Gemma-4,0.0,0.0,Math,Gemma-4|Llama-3.2|Qwen3.5,2
mme-cot,GLQ,656,MiC,Qwen3.5,0.0,1.0,Science,Gemma-4|Llama-3.2|Qwen3.5,1
mme-cot,GLQ,659,MiC,Gemma-4,0.0,0.0,Math,Gemma-4|Llama-3.2|Qwen3.5,2
mme-cot,GLQ,684,CC,Gemma-4,1.0,0.0,Science,Gemma-4|Llama-3.2|Qwen3.5,2
mme-cot,GLQ,686,CC,Qwen3.5,1.0,0.4166666666666667,Science,Gemma-4|Llama-3.2|Qwen3.5,1
mme-cot,GLQ,689,CC,Llama-3.2,0.0,0.3333333333333333,Math,Gemma-4|Llama-3.2|Qwen3.5,3
mme-cot,GLQ,692,CC,Qwen3.5,1.0,0.25,Science,Gemma-4|Llama-3.2|Qwen3.5,1
mme-cot,GLQ,695,CC,Llama-3.2,0.0,0.0,Science,Gemma-4|Llama-3.2|Qwen3.5,3
mme-cot,GLQ,707,CC,Llama-3.2,0.0,0.16666666666666666,Science,Gemma-4|Llama-3.2|Qwen3.5,3
mme-cot,GLQ,716,CC,Gemma-4,1.0,0.0,Math,Gemma-4|Llama-3.2|Qwen3.5,2
mme-cot,GLQ,735,CC,Qwen3.5,1.0,0.5,OCR,Gemma-4|Llama-3.2|Qwen3.5,1
mme-cot,GLQ,737,CC,Qwen3.5,1.0,0.5833333333333334,OCR,Gemma-4|Llama-3.2|Qwen3.5,1
mme-cot,GLQ,741,CC,Gemma-4,0.0,0.0,Math,Gemma-4|Llama-3.2|Qwen3.5,2
mme-cot,GLQ,753,CC,Qwen3.5,1.0,0.5,Math,Gemma-4|Llama-3.2|Qwen3.5,1
mme-cot,GLQ,770,CC,Qwen3.5,1.0,0.5,OCR,Gemma-4|Llama-3.2|Qwen3.5,1
mme-cot,GLQ,777,CC,Qwen3.5,1.0,0.0,Math,Gemma-4|Llama-3.2|Qwen3.5,1
mme-cot,GLQ,792,MiC,Qwen3.5,1.0,0.08333333333333333,Science,Gemma-4|Llama-3.2|Qwen3.5,1
mme-cot,GLQ,801,CC,Qwen3.5,1.0,0.0,Science,Gemma-4|Llama-3.2|Qwen3.5,1
mme-cot,GLQ,804,CC,Qwen3.5,1.0,0.25,Science,Gemma-4|Llama-3.2|Qwen3.5,1
mme-cot,GLQ,829,CC,Gemma-4,0.0,0.0,Math,Gemma-4|Llama-3.2|Qwen3.5,2
mme-cot,GLQ,837,CC,Gemma-4,1.0,0.75,Math,Gemma-4|Llama-3.2|Qwen3.5,2
mme-cot,GLQ,839,CC,Gemma-4,0.0,0.0,OCR,Gemma-4|Llama-3.2|Qwen3.5,2
mme-cot,GLQ,84,MiC,Qwen3.5,1.0,1.0,General Reasoning,Gemma-4|Llama-3.2|Qwen3.5,1
mme-cot,GLQ,841,CC,Gemma-4,1.0,0.5,OCR,Gemma-4|Llama-3.2|Qwen3.5,2
mme-cot,GLQ,867,CC,Llama-3.2,0.0,0.0,General Reasoning,Gemma-4|Llama-3.2|Qwen3.5,3
mme-cot,GLQ,952,MiC,Gemma-4,1.0,0.5833333333333334,Spatial-Temporal,Gemma-4|Llama-3.2|Qwen3.5,2
mme-cot,GLQ,96,CC,Llama-3.2,0.0,0.75,Logic,Gemma-4|Llama-3.2|Qwen3.5,3
mme-cot,GPQ,102,CC,Qwen3.5,0.3333333333333333,0.0,Logic,Gemma-4|Pixtral|Qwen3.5,1
mme-cot,GPQ,1038,MiC,Gemma-4,0.0,0.25,Spatial-Temporal,Gemma-4|Pixtral|Qwen3.5,2
mme-cot,GPQ,1041,CC,Qwen3.5,0.3333333333333333,0.5,Spatial-Temporal,Gemma-4|Pixtral|Qwen3.5,1
mme-cot,GPQ,1075,MiC,Qwen3.5,0.0,0.08333333333333333,General Reasoning,Gemma-4|Pixtral|Qwen3.5,1
mme-cot,GPQ,109,CC,Qwen3.5,0.3333333333333333,0.5,Math,Gemma-4|Pixtral|Qwen3.5,1
mme-cot,GPQ,110,CC,Qwen3.5,0.0,0.5833333333333334,Math,Gemma-4|Pixtral|Qwen3.5,1
mme-cot,GPQ,118,CC,Qwen3.5,0.3333333333333333,0.25,Math,Gemma-4|Pixtral|Qwen3.5,1
mme-cot,GPQ,132,CC,Qwen3.5,1.0,0.0,Logic,Gemma-4|Pixtral|Qwen3.5,1
mme-cot,GPQ,15,CC,Gemma-4,0.0,0.0,Logic,Gemma-4|Pixtral|Qwen3.5,2
mme-cot,GPQ,150,MiC,Qwen3.5,1.0,0.16666666666666666,Math,Gemma-4|Pixtral|Qwen3.5,1
mme-cot,GPQ,152,CC,Pixtral,0.0,0.3333333333333333,Logic,Gemma-4|Pixtral|Qwen3.5,3
mme-cot,GPQ,159,CC,Gemma-4,0.0,0.08333333333333333,Science,Gemma-4|Pixtral|Qwen3.5,2
mme-cot,GPQ,16,MiC,Pixtral,0.0,0.75,Math,Gemma-4|Pixtral|Qwen3.5,3
mme-cot,GPQ,165,CC,Gemma-4,0.3333333333333333,0.6666666666666667,Math,Gemma-4|Pixtral|Qwen3.5,2
mme-cot,GPQ,172,CC,Qwen3.5,1.0,0.0,Science,Gemma-4|Pixtral|Qwen3.5,1
mme-cot,GPQ,175,CC,Qwen3.5,1.0,0.0,Science,Gemma-4|Pixtral|Qwen3.5,1
mme-cot,GPQ,179,MiC,Qwen3.5,1.0,0.41666666666666663,Science,Gemma-4|Pixtral|Qwen3.5,1
mme-cot,GPQ,180,CC,Qwen3.5,1.0,0.3333333333333333,Logic,Gemma-4|Pixtral|Qwen3.5,1
mme-cot,GPQ,185,MiC,Pixtral,0.0,0.4166666666666667,Science,Gemma-4|Pixtral|Qwen3.5,3
mme-cot,GPQ,196,CC,Gemma-4,0.3333333333333333,0.5,Math,Gemma-4|Pixtral|Qwen3.5,2
mme-cot,GPQ,197,MiC,Pixtral,0.0,0.8333333333333333,Science,Gemma-4|Pixtral|Qwen3.5,3
mme-cot,GPQ,198,CC,Qwen3.5,1.0,0.5,Science,Gemma-4|Pixtral|Qwen3.5,1
mme-cot,GPQ,201,MiC,Qwen3.5,0.0,0.25,Science,Gemma-4|Pixtral|Qwen3.5,1
mme-cot,GPQ,205,CC,Pixtral,0.0,0.75,Math,Gemma-4|Pixtral|Qwen3.5,3
mme-cot,GPQ,208,CC,Qwen3.5,0.3333333333333333,0.3333333333333333,Math,Gemma-4|Pixtral|Qwen3.5,1
mme-cot,GPQ,216,CC,Qwen3.5,1.0,0.5,General Reasoning,Gemma-4|Pixtral|Qwen3.5,1
mme-cot,GPQ,245,CC,Qwen3.5,1.0,0.5,General Reasoning,Gemma-4|Pixtral|Qwen3.5,1
mme-cot,GPQ,247,CC,Qwen3.5,1.0,0.0,Math,Gemma-4|Pixtral|Qwen3.5,1
mme-cot,GPQ,259,CC,Gemma-4,0.0,0.25,Logic,Gemma-4|Pixtral|Qwen3.5,2
mme-cot,GPQ,263,CC,Pixtral,0.0,0.3333333333333333,Logic,Gemma-4|Pixtral|Qwen3.5,3
mme-cot,GPQ,267,CC,Pixtral,0.0,0.3333333333333333,Logic,Gemma-4|Pixtral|Qwen3.5,3
mme-cot,GPQ,278,CC,Qwen3.5,0.0,0.0,Math,Gemma-4|Pixtral|Qwen3.5,1
mme-cot,GPQ,292,CC,Gemma-4,0.0,0.0,Logic,Gemma-4|Pixtral|Qwen3.5,2
mme-cot,GPQ,3,CC,Qwen3.5,0.0,0.25,Logic,Gemma-4|Pixtral|Qwen3.5,1
mme-cot,GPQ,30,CC,Gemma-4,0.3333333333333333,0.16666666666666666,Logic,Gemma-4|Pixtral|Qwen3.5,2
mme-cot,GPQ,311,CC,Gemma-4,1.0,1.0,General Reasoning,Gemma-4|Pixtral|Qwen3.5,2
mme-cot,GPQ,315,MiC,Pixtral,0.0,0.4166666666666667,General Reasoning,Gemma-4|Pixtral|Qwen3.5,3
mme-cot,GPQ,321,MiC,Pixtral,0.0,0.9166666666666667,General Reasoning,Gemma-4|Pixtral|Qwen3.5,3
mme-cot,GPQ,325,MiC,Pixtral,0.0,0.08333333333333333,General Reasoning,Gemma-4|Pixtral|Qwen3.5,3
mme-cot,GPQ,341,MiC,Qwen3.5,0.0,0.0,General Reasoning,Gemma-4|Pixtral|Qwen3.5,1
mme-cot,GPQ,344,CC,Qwen3.5,1.0,0.0,Math,Gemma-4|Pixtral|Qwen3.5,1
mme-cot,GPQ,351,MiC,Gemma-4,1.0,1.0,General Reasoning,Gemma-4|Pixtral|Qwen3.5,2
mme-cot,GPQ,386,CC,Qwen3.5,1.0,0.0,Math,Gemma-4|Pixtral|Qwen3.5,1
mme-cot,GPQ,39,CC,Gemma-4,1.0,0.0,Math,Gemma-4|Pixtral|Qwen3.5,2
mme-cot,GPQ,415,CC,Qwen3.5,0.0,0.5,Math,Gemma-4|Pixtral|Qwen3.5,1
mme-cot,GPQ,434,CC,Gemma-4,1.0,0.5,Math,Gemma-4|Pixtral|Qwen3.5,2
mme-cot,GPQ,435,CC,Gemma-4,0.0,0.3333333333333333,Math,Gemma-4|Pixtral|Qwen3.5,2
mme-cot,GPQ,452,CC,Pixtral,0.0,0.3333333333333333,Logic,Gemma-4|Pixtral|Qwen3.5,3
mme-cot,GPQ,453,CC,Gemma-4,0.0,0.0,Logic,Gemma-4|Pixtral|Qwen3.5,2
mme-cot,GPQ,459,CC,Gemma-4,0.3333333333333333,0.0,Science,Gemma-4|Pixtral|Qwen3.5,2
mme-cot,GPQ,462,CC,Qwen3.5,0.0,0.3333333333333333,Logic,Gemma-4|Pixtral|Qwen3.5,1
mme-cot,GPQ,476,MiC,Pixtral,0.0,0.08333333333333333,Logic,Gemma-4|Pixtral|Qwen3.5,3
mme-cot,GPQ,48,CC,Qwen3.5,1.0,0.0,Science,Gemma-4|Pixtral|Qwen3.5,1
mme-cot,GPQ,488,MiC,Pixtral,0.0,0.25,Logic,Gemma-4|Pixtral|Qwen3.5,3
mme-cot,GPQ,499,CC,Pixtral,0.3333333333333333,0.08333333333333333,Logic,Gemma-4|Pixtral|Qwen3.5,3
mme-cot,GPQ,500,MiC,Gemma-4,0.0,0.16666666666666666,Spatial-Temporal,Gemma-4|Pixtral|Qwen3.5,2
mme-cot,GPQ,503,CC,Qwen3.5,1.0,0.08333333333333333,Logic,Gemma-4|Pixtral|Qwen3.5,1
mme-cot,GPQ,506,CC,Pixtral,0.0,0.25,Logic,Gemma-4|Pixtral|Qwen3.5,3
mme-cot,GPQ,508,MiC,Qwen3.5,1.0,0.8333333333333333,Spatial-Temporal,Gemma-4|Pixtral|Qwen3.5,1
mme-cot,GPQ,510,MiC,Gemma-4,0.3333333333333333,0.0,Logic,Gemma-4|Pixtral|Qwen3.5,2
mme-cot,GPQ,512,CC,Qwen3.5,0.0,0.3333333333333333,Logic,Gemma-4|Pixtral|Qwen3.5,1
mme-cot,GPQ,513,CC,Pixtral,1.0,0.16666666666666666,Logic,Gemma-4|Pixtral|Qwen3.5,3
mme-cot,GPQ,524,CC,Gemma-4,1.0,0.0,Logic,Gemma-4|Pixtral|Qwen3.5,2
mme-cot,GPQ,537,CC,Qwen3.5,0.0,0.0,Science,Gemma-4|Pixtral|Qwen3.5,1
mme-cot,GPQ,556,CC,Qwen3.5,0.3333333333333333,0.16666666666666666,Math,Gemma-4|Pixtral|Qwen3.5,1
mme-cot,GPQ,587,CC,Qwen3.5,0.3333333333333333,0.08333333333333333,Math,Gemma-4|Pixtral|Qwen3.5,1
mme-cot,GPQ,588,CC,Qwen3.5,0.3333333333333333,0.3333333333333333,Math,Gemma-4|Pixtral|Qwen3.5,1
mme-cot,GPQ,610,CC,Qwen3.5,0.0,0.08333333333333333,Math,Gemma-4|Pixtral|Qwen3.5,1
mme-cot,GPQ,624,MiC,Qwen3.5,0.0,0.6666666666666666,Spatial-Temporal,Gemma-4|Pixtral|Qwen3.5,1
mme-cot,GPQ,632,CC,Qwen3.5,0.0,0.08333333333333333,Math,Gemma-4|Pixtral|Qwen3.5,1
mme-cot,GPQ,642,CC,Qwen3.5,0.0,0.5,Math,Gemma-4|Pixtral|Qwen3.5,1
mme-cot,GPQ,643,CC,Pixtral,0.0,0.6666666666666666,Math,Gemma-4|Pixtral|Qwen3.5,3
mme-cot,GPQ,659,MiC,Gemma-4,0.0,0.0,Math,Gemma-4|Pixtral|Qwen3.5,2
mme-cot,GPQ,665,CC,Gemma-4,0.3333333333333333,0.0,Science,Gemma-4|Pixtral|Qwen3.5,2
mme-cot,GPQ,669,CC,Qwen3.5,1.0,0.0,Science,Gemma-4|Pixtral|Qwen3.5,1
mme-cot,GPQ,672,MiC,Pixtral,1.0,0.08333333333333333,Math,Gemma-4|Pixtral|Qwen3.5,3
mme-cot,GPQ,689,CC,Pixtral,0.0,0.16666666666666666,Math,Gemma-4|Pixtral|Qwen3.5,3
mme-cot,GPQ,695,CC,Qwen3.5,0.0,0.4166666666666667,Science,Gemma-4|Pixtral|Qwen3.5,1
mme-cot,GPQ,716,CC,Gemma-4,1.0,0.08333333333333333,Math,Gemma-4|Pixtral|Qwen3.5,2
mme-cot,GPQ,735,CC,Qwen3.5,1.0,1.0,OCR,Gemma-4|Pixtral|Qwen3.5,1
mme-cot,GPQ,769,CC,Qwen3.5,1.0,0.0,Math,Gemma-4|Pixtral|Qwen3.5,1
mme-cot,GPQ,770,CC,Gemma-4,0.0,0.5,OCR,Gemma-4|Pixtral|Qwen3.5,2
mme-cot,GPQ,771,CC,Qwen3.5,0.0,0.6666666666666667,OCR,Gemma-4|Pixtral|Qwen3.5,1
mme-cot,GPQ,777,CC,Qwen3.5,1.0,0.0,Math,Gemma-4|Pixtral|Qwen3.5,1
mme-cot,GPQ,782,CC,Qwen3.5,1.0,0.16666666666666666,OCR,Gemma-4|Pixtral|Qwen3.5,1
mme-cot,GPQ,792,CC,Qwen3.5,1.0,0.0,Science,Gemma-4|Pixtral|Qwen3.5,1
mme-cot,GPQ,829,CC,Gemma-4,0.3333333333333333,0.0,Math,Gemma-4|Pixtral|Qwen3.5,2
mme-cot,GPQ,837,CC,Gemma-4,0.3333333333333333,0.5833333333333334,Math,Gemma-4|Pixtral|Qwen3.5,2
mme-cot,GPQ,839,CC,Gemma-4,0.0,0.08333333333333333,OCR,Gemma-4|Pixtral|Qwen3.5,2
mme-cot,GPQ,84,MiC,Pixtral,0.0,0.5,General Reasoning,Gemma-4|Pixtral|Qwen3.5,3
mme-cot,GPQ,870,CC,Pixtral,0.0,0.0,General Reasoning,Gemma-4|Pixtral|Qwen3.5,3
mme-cot,GPQ,877,MiC,Pixtral,1.0,0.0,General Reasoning,Gemma-4|Pixtral|Qwen3.5,3
mme-cot,GPQ,90,CC,Gemma-4,1.0,0.0,Logic,Gemma-4|Pixtral|Qwen3.5,2
mme-cot,GPQ,91,MiC,Pixtral,0.0,0.16666666666666666,Science,Gemma-4|Pixtral|Qwen3.5,3
mme-cot,GPQ,953,MiC,Pixtral,0.0,0.5,Spatial-Temporal,Gemma-4|Pixtral|Qwen3.5,3
mme-cot,GPQ,985,MiC,Gemma-4,1.0,0.5833333333333334,OCR,Gemma-4|Pixtral|Qwen3.5,2
mme-cot,ILP,1041,MiC,InternVL,1.0,0.5,Spatial-Temporal,InternVL|Llama-3.2|Pixtral,1
mme-cot,ILP,106,CC,InternVL,0.3333333333333333,0.5,OCR,InternVL|Llama-3.2|Pixtral,1
mme-cot,ILP,1075,CC,Llama-3.2,0.0,0.16666666666666666,General Reasoning,InternVL|Llama-3.2|Pixtral,3
mme-cot,ILP,109,CC,InternVL,0.3333333333333333,0.5,Math,InternVL|Llama-3.2|Pixtral,1
mme-cot,ILP,1091,MiC,Llama-3.2,0.0,0.08333333333333333,General Reasoning,InternVL|Llama-3.2|Pixtral,3
mme-cot,ILP,110,CC,InternVL,1.0,1.0,Math,InternVL|Llama-3.2|Pixtral,1
mme-cot,ILP,1106,MiC,Llama-3.2,0.0,0.25,General Reasoning,InternVL|Llama-3.2|Pixtral,3
mme-cot,ILP,1110,CC,Llama-3.2,0.0,0.08333333333333333,General Reasoning,InternVL|Llama-3.2|Pixtral,3
mme-cot,ILP,1117,MiC,Llama-3.2,0.0,1.0,General Reasoning,InternVL|Llama-3.2|Pixtral,3
mme-cot,ILP,1121,CC,Pixtral,0.3333333333333333,0.08333333333333333,General Reasoning,InternVL|Llama-3.2|Pixtral,2
mme-cot,ILP,117,MiC,InternVL,1.0,0.5,Science,InternVL|Llama-3.2|Pixtral,1
mme-cot,ILP,14,CC,InternVL,1.0,1.0,Science,InternVL|Llama-3.2|Pixtral,1
mme-cot,ILP,143,CC,InternVL,1.0,0.3333333333333333,Logic,InternVL|Llama-3.2|Pixtral,1
mme-cot,ILP,148,CC,InternVL,0.3333333333333333,1.0,Science,InternVL|Llama-3.2|Pixtral,1
mme-cot,ILP,156,CC,InternVL,1.0,0.9166666666666667,Logic,InternVL|Llama-3.2|Pixtral,1
mme-cot,ILP,157,MiC,Pixtral,1.0,1.0,Science,InternVL|Llama-3.2|Pixtral,2
mme-cot,ILP,159,CC,InternVL,0.0,0.5,Science,InternVL|Llama-3.2|Pixtral,1
mme-cot,ILP,161,CC,InternVL,1.0,1.0,Science,InternVL|Llama-3.2|Pixtral,1
mme-cot,ILP,166,MiC,InternVL,0.0,1.0,Science,InternVL|Llama-3.2|Pixtral,1
mme-cot,ILP,192,CC,Pixtral,1.0,0.5,Science,InternVL|Llama-3.2|Pixtral,2
mme-cot,ILP,196,CC,InternVL,1.0,1.0,Math,InternVL|Llama-3.2|Pixtral,1
mme-cot,ILP,199,CC,Llama-3.2,0.0,0.0,Logic,InternVL|Llama-3.2|Pixtral,3
mme-cot,ILP,201,MiC,InternVL,0.0,0.75,Science,InternVL|Llama-3.2|Pixtral,1
mme-cot,ILP,204,MiC,InternVL,1.0,1.0,Science,InternVL|Llama-3.2|Pixtral,1
mme-cot,ILP,205,CC,InternVL,0.0,0.08333333333333333,Math,InternVL|Llama-3.2|Pixtral,1
mme-cot,ILP,216,CC,InternVL,0.0,0.25,General Reasoning,InternVL|Llama-3.2|Pixtral,1
mme-cot,ILP,245,CC,Llama-3.2,0.3333333333333333,0.5,General Reasoning,InternVL|Llama-3.2|Pixtral,3
mme-cot,ILP,248,CC,InternVL,0.3333333333333333,1.0,Math,InternVL|Llama-3.2|Pixtral,1
mme-cot,ILP,249,MiC,InternVL,0.0,1.0,Science,InternVL|Llama-3.2|Pixtral,1
mme-cot,ILP,254,CC,Llama-3.2,0.0,1.0,Math,InternVL|Llama-3.2|Pixtral,3
mme-cot,ILP,258,CC,InternVL,0.3333333333333333,1.0,Math,InternVL|Llama-3.2|Pixtral,1
mme-cot,ILP,260,CC,InternVL,0.3333333333333333,1.0,Math,InternVL|Llama-3.2|Pixtral,1
mme-cot,ILP,264,CC,InternVL,1.0,0.9166666666666667,Science,InternVL|Llama-3.2|Pixtral,1
mme-cot,ILP,266,MiC,InternVL,1.0,1.0,Science,InternVL|Llama-3.2|Pixtral,1
mme-cot,ILP,267,CC,Llama-3.2,0.0,0.08333333333333333,Logic,InternVL|Llama-3.2|Pixtral,3
mme-cot,ILP,280,CC,InternVL,0.3333333333333333,0.0,Logic,InternVL|Llama-3.2|Pixtral,1
mme-cot,ILP,281,CC,InternVL,0.0,1.0,Science,InternVL|Llama-3.2|Pixtral,1
mme-cot,ILP,287,CC,InternVL,0.3333333333333333,1.0,Math,InternVL|Llama-3.2|Pixtral,1
mme-cot,ILP,29,CC,Llama-3.2,0.3333333333333333,0.0,Science,InternVL|Llama-3.2|Pixtral,3
mme-cot,ILP,304,MiC,Llama-3.2,0.0,0.0,Science,InternVL|Llama-3.2|Pixtral,3
mme-cot,ILP,305,CC,Pixtral,0.0,1.0,OCR,InternVL|Llama-3.2|Pixtral,2
mme-cot,ILP,306,MiC,InternVL,0.0,1.0,Science,InternVL|Llama-3.2|Pixtral,1
mme-cot,ILP,309,MiC,Llama-3.2,0.0,1.0,OCR,InternVL|Llama-3.2|Pixtral,3
mme-cot,ILP,314,CC,Llama-3.2,0.3333333333333333,0.75,Math,InternVL|Llama-3.2|Pixtral,3
mme-cot,ILP,325,MiC,Pixtral,0.0,0.25,General Reasoning,InternVL|Llama-3.2|Pixtral,2
mme-cot,ILP,334,MiC,InternVL,0.0,1.0,General Reasoning,InternVL|Llama-3.2|Pixtral,1
mme-cot,ILP,339,MiC,InternVL,0.0,0.8333333333333333,General Reasoning,InternVL|Llama-3.2|Pixtral,1
mme-cot,ILP,354,CC,Llama-3.2,0.3333333333333333,0.16666666666666666,General Reasoning,InternVL|Llama-3.2|Pixtral,3
mme-cot,ILP,355,MiC,InternVL,1.0,1.0,General Reasoning,InternVL|Llama-3.2|Pixtral,1
mme-cot,ILP,362,MiC,Pixtral,1.0,0.6666666666666666,General Reasoning,InternVL|Llama-3.2|Pixtral,2
mme-cot,ILP,370,CC,InternVL,1.0,1.0,Math,InternVL|Llama-3.2|Pixtral,1
mme-cot,ILP,383,CC,InternVL,1.0,1.0,Math,InternVL|Llama-3.2|Pixtral,1
mme-cot,ILP,386,CC,Pixtral,0.3333333333333333,0.9166666666666667,Math,InternVL|Llama-3.2|Pixtral,2
mme-cot,ILP,415,CC,InternVL,0.3333333333333333,0.8333333333333334,Math,InternVL|Llama-3.2|Pixtral,1
mme-cot,ILP,416,MiC,InternVL,0.0,1.0,Math,InternVL|Llama-3.2|Pixtral,1
mme-cot,ILP,430,CC,InternVL,0.3333333333333333,1.0,Math,InternVL|Llama-3.2|Pixtral,1
mme-cot,ILP,434,CC,InternVL,1.0,0.75,Math,InternVL|Llama-3.2|Pixtral,1
mme-cot,ILP,44,CC,InternVL,0.3333333333333333,1.0,Math,InternVL|Llama-3.2|Pixtral,1
mme-cot,ILP,452,CC,InternVL,0.3333333333333333,0.16666666666666666,Logic,InternVL|Llama-3.2|Pixtral,1
mme-cot,ILP,457,CC,InternVL,0.3333333333333333,1.0,Logic,InternVL|Llama-3.2|Pixtral,1
mme-cot,ILP,462,CC,Pixtral,0.0,0.25,Logic,InternVL|Llama-3.2|Pixtral,2
mme-cot,ILP,470,CC,InternVL,0.3333333333333333,0.41666666666666663,Logic,InternVL|Llama-3.2|Pixtral,1
mme-cot,ILP,471,CC,Pixtral,0.0,1.0,Logic,InternVL|Llama-3.2|Pixtral,2
mme-cot,ILP,472,CC,Llama-3.2,0.0,0.16666666666666666,Logic,InternVL|Llama-3.2|Pixtral,3
mme-cot,ILP,479,CC,InternVL,0.3333333333333333,0.25,Logic,InternVL|Llama-3.2|Pixtral,1
mme-cot,ILP,480,CC,InternVL,0.3333333333333333,1.0,Math,InternVL|Llama-3.2|Pixtral,1
mme-cot,ILP,488,CC,InternVL,0.0,0.4166666666666667,Logic,InternVL|Llama-3.2|Pixtral,1
mme-cot,ILP,490,CC,InternVL,0.3333333333333333,0.08333333333333333,Logic,InternVL|Llama-3.2|Pixtral,1
mme-cot,ILP,496,CC,InternVL,1.0,1.0,Math,InternVL|Llama-3.2|Pixtral,1
mme-cot,ILP,499,CC,Pixtral,0.3333333333333333,0.0,Logic,InternVL|Llama-3.2|Pixtral,2
mme-cot,ILP,500,MiC,Llama-3.2,0.0,0.5,Spatial-Temporal,InternVL|Llama-3.2|Pixtral,3
mme-cot,ILP,501,CC,InternVL,1.0,1.0,Math,InternVL|Llama-3.2|Pixtral,1
mme-cot,ILP,503,CC,InternVL,0.3333333333333333,0.5,Logic,InternVL|Llama-3.2|Pixtral,1
mme-cot,ILP,506,CC,Pixtral,0.3333333333333333,0.25,Logic,InternVL|Llama-3.2|Pixtral,2
mme-cot,ILP,508,CC,InternVL,1.0,0.5,Spatial-Temporal,InternVL|Llama-3.2|Pixtral,1
mme-cot,ILP,509,CC,InternVL,0.3333333333333333,1.0,Math,InternVL|Llama-3.2|Pixtral,1
mme-cot,ILP,513,CC,Pixtral,0.3333333333333333,0.4166666666666667,Logic,InternVL|Llama-3.2|Pixtral,2
mme-cot,ILP,519,CC,Pixtral,0.3333333333333333,0.0,Logic,InternVL|Llama-3.2|Pixtral,2
mme-cot,ILP,521,CC,InternVL,1.0,1.0,Math,InternVL|Llama-3.2|Pixtral,1
mme-cot,ILP,551,MiC,Pixtral,1.0,1.0,General Reasoning,InternVL|Llama-3.2|Pixtral,2
mme-cot,ILP,554,CC,Pixtral,0.3333333333333333,1.0,Math,InternVL|Llama-3.2|Pixtral,2
mme-cot,ILP,580,CC,InternVL,0.3333333333333333,1.0,Math,InternVL|Llama-3.2|Pixtral,1
mme-cot,ILP,588,CC,InternVL,0.3333333333333333,0.5,Math,InternVL|Llama-3.2|Pixtral,1
mme-cot,ILP,614,CC,InternVL,0.3333333333333333,1.0,Math,InternVL|Llama-3.2|Pixtral,1
mme-cot,ILP,620,CC,Llama-3.2,0.3333333333333333,1.0,Math,InternVL|Llama-3.2|Pixtral,3
mme-cot,ILP,629,MiC,Pixtral,1.0,1.0,Math,InternVL|Llama-3.2|Pixtral,2
mme-cot,ILP,631,CC,InternVL,0.0,1.0,Math,InternVL|Llama-3.2|Pixtral,1
mme-cot,ILP,638,CC,Pixtral,0.3333333333333333,0.5833333333333334,Science,InternVL|Llama-3.2|Pixtral,2
mme-cot,ILP,642,CC,InternVL,0.3333333333333333,0.5,Math,InternVL|Llama-3.2|Pixtral,1
mme-cot,ILP,649,CC,InternVL,1.0,0.0,Science,InternVL|Llama-3.2|Pixtral,1
mme-cot,ILP,65,MiC,Pixtral,1.0,0.6666666666666666,General Reasoning,InternVL|Llama-3.2|Pixtral,2
mme-cot,ILP,678,MiC,InternVL,0.0,1.0,Math,InternVL|Llama-3.2|Pixtral,1
mme-cot,ILP,682,CC,Pixtral,0.0,1.0,Math,InternVL|Llama-3.2|Pixtral,2
mme-cot,ILP,686,CC,InternVL,1.0,0.75,Science,InternVL|Llama-3.2|Pixtral,1
mme-cot,ILP,687,CC,Llama-3.2,0.0,1.0,Math,InternVL|Llama-3.2|Pixtral,3
mme-cot,ILP,692,CC,Pixtral,0.0,0.5833333333333334,Science,InternVL|Llama-3.2|Pixtral,2
mme-cot,ILP,695,CC,Llama-3.2,0.0,0.16666666666666666,Science,InternVL|Llama-3.2|Pixtral,3
mme-cot,ILP,696,MiC,InternVL,1.0,1.0,Science,InternVL|Llama-3.2|Pixtral,1
mme-cot,ILP,707,CC,Llama-3.2,0.3333333333333333,0.0,Science,InternVL|Llama-3.2|Pixtral,3
mme-cot,ILP,709,CC,InternVL,1.0,1.0,Science,InternVL|Llama-3.2|Pixtral,1
mme-cot,ILP,735,CC,InternVL,1.0,0.5,OCR,InternVL|Llama-3.2|Pixtral,1
mme-cot,ILP,737,CC,InternVL,0.3333333333333333,0.41666666666666663,OCR,InternVL|Llama-3.2|Pixtral,1
mme-cot,ILP,743,CC,InternVL,1.0,0.0,Math,InternVL|Llama-3.2|Pixtral,1
mme-cot,ILP,753,CC,InternVL,0.3333333333333333,0.5,Math,InternVL|Llama-3.2|Pixtral,1
mme-cot,ILP,770,CC,InternVL,0.0,0.41666666666666663,OCR,InternVL|Llama-3.2|Pixtral,1
mme-cot,ILP,771,CC,Pixtral,1.0,0.5833333333333334,OCR,InternVL|Llama-3.2|Pixtral,2
mme-cot,ILP,773,CC,InternVL,0.3333333333333333,0.08333333333333333,Science,InternVL|Llama-3.2|Pixtral,1
mme-cot,ILP,778,MiC,Llama-3.2,0.0,0.9166666666666667,Science,InternVL|Llama-3.2|Pixtral,3
mme-cot,ILP,779,MiC,InternVL,0.0,0.9166666666666667,Science,InternVL|Llama-3.2|Pixtral,1
mme-cot,ILP,787,MiC,InternVL,1.0,0.08333333333333333,OCR,InternVL|Llama-3.2|Pixtral,1
mme-cot,ILP,800,CC,InternVL,0.0,1.0,Science,InternVL|Llama-3.2|Pixtral,1
mme-cot,ILP,803,CC,InternVL,0.0,1.0,Math,InternVL|Llama-3.2|Pixtral,1
mme-cot,ILP,804,CC,Llama-3.2,0.0,0.8333333333333333,Science,InternVL|Llama-3.2|Pixtral,3
mme-cot,ILP,811,MiC,InternVL,0.0,1.0,Science,InternVL|Llama-3.2|Pixtral,1
mme-cot,ILP,817,MiC,InternVL,0.0,1.0,Science,InternVL|Llama-3.2|Pixtral,1
mme-cot,ILP,820,MiC,InternVL,0.0,1.0,Science,InternVL|Llama-3.2|Pixtral,1
mme-cot,ILP,822,MiC,Pixtral,0.0,1.0,Science,InternVL|Llama-3.2|Pixtral,2
mme-cot,ILP,830,MiC,Llama-3.2,0.0,1.0,Math,InternVL|Llama-3.2|Pixtral,3
mme-cot,ILP,835,CC,InternVL,0.0,1.0,Math,InternVL|Llama-3.2|Pixtral,1
mme-cot,ILP,836,CC,InternVL,0.0,0.08333333333333333,Math,InternVL|Llama-3.2|Pixtral,1
mme-cot,ILP,838,CC,InternVL,0.3333333333333333,1.0,OCR,InternVL|Llama-3.2|Pixtral,1
mme-cot,ILP,840,CC,Pixtral,0.3333333333333333,1.0,OCR,InternVL|Llama-3.2|Pixtral,2
mme-cot,ILP,841,CC,InternVL,0.0,0.8333333333333333,OCR,InternVL|Llama-3.2|Pixtral,1
mme-cot,ILP,845,CC,InternVL,0.0,1.0,OCR,InternVL|Llama-3.2|Pixtral,1
mme-cot,ILP,870,CC,Pixtral,0.0,0.0,General Reasoning,InternVL|Llama-3.2|Pixtral,2
mme-cot,ILP,872,MiC,InternVL,0.0,0.0,General Reasoning,InternVL|Llama-3.2|Pixtral,1
mme-cot,ILP,874,CC,InternVL,0.0,1.0,General Reasoning,InternVL|Llama-3.2|Pixtral,1
mme-cot,ILP,877,CC,Pixtral,0.0,0.0,General Reasoning,InternVL|Llama-3.2|Pixtral,2
mme-cot,ILP,878,MiC,Llama-3.2,1.0,1.0,General Reasoning,InternVL|Llama-3.2|Pixtral,3
mme-cot,ILP,952,MiC,InternVL,1.0,0.5,Spatial-Temporal,InternVL|Llama-3.2|Pixtral,1
mme-cot,ILP,953,MiC,InternVL,0.0,0.0,Spatial-Temporal,InternVL|Llama-3.2|Pixtral,1
mme-cot,ILQ,102,CC,Qwen3.5,0.3333333333333333,0.25,Logic,InternVL|Llama-3.2|Qwen3.5,1
mme-cot,ILQ,1038,CC,Qwen3.5,0.3333333333333333,0.41666666666666663,Spatial-Temporal,InternVL|Llama-3.2|Qwen3.5,1
mme-cot,ILQ,110,CC,InternVL,0.3333333333333333,0.5,Math,InternVL|Llama-3.2|Qwen3.5,2
mme-cot,ILQ,1114,CC,Qwen3.5,1.0,1.0,General Reasoning,InternVL|Llama-3.2|Qwen3.5,1
mme-cot,ILQ,115,CC,Qwen3.5,1.0,0.5,Science,InternVL|Llama-3.2|Qwen3.5,1
mme-cot,ILQ,116,CC,Qwen3.5,1.0,0.5,Math,InternVL|Llama-3.2|Qwen3.5,1
mme-cot,ILQ,117,CC,Llama-3.2,0.0,0.6666666666666666,Science,InternVL|Llama-3.2|Qwen3.5,3
mme-cot,ILQ,118,CC,Qwen3.5,0.3333333333333333,0.0,Math,InternVL|Llama-3.2|Qwen3.5,1
mme-cot,ILQ,13,CC,Qwen3.5,0.3333333333333333,1.0,Math,InternVL|Llama-3.2|Qwen3.5,1
mme-cot,ILQ,132,CC,Qwen3.5,0.0,0.16666666666666666,Logic,InternVL|Llama-3.2|Qwen3.5,1
mme-cot,ILQ,143,CC,Qwen3.5,1.0,0.08333333333333333,Logic,InternVL|Llama-3.2|Qwen3.5,1
mme-cot,ILQ,144,CC,InternVL,1.0,0.5,Science,InternVL|Llama-3.2|Qwen3.5,2
mme-cot,ILQ,146,CC,Qwen3.5,1.0,0.5,Math,InternVL|Llama-3.2|Qwen3.5,1
mme-cot,ILQ,151,CC,Qwen3.5,1.0,0.5833333333333334,Science,InternVL|Llama-3.2|Qwen3.5,1
mme-cot,ILQ,155,CC,Qwen3.5,1.0,0.5,Math,InternVL|Llama-3.2|Qwen3.5,1
mme-cot,ILQ,159,MiC,Qwen3.5,1.0,0.4166666666666667,Science,InternVL|Llama-3.2|Qwen3.5,1
mme-cot,ILQ,16,CC,InternVL,0.3333333333333333,0.9166666666666667,Math,InternVL|Llama-3.2|Qwen3.5,2
mme-cot,ILQ,175,CC,Qwen3.5,1.0,0.0,Science,InternVL|Llama-3.2|Qwen3.5,1
mme-cot,ILQ,181,MiC,Llama-3.2,0.0,0.9166666666666667,Science,InternVL|Llama-3.2|Qwen3.5,3
mme-cot,ILQ,186,CC,Qwen3.5,1.0,0.3333333333333333,Math,InternVL|Llama-3.2|Qwen3.5,1
mme-cot,ILQ,189,MiC,Qwen3.5,1.0,0.6666666666666666,Science,InternVL|Llama-3.2|Qwen3.5,1
mme-cot,ILQ,196,CC,InternVL,1.0,0.5,Math,InternVL|Llama-3.2|Qwen3.5,2
mme-cot,ILQ,200,CC,Qwen3.5,0.3333333333333333,0.5,Math,InternVL|Llama-3.2|Qwen3.5,1
mme-cot,ILQ,201,CC,Qwen3.5,1.0,0.3333333333333333,Science,InternVL|Llama-3.2|Qwen3.5,1
mme-cot,ILQ,203,MiC,Qwen3.5,1.0,0.6666666666666666,Math,InternVL|Llama-3.2|Qwen3.5,1
mme-cot,ILQ,247,CC,Qwen3.5,0.3333333333333333,0.3333333333333333,Math,InternVL|Llama-3.2|Qwen3.5,1
mme-cot,ILQ,249,MiC,Qwen3.5,1.0,0.5,Science,InternVL|Llama-3.2|Qwen3.5,1
mme-cot,ILQ,250,CC,InternVL,0.0,0.0,Logic,InternVL|Llama-3.2|Qwen3.5,2
mme-cot,ILQ,255,CC,Qwen3.5,0.0,0.5,Math,InternVL|Llama-3.2|Qwen3.5,1
mme-cot,ILQ,264,CC,InternVL,0.0,0.5833333333333334,Science,InternVL|Llama-3.2|Qwen3.5,2
mme-cot,ILQ,267,MiC,Qwen3.5,0.0,0.08333333333333333,Logic,InternVL|Llama-3.2|Qwen3.5,1
mme-cot,ILQ,273,MiC,Qwen3.5,0.3333333333333333,1.0,OCR,InternVL|Llama-3.2|Qwen3.5,1
mme-cot,ILQ,278,CC,Qwen3.5,1.0,0.0,Math,InternVL|Llama-3.2|Qwen3.5,1
mme-cot,ILQ,280,CC,InternVL,0.0,0.16666666666666666,Logic,InternVL|Llama-3.2|Qwen3.5,2
mme-cot,ILQ,282,CC,Qwen3.5,0.3333333333333333,0.5,Math,InternVL|Llama-3.2|Qwen3.5,1
mme-cot,ILQ,286,CC,InternVL,0.0,0.16666666666666666,Logic,InternVL|Llama-3.2|Qwen3.5,2
mme-cot,ILQ,288,CC,Qwen3.5,1.0,0.5833333333333334,Logic,InternVL|Llama-3.2|Qwen3.5,1
mme-cot,ILQ,290,MiC,Qwen3.5,0.3333333333333333,0.0,Logic,InternVL|Llama-3.2|Qwen3.5,1
mme-cot,ILQ,291,CC,Qwen3.5,1.0,0.4166666666666667,Math,InternVL|Llama-3.2|Qwen3.5,1
mme-cot,ILQ,294,CC,Qwen3.5,1.0,0.5,Math,InternVL|Llama-3.2|Qwen3.5,1
mme-cot,ILQ,297,CC,Qwen3.5,0.0,0.5,Science,InternVL|Llama-3.2|Qwen3.5,1
mme-cot,ILQ,298,CC,Qwen3.5,1.0,0.25,OCR,InternVL|Llama-3.2|Qwen3.5,1
mme-cot,ILQ,304,MiC,Llama-3.2,1.0,0.0,Science,InternVL|Llama-3.2|Qwen3.5,3
mme-cot,ILQ,309,CC,Qwen3.5,1.0,0.5,OCR,InternVL|Llama-3.2|Qwen3.5,1
mme-cot,ILQ,312,CC,Qwen3.5,0.3333333333333333,0.3333333333333333,Math,InternVL|Llama-3.2|Qwen3.5,1
mme-cot,ILQ,315,MiC,Llama-3.2,0.0,0.5,General Reasoning,InternVL|Llama-3.2|Qwen3.5,3
mme-cot,ILQ,33,CC,Qwen3.5,1.0,0.5833333333333334,Math,InternVL|Llama-3.2|Qwen3.5,1
mme-cot,ILQ,34,CC,Qwen3.5,1.0,0.5,Science,InternVL|Llama-3.2|Qwen3.5,1
mme-cot,ILQ,344,CC,Qwen3.5,0.3333333333333333,0.3333333333333333,Math,InternVL|Llama-3.2|Qwen3.5,1
mme-cot,ILQ,348,CC,Qwen3.5,0.3333333333333333,0.0,Math,InternVL|Llama-3.2|Qwen3.5,1
mme-cot,ILQ,358,MiC,Qwen3.5,0.0,0.5,General Reasoning,InternVL|Llama-3.2|Qwen3.5,1
mme-cot,ILQ,371,CC,Qwen3.5,1.0,0.3333333333333333,Science,InternVL|Llama-3.2|Qwen3.5,1
mme-cot,ILQ,374,CC,Qwen3.5,1.0,0.4166666666666667,Math,InternVL|Llama-3.2|Qwen3.5,1
mme-cot,ILQ,386,CC,Qwen3.5,1.0,0.5833333333333334,Math,InternVL|Llama-3.2|Qwen3.5,1
mme-cot,ILQ,40,CC,Qwen3.5,0.3333333333333333,0.5833333333333334,Logic,InternVL|Llama-3.2|Qwen3.5,1
mme-cot,ILQ,409,CC,Qwen3.5,1.0,0.5,Math,InternVL|Llama-3.2|Qwen3.5,1
mme-cot,ILQ,415,CC,InternVL,0.3333333333333333,0.5,Math,InternVL|Llama-3.2|Qwen3.5,2
mme-cot,ILQ,416,CC,Qwen3.5,1.0,0.5,Math,InternVL|Llama-3.2|Qwen3.5,1
mme-cot,ILQ,42,CC,Qwen3.5,1.0,0.9166666666666667,Science,InternVL|Llama-3.2|Qwen3.5,1
mme-cot,ILQ,421,CC,Qwen3.5,1.0,0.5,Math,InternVL|Llama-3.2|Qwen3.5,1
mme-cot,ILQ,443,CC,Qwen3.5,1.0,0.5,Science,InternVL|Llama-3.2|Qwen3.5,1
mme-cot,ILQ,446,CC,Qwen3.5,1.0,0.8333333333333333,Math,InternVL|Llama-3.2|Qwen3.5,1
mme-cot,ILQ,465,MiC,Llama-3.2,0.0,0.4166666666666667,Logic,InternVL|Llama-3.2|Qwen3.5,3
mme-cot,ILQ,466,CC,Qwen3.5,1.0,0.6666666666666666,Logic,InternVL|Llama-3.2|Qwen3.5,1
mme-cot,ILQ,472,CC,Llama-3.2,0.0,0.0,Logic,InternVL|Llama-3.2|Qwen3.5,3
mme-cot,ILQ,48,CC,Qwen3.5,1.0,0.4166666666666667,Science,InternVL|Llama-3.2|Qwen3.5,1
mme-cot,ILQ,480,CC,InternVL,0.3333333333333333,0.5,Math,InternVL|Llama-3.2|Qwen3.5,2
mme-cot,ILQ,488,CC,Qwen3.5,0.3333333333333333,0.08333333333333333,Logic,InternVL|Llama-3.2|Qwen3.5,1
mme-cot,ILQ,492,CC,Qwen3.5,0.3333333333333333,0.41666666666666663,Logic,InternVL|Llama-3.2|Qwen3.5,1
mme-cot,ILQ,496,CC,InternVL,0.3333333333333333,1.0,Math,InternVL|Llama-3.2|Qwen3.5,2
mme-cot,ILQ,503,CC,Qwen3.5,0.3333333333333333,0.08333333333333333,Logic,InternVL|Llama-3.2|Qwen3.5,1
mme-cot,ILQ,506,CC,InternVL,0.0,0.41666666666666663,Logic,InternVL|Llama-3.2|Qwen3.5,2
mme-cot,ILQ,509,CC,Qwen3.5,0.3333333333333333,0.5,Math,InternVL|Llama-3.2|Qwen3.5,1
mme-cot,ILQ,512,CC,Qwen3.5,1.0,0.16666666666666666,Logic,InternVL|Llama-3.2|Qwen3.5,1
mme-cot,ILQ,521,CC,InternVL,0.0,0.5833333333333334,Math,InternVL|Llama-3.2|Qwen3.5,2
mme-cot,ILQ,551,MiC,Qwen3.5,1.0,1.0,General Reasoning,InternVL|Llama-3.2|Qwen3.5,1
mme-cot,ILQ,580,CC,Qwen3.5,0.3333333333333333,0.5,Math,InternVL|Llama-3.2|Qwen3.5,1
mme-cot,ILQ,587,MiC,Qwen3.5,1.0,0.0,Math,InternVL|Llama-3.2|Qwen3.5,1
mme-cot,ILQ,596,CC,Qwen3.5,1.0,0.5,Science,InternVL|Llama-3.2|Qwen3.5,1
mme-cot,ILQ,6,CC,Qwen3.5,1.0,0.5,Math,InternVL|Llama-3.2|Qwen3.5,1
mme-cot,ILQ,611,MiC,Llama-3.2,1.0,0.08333333333333333,Spatial-Temporal,InternVL|Llama-3.2|Qwen3.5,3
mme-cot,ILQ,612,CC,Qwen3.5,0.3333333333333333,0.4166666666666667,Math,InternVL|Llama-3.2|Qwen3.5,1
mme-cot,ILQ,621,CC,Qwen3.5,0.3333333333333333,0.0,Math,InternVL|Llama-3.2|Qwen3.5,1
mme-cot,ILQ,623,CC,Qwen3.5,1.0,0.5,Math,InternVL|Llama-3.2|Qwen3.5,1
mme-cot,ILQ,629,MiC,Qwen3.5,1.0,1.0,Math,InternVL|Llama-3.2|Qwen3.5,1
mme-cot,ILQ,631,MiC,Qwen3.5,1.0,0.5,Math,InternVL|Llama-3.2|Qwen3.5,1
mme-cot,ILQ,632,CC,Qwen3.5,1.0,0.0,Math,InternVL|Llama-3.2|Qwen3.5,1
mme-cot,ILQ,643,MiC,InternVL,0.0,0.4166666666666667,Math,InternVL|Llama-3.2|Qwen3.5,2
mme-cot,ILQ,649,MiC,InternVL,0.0,0.08333333333333333,Science,InternVL|Llama-3.2|Qwen3.5,2
mme-cot,ILQ,65,MiC,Qwen3.5,1.0,0.8333333333333333,General Reasoning,InternVL|Llama-3.2|Qwen3.5,1
mme-cot,ILQ,660,CC,Qwen3.5,1.0,0.5,Science,InternVL|Llama-3.2|Qwen3.5,1
mme-cot,ILQ,668,MiC,Qwen3.5,1.0,0.5,Math,InternVL|Llama-3.2|Qwen3.5,1
mme-cot,ILQ,669,CC,Qwen3.5,1.0,0.3333333333333333,Science,InternVL|Llama-3.2|Qwen3.5,1
mme-cot,ILQ,679,MiC,Qwen3.5,1.0,0.4166666666666667,Math,InternVL|Llama-3.2|Qwen3.5,1
mme-cot,ILQ,682,MiC,Qwen3.5,1.0,0.6666666666666666,Math,InternVL|Llama-3.2|Qwen3.5,1
mme-cot,ILQ,683,CC,Qwen3.5,1.0,0.6666666666666666,Math,InternVL|Llama-3.2|Qwen3.5,1
mme-cot,ILQ,686,MiC,Qwen3.5,1.0,0.25,Science,InternVL|Llama-3.2|Qwen3.5,1
mme-cot,ILQ,688,CC,Qwen3.5,1.0,0.5833333333333334,Math,InternVL|Llama-3.2|Qwen3.5,1
mme-cot,ILQ,69,MiC,Llama-3.2,0.0,0.0,Spatial-Temporal,InternVL|Llama-3.2|Qwen3.5,3
mme-cot,ILQ,692,CC,Qwen3.5,1.0,0.3333333333333333,Science,InternVL|Llama-3.2|Qwen3.5,1
mme-cot,ILQ,693,MiC,Qwen3.5,1.0,0.5,Science,InternVL|Llama-3.2|Qwen3.5,1
mme-cot,ILQ,696,CC,Qwen3.5,1.0,0.5,Science,InternVL|Llama-3.2|Qwen3.5,1
mme-cot,ILQ,701,CC,Qwen3.5,1.0,0.8333333333333333,Math,InternVL|Llama-3.2|Qwen3.5,1
mme-cot,ILQ,707,CC,Llama-3.2,0.0,0.08333333333333333,Science,InternVL|Llama-3.2|Qwen3.5,3
mme-cot,ILQ,737,CC,InternVL,0.0,0.16666666666666666,OCR,InternVL|Llama-3.2|Qwen3.5,2
mme-cot,ILQ,744,CC,Qwen3.5,1.0,0.5,Math,InternVL|Llama-3.2|Qwen3.5,1
mme-cot,ILQ,752,MiC,Qwen3.5,0.0,0.08333333333333333,OCR,InternVL|Llama-3.2|Qwen3.5,1
mme-cot,ILQ,766,MiC,Qwen3.5,1.0,0.6666666666666666,Science,InternVL|Llama-3.2|Qwen3.5,1
mme-cot,ILQ,769,CC,Qwen3.5,0.0,0.08333333333333333,Math,InternVL|Llama-3.2|Qwen3.5,1
mme-cot,ILQ,770,CC,InternVL,0.3333333333333333,0.25,OCR,InternVL|Llama-3.2|Qwen3.5,2
mme-cot,ILQ,777,CC,Qwen3.5,1.0,0.0,Math,InternVL|Llama-3.2|Qwen3.5,1
mme-cot,ILQ,778,MiC,Qwen3.5,1.0,0.75,Science,InternVL|Llama-3.2|Qwen3.5,1
mme-cot,ILQ,782,CC,Qwen3.5,1.0,0.08333333333333333,OCR,InternVL|Llama-3.2|Qwen3.5,1
mme-cot,ILQ,787,CC,InternVL,0.3333333333333333,0.16666666666666666,OCR,InternVL|Llama-3.2|Qwen3.5,2
mme-cot,ILQ,792,CC,Qwen3.5,0.0,0.16666666666666666,Science,InternVL|Llama-3.2|Qwen3.5,1
mme-cot,ILQ,796,CC,Qwen3.5,1.0,0.5,Math,InternVL|Llama-3.2|Qwen3.5,1
mme-cot,ILQ,801,CC,Qwen3.5,1.0,0.08333333333333333,Science,InternVL|Llama-3.2|Qwen3.5,1
mme-cot,ILQ,822,CC,Qwen3.5,1.0,1.0,Science,InternVL|Llama-3.2|Qwen3.5,1
mme-cot,ILQ,826,MiC,Qwen3.5,1.0,0.5,Science,InternVL|Llama-3.2|Qwen3.5,1
mme-cot,ILQ,836,CC,InternVL,1.0,0.08333333333333333,Math,InternVL|Llama-3.2|Qwen3.5,2
mme-cot,ILQ,84,MiC,InternVL,0.0,0.5,General Reasoning,InternVL|Llama-3.2|Qwen3.5,2
mme-cot,ILQ,840,CC,Qwen3.5,0.3333333333333333,1.0,OCR,InternVL|Llama-3.2|Qwen3.5,1
mme-cot,ILQ,841,MiC,InternVL,0.3333333333333333,0.5,OCR,InternVL|Llama-3.2|Qwen3.5,2
mme-cot,ILQ,847,MiC,Qwen3.5,1.0,0.5,OCR,InternVL|Llama-3.2|Qwen3.5,1
mme-cot,ILQ,952,MiC,InternVL,0.0,0.5833333333333334,Spatial-Temporal,InternVL|Llama-3.2|Qwen3.5,2
mme-cot,ILQ,953,MiC,InternVL,0.0,0.16666666666666666,Spatial-Temporal,InternVL|Llama-3.2|Qwen3.5,2
mme-cot,ILQ,96,CC,InternVL,0.0,0.4166666666666667,Logic,InternVL|Llama-3.2|Qwen3.5,2
mme-cot,IPQ,106,MiC,Qwen3.5,0.0,0.0,OCR,InternVL|Pixtral|Qwen3.5,1
mme-cot,IPQ,1091,MiC,Pixtral,0.0,0.25,General Reasoning,InternVL|Pixtral|Qwen3.5,3
mme-cot,IPQ,110,CC,InternVL,1.0,0.5833333333333334,Math,InternVL|Pixtral|Qwen3.5,2
mme-cot,IPQ,1106,CC,InternVL,0.3333333333333333,0.41666666666666663,General Reasoning,InternVL|Pixtral|Qwen3.5,2
mme-cot,IPQ,1110,MiC,InternVL,0.0,0.5833333333333334,General Reasoning,InternVL|Pixtral|Qwen3.5,2
mme-cot,IPQ,1117,CC,Qwen3.5,1.0,1.0,General Reasoning,InternVL|Pixtral|Qwen3.5,1
mme-cot,IPQ,1121,CC,Pixtral,0.3333333333333333,0.08333333333333333,General Reasoning,InternVL|Pixtral|Qwen3.5,3
mme-cot,IPQ,113,CC,Qwen3.5,0.0,0.5,Math,InternVL|Pixtral|Qwen3.5,1
mme-cot,IPQ,115,CC,Qwen3.5,0.3333333333333333,0.5833333333333334,Science,InternVL|Pixtral|Qwen3.5,1
mme-cot,IPQ,116,CC,Qwen3.5,0.3333333333333333,0.5,Math,InternVL|Pixtral|Qwen3.5,1
mme-cot,IPQ,117,CC,Qwen3.5,1.0,0.5833333333333333,Science,InternVL|Pixtral|Qwen3.5,1
mme-cot,IPQ,119,CC,Qwen3.5,0.0,0.16666666666666666,Science,InternVL|Pixtral|Qwen3.5,1
mme-cot,IPQ,12,CC,Qwen3.5,1.0,0.5,Math,InternVL|Pixtral|Qwen3.5,1
mme-cot,IPQ,143,CC,Qwen3.5,0.3333333333333333,0.08333333333333333,Logic,InternVL|Pixtral|Qwen3.5,1
mme-cot,IPQ,144,CC,Qwen3.5,1.0,0.5,Science,InternVL|Pixtral|Qwen3.5,1
mme-cot,IPQ,146,CC,Qwen3.5,1.0,0.5,Math,InternVL|Pixtral|Qwen3.5,1
mme-cot,IPQ,150,CC,Qwen3.5,0.0,0.25,Math,InternVL|Pixtral|Qwen3.5,1
mme-cot,IPQ,155,MiC,Qwen3.5,1.0,0.5,Math,InternVL|Pixtral|Qwen3.5,1
mme-cot,IPQ,16,CC,InternVL,1.0,0.75,Math,InternVL|Pixtral|Qwen3.5,2
mme-cot,IPQ,180,CC,InternVL,0.0,0.08333333333333333,Logic,InternVL|Pixtral|Qwen3.5,2
mme-cot,IPQ,181,MiC,Pixtral,0.0,0.8333333333333334,Science,InternVL|Pixtral|Qwen3.5,3
mme-cot,IPQ,183,MiC,Qwen3.5,0.0,0.6666666666666666,Math,InternVL|Pixtral|Qwen3.5,1
mme-cot,IPQ,185,MiC,Pixtral,0.0,0.4166666666666667,Science,InternVL|Pixtral|Qwen3.5,3
mme-cot,IPQ,186,CC,Qwen3.5,1.0,0.3333333333333333,Math,InternVL|Pixtral|Qwen3.5,1
mme-cot,IPQ,196,CC,InternVL,0.3333333333333333,0.5,Math,InternVL|Pixtral|Qwen3.5,2
mme-cot,IPQ,200,CC,Qwen3.5,1.0,0.5,Math,InternVL|Pixtral|Qwen3.5,1
mme-cot,IPQ,201,MiC,Qwen3.5,1.0,0.3333333333333333,Science,InternVL|Pixtral|Qwen3.5,1
mme-cot,IPQ,203,MiC,Qwen3.5,1.0,0.5,Math,InternVL|Pixtral|Qwen3.5,1
mme-cot,IPQ,214,MiC,InternVL,0.0,0.6666666666666666,General Reasoning,InternVL|Pixtral|Qwen3.5,2
mme-cot,IPQ,216,CC,InternVL,0.0,0.0,General Reasoning,InternVL|Pixtral|Qwen3.5,2
mme-cot,IPQ,231,MiC,Pixtral,0.0,0.0,General Reasoning,InternVL|Pixtral|Qwen3.5,3
mme-cot,IPQ,245,CC,Qwen3.5,1.0,0.5,General Reasoning,InternVL|Pixtral|Qwen3.5,1
mme-cot,IPQ,247,CC,Qwen3.5,0.0,0.3333333333333333,Math,InternVL|Pixtral|Qwen3.5,1
mme-cot,IPQ,249,CC,Qwen3.5,1.0,0.5,Science,InternVL|Pixtral|Qwen3.5,1
mme-cot,IPQ,255,MiC,Qwen3.5,0.3333333333333333,0.8333333333333333,Math,InternVL|Pixtral|Qwen3.5,1
mme-cot,IPQ,259,CC,InternVL,0.3333333333333333,0.16666666666666666,Logic,InternVL|Pixtral|Qwen3.5,2
mme-cot,IPQ,263,CC,InternVL,0.3333333333333333,0.0,Logic,InternVL|Pixtral|Qwen3.5,2
mme-cot,IPQ,267,CC,InternVL,0.0,0.08333333333333333,Logic,InternVL|Pixtral|Qwen3.5,2
mme-cot,IPQ,27,CC,Qwen3.5,0.3333333333333333,0.5833333333333334,Math,InternVL|Pixtral|Qwen3.5,1
mme-cot,IPQ,278,CC,Qwen3.5,0.0,0.0,Math,InternVL|Pixtral|Qwen3.5,1
mme-cot,IPQ,282,CC,Qwen3.5,0.0,0.5,Math,InternVL|Pixtral|Qwen3.5,1
mme-cot,IPQ,286,CC,InternVL,0.0,0.08333333333333333,Logic,InternVL|Pixtral|Qwen3.5,2
mme-cot,IPQ,288,MiC,Qwen3.5,0.0,0.5,Logic,InternVL|Pixtral|Qwen3.5,1
mme-cot,IPQ,291,CC,Qwen3.5,1.0,0.4166666666666667,Math,InternVL|Pixtral|Qwen3.5,1
mme-cot,IPQ,294,CC,Qwen3.5,1.0,0.5,Math,InternVL|Pixtral|Qwen3.5,1
mme-cot,IPQ,297,CC,Qwen3.5,1.0,0.5,Science,InternVL|Pixtral|Qwen3.5,1
mme-cot,IPQ,298,CC,Qwen3.5,1.0,0.25,OCR,InternVL|Pixtral|Qwen3.5,1
mme-cot,IPQ,3,CC,Qwen3.5,0.3333333333333333,0.25,Logic,InternVL|Pixtral|Qwen3.5,1
mme-cot,IPQ,30,CC,InternVL,0.0,0.16666666666666666,Logic,InternVL|Pixtral|Qwen3.5,2
mme-cot,IPQ,308,CC,Qwen3.5,0.3333333333333333,0.0,Logic,InternVL|Pixtral|Qwen3.5,1
mme-cot,IPQ,309,MiC,Qwen3.5,1.0,0.9166666666666667,OCR,InternVL|Pixtral|Qwen3.5,1
mme-cot,IPQ,311,CC,InternVL,1.0,1.0,General Reasoning,InternVL|Pixtral|Qwen3.5,2
mme-cot,IPQ,312,CC,Qwen3.5,0.0,0.3333333333333333,Math,InternVL|Pixtral|Qwen3.5,1
mme-cot,IPQ,325,MiC,Pixtral,0.0,0.3333333333333333,General Reasoning,InternVL|Pixtral|Qwen3.5,3
mme-cot,IPQ,33,CC,Qwen3.5,1.0,0.5,Math,InternVL|Pixtral|Qwen3.5,1
mme-cot,IPQ,34,MiC,Qwen3.5,1.0,0.5833333333333334,Science,InternVL|Pixtral|Qwen3.5,1
mme-cot,IPQ,341,MiC,Qwen3.5,0.0,0.08333333333333333,General Reasoning,InternVL|Pixtral|Qwen3.5,1
mme-cot,IPQ,344,CC,Qwen3.5,0.3333333333333333,0.3333333333333333,Math,InternVL|Pixtral|Qwen3.5,1
mme-cot,IPQ,348,CC,Qwen3.5,0.0,0.0,Math,InternVL|Pixtral|Qwen3.5,1
mme-cot,IPQ,349,MiC,Pixtral,0.0,1.0,General Reasoning,InternVL|Pixtral|Qwen3.5,3
mme-cot,IPQ,351,MiC,InternVL,1.0,1.0,General Reasoning,InternVL|Pixtral|Qwen3.5,2
mme-cot,IPQ,355,MiC,Qwen3.5,0.0,0.5,General Reasoning,InternVL|Pixtral|Qwen3.5,1
mme-cot,IPQ,358,MiC,Qwen3.5,1.0,0.5,General Reasoning,InternVL|Pixtral|Qwen3.5,1
mme-cot,IPQ,371,CC,Qwen3.5,1.0,0.3333333333333333,Science,InternVL|Pixtral|Qwen3.5,1
mme-cot,IPQ,374,CC,Qwen3.5,0.3333333333333333,0.4166666666666667,Math,InternVL|Pixtral|Qwen3.5,1
mme-cot,IPQ,379,CC,Qwen3.5,0.0,0.5,Math,InternVL|Pixtral|Qwen3.5,1
mme-cot,IPQ,386,CC,Qwen3.5,1.0,0.4166666666666667,Math,InternVL|Pixtral|Qwen3.5,1
mme-cot,IPQ,39,CC,Qwen3.5,0.3333333333333333,0.5,Math,InternVL|Pixtral|Qwen3.5,1
mme-cot,IPQ,40,CC,Qwen3.5,0.3333333333333333,0.4166666666666667,Logic,InternVL|Pixtral|Qwen3.5,1
mme-cot,IPQ,409,CC,Qwen3.5,0.0,0.5,Math,InternVL|Pixtral|Qwen3.5,1
mme-cot,IPQ,415,CC,InternVL,0.3333333333333333,0.5,Math,InternVL|Pixtral|Qwen3.5,2
mme-cot,IPQ,416,CC,Qwen3.5,1.0,0.5,Math,InternVL|Pixtral|Qwen3.5,1
mme-cot,IPQ,421,CC,Qwen3.5,0.3333333333333333,0.5,Math,InternVL|Pixtral|Qwen3.5,1
mme-cot,IPQ,434,CC,InternVL,1.0,0.4166666666666667,Math,InternVL|Pixtral|Qwen3.5,2
mme-cot,IPQ,44,CC,Qwen3.5,1.0,0.5,Math,InternVL|Pixtral|Qwen3.5,1
mme-cot,IPQ,443,CC,Qwen3.5,1.0,0.4166666666666667,Science,InternVL|Pixtral|Qwen3.5,1
mme-cot,IPQ,457,CC,Qwen3.5,1.0,0.5,Logic,InternVL|Pixtral|Qwen3.5,1
mme-cot,IPQ,462,CC,InternVL,1.0,0.16666666666666666,Logic,InternVL|Pixtral|Qwen3.5,2
mme-cot,IPQ,466,MiC,Qwen3.5,0.0,0.5,Logic,InternVL|Pixtral|Qwen3.5,1
mme-cot,IPQ,476,CC,InternVL,1.0,0.0,Logic,InternVL|Pixtral|Qwen3.5,2
mme-cot,IPQ,480,CC,InternVL,1.0,0.5,Math,InternVL|Pixtral|Qwen3.5,2
mme-cot,IPQ,485,CC,Qwen3.5,0.3333333333333333,0.0,Logic,InternVL|Pixtral|Qwen3.5,1
mme-cot,IPQ,496,CC,InternVL,1.0,1.0,Math,InternVL|Pixtral|Qwen3.5,2
mme-cot,IPQ,497,MiC,Qwen3.5,1.0,0.08333333333333333,Logic,InternVL|Pixtral|Qwen3.5,1
mme-cot,IPQ,498,CC,Qwen3.5,0.0,0.75,Math,InternVL|Pixtral|Qwen3.5,1
mme-cot,IPQ,499,CC,Pixtral,0.3333333333333333,0.08333333333333333,Logic,InternVL|Pixtral|Qwen3.5,3
mme-cot,IPQ,501,CC,InternVL,1.0,0.9166666666666667,Math,InternVL|Pixtral|Qwen3.5,2
mme-cot,IPQ,503,CC,Qwen3.5,0.0,0.0,Logic,InternVL|Pixtral|Qwen3.5,1
mme-cot,IPQ,512,CC,Qwen3.5,1.0,0.3333333333333333,Logic,InternVL|Pixtral|Qwen3.5,1
mme-cot,IPQ,514,CC,Pixtral,0.3333333333333333,0.0,Logic,InternVL|Pixtral|Qwen3.5,3
mme-cot,IPQ,515,CC,Qwen3.5,0.0,0.08333333333333333,Logic,InternVL|Pixtral|Qwen3.5,1
mme-cot,IPQ,521,CC,InternVL,0.3333333333333333,0.5,Math,InternVL|Pixtral|Qwen3.5,2
mme-cot,IPQ,531,CC,InternVL,1.0,0.5,Math,InternVL|Pixtral|Qwen3.5,2
mme-cot,IPQ,554,CC,Qwen3.5,0.3333333333333333,0.5,Math,InternVL|Pixtral|Qwen3.5,1
mme-cot,IPQ,556,CC,Qwen3.5,0.0,0.08333333333333333,Math,InternVL|Pixtral|Qwen3.5,1
mme-cot,IPQ,583,CC,InternVL,0.3333333333333333,0.5,Math,InternVL|Pixtral|Qwen3.5,2
mme-cot,IPQ,596,CC,Qwen3.5,0.0,0.5,Science,InternVL|Pixtral|Qwen3.5,1
mme-cot,IPQ,6,CC,Qwen3.5,0.3333333333333333,0.5,Math,InternVL|Pixtral|Qwen3.5,1
mme-cot,IPQ,601,MiC,Qwen3.5,0.0,0.5833333333333334,Math,InternVL|Pixtral|Qwen3.5,1
mme-cot,IPQ,612,CC,Qwen3.5,0.0,0.4166666666666667,Math,InternVL|Pixtral|Qwen3.5,1
mme-cot,IPQ,621,CC,Qwen3.5,0.3333333333333333,0.0,Math,InternVL|Pixtral|Qwen3.5,1
mme-cot,IPQ,623,CC,Qwen3.5,0.3333333333333333,0.5,Math,InternVL|Pixtral|Qwen3.5,1
mme-cot,IPQ,636,MiC,InternVL,1.0,0.5833333333333333,Math,InternVL|Pixtral|Qwen3.5,2
mme-cot,IPQ,638,CC,Pixtral,1.0,0.5,Science,InternVL|Pixtral|Qwen3.5,3
mme-cot,IPQ,646,CC,Qwen3.5,0.0,0.25,Math,InternVL|Pixtral|Qwen3.5,1
mme-cot,IPQ,647,CC,Qwen3.5,1.0,0.8333333333333333,Science,InternVL|Pixtral|Qwen3.5,1
mme-cot,IPQ,649,MiC,InternVL,0.0,0.0,Science,InternVL|Pixtral|Qwen3.5,2
mme-cot,IPQ,65,CC,Pixtral,0.0,0.3333333333333333,General Reasoning,InternVL|Pixtral|Qwen3.5,3
mme-cot,IPQ,660,CC,Qwen3.5,1.0,0.6666666666666666,Science,InternVL|Pixtral|Qwen3.5,1
mme-cot,IPQ,661,CC,Qwen3.5,1.0,0.41666666666666663,Math,InternVL|Pixtral|Qwen3.5,1
mme-cot,IPQ,666,CC,Qwen3.5,1.0,0.5,Math,InternVL|Pixtral|Qwen3.5,1
mme-cot,IPQ,668,MiC,Qwen3.5,1.0,0.5,Math,InternVL|Pixtral|Qwen3.5,1
mme-cot,IPQ,669,CC,Qwen3.5,0.3333333333333333,0.3333333333333333,Science,InternVL|Pixtral|Qwen3.5,1
mme-cot,IPQ,670,CC,Qwen3.5,1.0,0.5,Math,InternVL|Pixtral|Qwen3.5,1
mme-cot,IPQ,671,CC,Qwen3.5,0.0,0.08333333333333333,Science,InternVL|Pixtral|Qwen3.5,1
mme-cot,IPQ,678,MiC,Qwen3.5,0.0,0.5833333333333334,Math,InternVL|Pixtral|Qwen3.5,1
mme-cot,IPQ,681,MiC,Qwen3.5,1.0,0.8333333333333333,Math,InternVL|Pixtral|Qwen3.5,1
mme-cot,IPQ,682,CC,Qwen3.5,0.0,0.6666666666666666,Math,InternVL|Pixtral|Qwen3.5,1
mme-cot,IPQ,683,CC,Qwen3.5,1.0,0.6666666666666666,Math,InternVL|Pixtral|Qwen3.5,1
mme-cot,IPQ,684,CC,Qwen3.5,1.0,0.75,Science,InternVL|Pixtral|Qwen3.5,1
mme-cot,IPQ,687,CC,Qwen3.5,0.0,0.6666666666666666,Math,InternVL|Pixtral|Qwen3.5,1
mme-cot,IPQ,688,CC,Qwen3.5,0.0,0.5,Math,InternVL|Pixtral|Qwen3.5,1
mme-cot,IPQ,689,CC,Pixtral,1.0,0.16666666666666666,Math,InternVL|Pixtral|Qwen3.5,3
mme-cot,IPQ,692,CC,Qwen3.5,0.0,0.08333333333333333,Science,InternVL|Pixtral|Qwen3.5,1
mme-cot,IPQ,693,CC,Qwen3.5,1.0,0.5,Science,InternVL|Pixtral|Qwen3.5,1
mme-cot,IPQ,701,MiC,Qwen3.5,0.0,0.5,Math,InternVL|Pixtral|Qwen3.5,1
mme-cot,IPQ,737,CC,InternVL,1.0,0.16666666666666666,OCR,InternVL|Pixtral|Qwen3.5,2
mme-cot,IPQ,74,MiC,Qwen3.5,0.0,0.0,General Reasoning,InternVL|Pixtral|Qwen3.5,1
mme-cot,IPQ,741,CC,Qwen3.5,0.3333333333333333,0.3333333333333333,Math,InternVL|Pixtral|Qwen3.5,1
mme-cot,IPQ,743,CC,InternVL,0.0,0.0,Math,InternVL|Pixtral|Qwen3.5,2
mme-cot,IPQ,744,CC,Qwen3.5,1.0,0.5,Math,InternVL|Pixtral|Qwen3.5,1
mme-cot,IPQ,752,MiC,Qwen3.5,0.0,0.0,OCR,InternVL|Pixtral|Qwen3.5,1
mme-cot,IPQ,753,CC,Qwen3.5,1.0,0.08333333333333333,Math,InternVL|Pixtral|Qwen3.5,1
mme-cot,IPQ,766,CC,Qwen3.5,0.3333333333333333,0.6666666666666666,Science,InternVL|Pixtral|Qwen3.5,1
mme-cot,IPQ,769,CC,Qwen3.5,1.0,0.08333333333333333,Math,InternVL|Pixtral|Qwen3.5,1
mme-cot,IPQ,770,CC,InternVL,0.0,0.25,OCR,InternVL|Pixtral|Qwen3.5,2
mme-cot,IPQ,777,CC,Qwen3.5,1.0,0.0,Math,InternVL|Pixtral|Qwen3.5,1
mme-cot,IPQ,782,CC,Qwen3.5,0.0,0.0,OCR,InternVL|Pixtral|Qwen3.5,1
mme-cot,IPQ,787,MiC,InternVL,0.0,0.08333333333333333,OCR,InternVL|Pixtral|Qwen3.5,2
mme-cot,IPQ,792,CC,Qwen3.5,0.0,0.08333333333333333,Science,InternVL|Pixtral|Qwen3.5,1
mme-cot,IPQ,796,CC,Qwen3.5,0.0,0.5,Math,InternVL|Pixtral|Qwen3.5,1
mme-cot,IPQ,798,MiC,Pixtral,0.0,0.5833333333333333,Science,InternVL|Pixtral|Qwen3.5,3
mme-cot,IPQ,801,MiC,Qwen3.5,1.0,0.08333333333333333,Science,InternVL|Pixtral|Qwen3.5,1
mme-cot,IPQ,802,MiC,Qwen3.5,1.0,0.6666666666666667,Math,InternVL|Pixtral|Qwen3.5,1
mme-cot,IPQ,804,CC,Qwen3.5,1.0,0.5,Science,InternVL|Pixtral|Qwen3.5,1
mme-cot,IPQ,813,CC,Qwen3.5,0.3333333333333333,0.8333333333333333,Science,InternVL|Pixtral|Qwen3.5,1
mme-cot,IPQ,826,MiC,Qwen3.5,0.0,0.75,Science,InternVL|Pixtral|Qwen3.5,1
mme-cot,IPQ,830,MiC,Qwen3.5,0.0,0.6666666666666666,Math,InternVL|Pixtral|Qwen3.5,1
mme-cot,IPQ,836,CC,InternVL,0.0,0.08333333333333333,Math,InternVL|Pixtral|Qwen3.5,2
mme-cot,IPQ,847,MiC,Qwen3.5,1.0,0.5,OCR,InternVL|Pixtral|Qwen3.5,1
mme-cot,IPQ,872,MiC,InternVL,0.0,0.25,General Reasoning,InternVL|Pixtral|Qwen3.5,2
mme-cot,IPQ,878,MiC,Qwen3.5,1.0,0.9166666666666667,General Reasoning,InternVL|Pixtral|Qwen3.5,1
mme-cot,IPQ,952,MiC,InternVL,0.0,0.6666666666666666,Spatial-Temporal,InternVL|Pixtral|Qwen3.5,2
mme-cot,IPQ,960,MiC,InternVL,0.0,0.9166666666666667,Spatial-Temporal,InternVL|Pixtral|Qwen3.5,2
mme-cot,LPQ,1014,CC,Qwen3.5,0.0,0.6666666666666666,Spatial-Temporal,Llama-3.2|Pixtral|Qwen3.5,1
mme-cot,LPQ,102,CC,Qwen3.5,0.3333333333333333,0.08333333333333333,Logic,Llama-3.2|Pixtral|Qwen3.5,1
mme-cot,LPQ,1038,CC,Qwen3.5,1.0,0.3333333333333333,Spatial-Temporal,Llama-3.2|Pixtral|Qwen3.5,1
mme-cot,LPQ,1041,MiC,Qwen3.5,0.0,0.5,Spatial-Temporal,Llama-3.2|Pixtral|Qwen3.5,1
mme-cot,LPQ,1047,MiC,Qwen3.5,1.0,1.0,Spatial-Temporal,Llama-3.2|Pixtral|Qwen3.5,1
mme-cot,LPQ,106,CC,Qwen3.5,0.0,0.4166666666666667,OCR,Llama-3.2|Pixtral|Qwen3.5,1
mme-cot,LPQ,1075,MiC,Qwen3.5,1.0,0.0,General Reasoning,Llama-3.2|Pixtral|Qwen3.5,1
mme-cot,LPQ,108,MiC,Qwen3.5,1.0,0.9166666666666667,Science,Llama-3.2|Pixtral|Qwen3.5,1
mme-cot,LPQ,109,CC,Qwen3.5,0.3333333333333333,0.5,Math,Llama-3.2|Pixtral|Qwen3.5,1
mme-cot,LPQ,1110,MiC,Llama-3.2,0.0,0.41666666666666663,General Reasoning,Llama-3.2|Pixtral|Qwen3.5,3
mme-cot,LPQ,113,CC,Qwen3.5,0.0,0.8333333333333333,Math,Llama-3.2|Pixtral|Qwen3.5,1
mme-cot,LPQ,115,CC,Qwen3.5,1.0,0.6666666666666666,Science,Llama-3.2|Pixtral|Qwen3.5,1
mme-cot,LPQ,116,CC,Qwen3.5,0.3333333333333333,0.5833333333333334,Math,Llama-3.2|Pixtral|Qwen3.5,1
mme-cot,LPQ,118,CC,Qwen3.5,1.0,0.25,Math,Llama-3.2|Pixtral|Qwen3.5,1
mme-cot,LPQ,119,CC,Qwen3.5,0.0,0.16666666666666666,Science,Llama-3.2|Pixtral|Qwen3.5,1
mme-cot,LPQ,12,CC,Qwen3.5,0.3333333333333333,0.5,Math,Llama-3.2|Pixtral|Qwen3.5,1
mme-cot,LPQ,144,CC,Qwen3.5,1.0,0.75,Science,Llama-3.2|Pixtral|Qwen3.5,1
mme-cot,LPQ,146,CC,Qwen3.5,1.0,0.5,Math,Llama-3.2|Pixtral|Qwen3.5,1
mme-cot,LPQ,150,CC,Qwen3.5,1.0,0.08333333333333333,Math,Llama-3.2|Pixtral|Qwen3.5,1
mme-cot,LPQ,151,MiC,Qwen3.5,0.0,0.5,Science,Llama-3.2|Pixtral|Qwen3.5,1
mme-cot,LPQ,155,MiC,Qwen3.5,0.0,0.5,Math,Llama-3.2|Pixtral|Qwen3.5,1
mme-cot,LPQ,156,CC,Qwen3.5,0.0,0.9166666666666667,Logic,Llama-3.2|Pixtral|Qwen3.5,1
mme-cot,LPQ,16,CC,Pixtral,0.3333333333333333,1.0,Math,Llama-3.2|Pixtral|Qwen3.5,2
mme-cot,LPQ,165,CC,Llama-3.2,0.0,0.8333333333333334,Math,Llama-3.2|Pixtral|Qwen3.5,3
mme-cot,LPQ,166,MiC,Qwen3.5,1.0,1.0,Science,Llama-3.2|Pixtral|Qwen3.5,1
mme-cot,LPQ,172,CC,Qwen3.5,1.0,0.08333333333333333,Science,Llama-3.2|Pixtral|Qwen3.5,1
mme-cot,LPQ,175,CC,Qwen3.5,0.0,0.0,Science,Llama-3.2|Pixtral|Qwen3.5,1
mme-cot,LPQ,179,MiC,Qwen3.5,1.0,0.25,Science,Llama-3.2|Pixtral|Qwen3.5,1
mme-cot,LPQ,180,CC,Pixtral,0.0,0.41666666666666663,Logic,Llama-3.2|Pixtral|Qwen3.5,2
mme-cot,LPQ,186,CC,Qwen3.5,0.0,0.3333333333333333,Math,Llama-3.2|Pixtral|Qwen3.5,1
mme-cot,LPQ,195,CC,Qwen3.5,1.0,0.4166666666666667,Math,Llama-3.2|Pixtral|Qwen3.5,1
mme-cot,LPQ,198,CC,Qwen3.5,1.0,0.5833333333333334,Science,Llama-3.2|Pixtral|Qwen3.5,1
mme-cot,LPQ,200,CC,Qwen3.5,0.0,0.5,Math,Llama-3.2|Pixtral|Qwen3.5,1
mme-cot,LPQ,201,MiC,Qwen3.5,1.0,0.41666666666666663,Science,Llama-3.2|Pixtral|Qwen3.5,1
mme-cot,LPQ,205,MiC,Llama-3.2,0.0,0.41666666666666663,Math,Llama-3.2|Pixtral|Qwen3.5,3
mme-cot,LPQ,208,CC,Qwen3.5,0.3333333333333333,0.3333333333333333,Math,Llama-3.2|Pixtral|Qwen3.5,1
mme-cot,LPQ,21,CC,Qwen3.5,0.3333333333333333,0.75,Math,Llama-3.2|Pixtral|Qwen3.5,1
mme-cot,LPQ,247,CC,Qwen3.5,0.3333333333333333,0.3333333333333333,Math,Llama-3.2|Pixtral|Qwen3.5,1
mme-cot,LPQ,248,MiC,Qwen3.5,0.0,1.0,Math,Llama-3.2|Pixtral|Qwen3.5,1
mme-cot,LPQ,249,MiC,Qwen3.5,1.0,0.5833333333333334,Science,Llama-3.2|Pixtral|Qwen3.5,1
mme-cot,LPQ,256,CC,Qwen3.5,0.0,0.41666666666666663,Logic,Llama-3.2|Pixtral|Qwen3.5,1
mme-cot,LPQ,258,CC,Qwen3.5,0.3333333333333333,1.0,Math,Llama-3.2|Pixtral|Qwen3.5,1
mme-cot,LPQ,26,MiC,Llama-3.2,0.0,0.08333333333333333,Science,Llama-3.2|Pixtral|Qwen3.5,3
mme-cot,LPQ,260,CC,Qwen3.5,1.0,1.0,Math,Llama-3.2|Pixtral|Qwen3.5,1
mme-cot,LPQ,263,MiC,Pixtral,0.0,0.3333333333333333,Logic,Llama-3.2|Pixtral|Qwen3.5,2
mme-cot,LPQ,264,CC,Qwen3.5,1.0,1.0,Science,Llama-3.2|Pixtral|Qwen3.5,1
mme-cot,LPQ,266,MiC,Qwen3.5,1.0,1.0,Science,Llama-3.2|Pixtral|Qwen3.5,1
mme-cot,LPQ,277,CC,Qwen3.5,0.3333333333333333,0.16666666666666666,Logic,Llama-3.2|Pixtral|Qwen3.5,1
mme-cot,LPQ,278,CC,Qwen3.5,0.3333333333333333,0.0,Math,Llama-3.2|Pixtral|Qwen3.5,1
mme-cot,LPQ,281,MiC,Qwen3.5,1.0,0.9166666666666667,Science,Llama-3.2|Pixtral|Qwen3.5,1
mme-cot,LPQ,282,MiC,Qwen3.5,0.3333333333333333,0.75,Math,Llama-3.2|Pixtral|Qwen3.5,1
mme-cot,LPQ,283,CC,Qwen3.5,0.3333333333333333,0.75,Math,Llama-3.2|Pixtral|Qwen3.5,1
mme-cot,LPQ,286,CC,Pixtral,1.0,0.16666666666666666,Logic,Llama-3.2|Pixtral|Qwen3.5,2
mme-cot,LPQ,287,CC,Qwen3.5,0.3333333333333333,1.0,Math,Llama-3.2|Pixtral|Qwen3.5,1
mme-cot,LPQ,288,CC,Qwen3.5,0.3333333333333333,0.5,Logic,Llama-3.2|Pixtral|Qwen3.5,1
mme-cot,LPQ,289,CC,Qwen3.5,1.0,1.0,Science,Llama-3.2|Pixtral|Qwen3.5,1
mme-cot,LPQ,290,CC,Qwen3.5,1.0,0.08333333333333333,Logic,Llama-3.2|Pixtral|Qwen3.5,1
mme-cot,LPQ,294,MiC,Qwen3.5,1.0,0.5,Math,Llama-3.2|Pixtral|Qwen3.5,1
mme-cot,LPQ,295,CC,Qwen3.5,1.0,1.0,Science,Llama-3.2|Pixtral|Qwen3.5,1
mme-cot,LPQ,297,CC,Qwen3.5,0.0,0.5833333333333334,Science,Llama-3.2|Pixtral|Qwen3.5,1
mme-cot,LPQ,3,CC,Qwen3.5,1.0,0.16666666666666666,Logic,Llama-3.2|Pixtral|Qwen3.5,1
mme-cot,LPQ,304,MiC,Llama-3.2,1.0,0.0,Science,Llama-3.2|Pixtral|Qwen3.5,3
mme-cot,LPQ,306,MiC,Qwen3.5,0.0,1.0,Science,Llama-3.2|Pixtral|Qwen3.5,1
mme-cot,LPQ,31,CC,Qwen3.5,1.0,1.0,Math,Llama-3.2|Pixtral|Qwen3.5,1
mme-cot,LPQ,311,CC,Llama-3.2,0.0,1.0,General Reasoning,Llama-3.2|Pixtral|Qwen3.5,3
mme-cot,LPQ,312,CC,Qwen3.5,0.3333333333333333,0.3333333333333333,Math,Llama-3.2|Pixtral|Qwen3.5,1
mme-cot,LPQ,314,CC,Qwen3.5,0.3333333333333333,0.6666666666666667,Math,Llama-3.2|Pixtral|Qwen3.5,1
mme-cot,LPQ,325,MiC,Pixtral,0.0,0.25,General Reasoning,Llama-3.2|Pixtral|Qwen3.5,2
mme-cot,LPQ,33,CC,Qwen3.5,0.3333333333333333,0.5,Math,Llama-3.2|Pixtral|Qwen3.5,1
mme-cot,LPQ,334,MiC,Qwen3.5,0.0,1.0,General Reasoning,Llama-3.2|Pixtral|Qwen3.5,1
mme-cot,LPQ,339,MiC,Qwen3.5,1.0,0.9166666666666667,General Reasoning,Llama-3.2|Pixtral|Qwen3.5,1
mme-cot,LPQ,341,MiC,Qwen3.5,0.0,0.08333333333333333,General Reasoning,Llama-3.2|Pixtral|Qwen3.5,1
mme-cot,LPQ,344,CC,Qwen3.5,0.3333333333333333,0.3333333333333333,Math,Llama-3.2|Pixtral|Qwen3.5,1
mme-cot,LPQ,348,CC,Qwen3.5,0.0,0.0,Math,Llama-3.2|Pixtral|Qwen3.5,1
mme-cot,LPQ,355,MiC,Qwen3.5,0.0,0.8333333333333333,General Reasoning,Llama-3.2|Pixtral|Qwen3.5,1
mme-cot,LPQ,358,MiC,Qwen3.5,1.0,0.5,General Reasoning,Llama-3.2|Pixtral|Qwen3.5,1
mme-cot,LPQ,362,MiC,Pixtral,0.0,0.75,General Reasoning,Llama-3.2|Pixtral|Qwen3.5,2
mme-cot,LPQ,370,CC,Qwen3.5,0.3333333333333333,1.0,Math,Llama-3.2|Pixtral|Qwen3.5,1
mme-cot,LPQ,371,MiC,Qwen3.5,1.0,0.3333333333333333,Science,Llama-3.2|Pixtral|Qwen3.5,1
mme-cot,LPQ,374,CC,Qwen3.5,0.0,0.4166666666666667,Math,Llama-3.2|Pixtral|Qwen3.5,1
mme-cot,LPQ,379,CC,Qwen3.5,1.0,0.5,Math,Llama-3.2|Pixtral|Qwen3.5,1
mme-cot,LPQ,383,CC,Qwen3.5,0.3333333333333333,1.0,Math,Llama-3.2|Pixtral|Qwen3.5,1
mme-cot,LPQ,386,CC,Qwen3.5,0.0,0.4166666666666667,Math,Llama-3.2|Pixtral|Qwen3.5,1
mme-cot,LPQ,409,CC,Qwen3.5,0.3333333333333333,0.5,Math,Llama-3.2|Pixtral|Qwen3.5,1
mme-cot,LPQ,416,CC,Qwen3.5,0.3333333333333333,0.5833333333333334,Math,Llama-3.2|Pixtral|Qwen3.5,1
mme-cot,LPQ,42,MiC,Qwen3.5,1.0,0.5,Science,Llama-3.2|Pixtral|Qwen3.5,1
mme-cot,LPQ,421,CC,Qwen3.5,1.0,0.5,Math,Llama-3.2|Pixtral|Qwen3.5,1
mme-cot,LPQ,430,CC,Qwen3.5,0.3333333333333333,1.0,Math,Llama-3.2|Pixtral|Qwen3.5,1
mme-cot,LPQ,434,CC,Qwen3.5,1.0,0.9166666666666667,Math,Llama-3.2|Pixtral|Qwen3.5,1
mme-cot,LPQ,44,CC,Qwen3.5,0.0,0.5833333333333334,Math,Llama-3.2|Pixtral|Qwen3.5,1
mme-cot,LPQ,443,CC,Qwen3.5,0.3333333333333333,0.4166666666666667,Science,Llama-3.2|Pixtral|Qwen3.5,1
mme-cot,LPQ,457,CC,Qwen3.5,0.3333333333333333,0.8333333333333333,Logic,Llama-3.2|Pixtral|Qwen3.5,1
mme-cot,LPQ,462,CC,Qwen3.5,0.0,0.16666666666666666,Logic,Llama-3.2|Pixtral|Qwen3.5,1
mme-cot,LPQ,465,CC,Pixtral,0.3333333333333333,0.08333333333333333,Logic,Llama-3.2|Pixtral|Qwen3.5,2
mme-cot,LPQ,466,CC,Qwen3.5,0.3333333333333333,0.5,Logic,Llama-3.2|Pixtral|Qwen3.5,1
mme-cot,LPQ,470,CC,Qwen3.5,0.3333333333333333,0.5833333333333334,Logic,Llama-3.2|Pixtral|Qwen3.5,1
mme-cot,LPQ,472,CC,Qwen3.5,0.3333333333333333,0.0,Logic,Llama-3.2|Pixtral|Qwen3.5,1
mme-cot,LPQ,48,CC,Qwen3.5,1.0,0.4166666666666667,Science,Llama-3.2|Pixtral|Qwen3.5,1
mme-cot,LPQ,481,CC,Qwen3.5,1.0,0.9166666666666667,Logic,Llama-3.2|Pixtral|Qwen3.5,1
mme-cot,LPQ,482,CC,Llama-3.2,0.0,0.0,Logic,Llama-3.2|Pixtral|Qwen3.5,3
mme-cot,LPQ,485,CC,Qwen3.5,0.3333333333333333,0.0,Logic,Llama-3.2|Pixtral|Qwen3.5,1
mme-cot,LPQ,488,MiC,Qwen3.5,0.3333333333333333,0.25,Logic,Llama-3.2|Pixtral|Qwen3.5,1
mme-cot,LPQ,492,CC,Pixtral,0.3333333333333333,0.3333333333333333,Logic,Llama-3.2|Pixtral|Qwen3.5,2
mme-cot,LPQ,494,CC,Qwen3.5,0.3333333333333333,0.25,Logic,Llama-3.2|Pixtral|Qwen3.5,1
mme-cot,LPQ,497,CC,Qwen3.5,1.0,0.08333333333333333,Logic,Llama-3.2|Pixtral|Qwen3.5,1
mme-cot,LPQ,499,CC,Pixtral,0.0,0.0,Logic,Llama-3.2|Pixtral|Qwen3.5,2
mme-cot,LPQ,500,MiC,Llama-3.2,0.0,0.5,Spatial-Temporal,Llama-3.2|Pixtral|Qwen3.5,3
mme-cot,LPQ,501,CC,Llama-3.2,0.0,1.0,Math,Llama-3.2|Pixtral|Qwen3.5,3
mme-cot,LPQ,503,CC,Qwen3.5,0.0,0.08333333333333333,Logic,Llama-3.2|Pixtral|Qwen3.5,1
mme-cot,LPQ,509,CC,Qwen3.5,0.3333333333333333,0.8333333333333333,Math,Llama-3.2|Pixtral|Qwen3.5,1
mme-cot,LPQ,512,CC,Qwen3.5,0.3333333333333333,0.3333333333333333,Logic,Llama-3.2|Pixtral|Qwen3.5,1
mme-cot,LPQ,513,CC,Qwen3.5,0.3333333333333333,0.0,Logic,Llama-3.2|Pixtral|Qwen3.5,1
mme-cot,LPQ,514,CC,Qwen3.5,0.3333333333333333,0.16666666666666666,Logic,Llama-3.2|Pixtral|Qwen3.5,1
mme-cot,LPQ,55,MiC,Llama-3.2,0.0,0.0,Spatial-Temporal,Llama-3.2|Pixtral|Qwen3.5,3
mme-cot,LPQ,556,CC,Qwen3.5,0.3333333333333333,0.08333333333333333,Math,Llama-3.2|Pixtral|Qwen3.5,1
mme-cot,LPQ,580,CC,Qwen3.5,1.0,0.75,Math,Llama-3.2|Pixtral|Qwen3.5,1
mme-cot,LPQ,587,CC,Qwen3.5,0.3333333333333333,0.08333333333333333,Math,Llama-3.2|Pixtral|Qwen3.5,1
mme-cot,LPQ,588,CC,Qwen3.5,0.3333333333333333,0.3333333333333333,Math,Llama-3.2|Pixtral|Qwen3.5,1
mme-cot,LPQ,599,MiC,Qwen3.5,1.0,1.0,Math,Llama-3.2|Pixtral|Qwen3.5,1
mme-cot,LPQ,6,CC,Qwen3.5,0.3333333333333333,0.5,Math,Llama-3.2|Pixtral|Qwen3.5,1
mme-cot,LPQ,601,CC,Qwen3.5,0.3333333333333333,0.5,Math,Llama-3.2|Pixtral|Qwen3.5,1
mme-cot,LPQ,610,CC,Qwen3.5,1.0,0.5833333333333334,Math,Llama-3.2|Pixtral|Qwen3.5,1
mme-cot,LPQ,612,CC,Qwen3.5,0.3333333333333333,0.4166666666666667,Math,Llama-3.2|Pixtral|Qwen3.5,1
mme-cot,LPQ,614,CC,Qwen3.5,0.3333333333333333,1.0,Math,Llama-3.2|Pixtral|Qwen3.5,1
mme-cot,LPQ,620,CC,Qwen3.5,1.0,0.75,Math,Llama-3.2|Pixtral|Qwen3.5,1
mme-cot,LPQ,621,CC,Qwen3.5,0.0,0.0,Math,Llama-3.2|Pixtral|Qwen3.5,1
mme-cot,LPQ,623,CC,Qwen3.5,0.0,0.5833333333333334,Math,Llama-3.2|Pixtral|Qwen3.5,1
mme-cot,LPQ,624,MiC,Qwen3.5,0.0,0.5,Spatial-Temporal,Llama-3.2|Pixtral|Qwen3.5,1
mme-cot,LPQ,632,CC,Qwen3.5,0.0,0.08333333333333333,Math,Llama-3.2|Pixtral|Qwen3.5,1
mme-cot,LPQ,637,MiC,Llama-3.2,0.0,1.0,Math,Llama-3.2|Pixtral|Qwen3.5,3
mme-cot,LPQ,638,CC,Pixtral,0.0,0.5,Science,Llama-3.2|Pixtral|Qwen3.5,2
mme-cot,LPQ,642,MiC,Qwen3.5,0.0,0.5,Math,Llama-3.2|Pixtral|Qwen3.5,1
mme-cot,LPQ,644,CC,Qwen3.5,1.0,0.41666666666666663,Math,Llama-3.2|Pixtral|Qwen3.5,1
mme-cot,LPQ,646,CC,Qwen3.5,1.0,0.25,Math,Llama-3.2|Pixtral|Qwen3.5,1
mme-cot,LPQ,649,CC,Pixtral,0.0,0.5,Science,Llama-3.2|Pixtral|Qwen3.5,2
mme-cot,LPQ,65,MiC,Pixtral,0.0,0.3333333333333333,General Reasoning,Llama-3.2|Pixtral|Qwen3.5,2
mme-cot,LPQ,661,CC,Qwen3.5,1.0,0.75,Math,Llama-3.2|Pixtral|Qwen3.5,1
mme-cot,LPQ,666,MiC,Qwen3.5,1.0,0.8333333333333333,Math,Llama-3.2|Pixtral|Qwen3.5,1
mme-cot,LPQ,669,MiC,Qwen3.5,1.0,0.3333333333333333,Science,Llama-3.2|Pixtral|Qwen3.5,1
mme-cot,LPQ,678,MiC,Qwen3.5,1.0,0.8333333333333333,Math,Llama-3.2|Pixtral|Qwen3.5,1
mme-cot,LPQ,679,CC,Qwen3.5,0.0,0.5,Math,Llama-3.2|Pixtral|Qwen3.5,1
mme-cot,LPQ,684,CC,Llama-3.2,0.0,0.4166666666666667,Science,Llama-3.2|Pixtral|Qwen3.5,3
mme-cot,LPQ,686,CC,Qwen3.5,0.0,0.6666666666666667,Science,Llama-3.2|Pixtral|Qwen3.5,1
mme-cot,LPQ,693,CC,Qwen3.5,1.0,0.5833333333333334,Science,Llama-3.2|Pixtral|Qwen3.5,1
mme-cot,LPQ,707,CC,Pixtral,0.3333333333333333,0.08333333333333333,Science,Llama-3.2|Pixtral|Qwen3.5,2
mme-cot,LPQ,709,CC,Qwen3.5,1.0,1.0,Science,Llama-3.2|Pixtral|Qwen3.5,1
mme-cot,LPQ,737,CC,Qwen3.5,1.0,0.5833333333333334,OCR,Llama-3.2|Pixtral|Qwen3.5,1
mme-cot,LPQ,741,MiC,Qwen3.5,1.0,0.3333333333333333,Math,Llama-3.2|Pixtral|Qwen3.5,1
mme-cot,LPQ,744,CC,Qwen3.5,1.0,0.5,Math,Llama-3.2|Pixtral|Qwen3.5,1
mme-cot,LPQ,748,CC,Qwen3.5,1.0,1.0,Math,Llama-3.2|Pixtral|Qwen3.5,1
mme-cot,LPQ,752,MiC,Pixtral,0.0,0.0,OCR,Llama-3.2|Pixtral|Qwen3.5,2
mme-cot,LPQ,753,CC,Qwen3.5,0.3333333333333333,0.5,Math,Llama-3.2|Pixtral|Qwen3.5,1
mme-cot,LPQ,764,MiC,Qwen3.5,1.0,1.0,Science,Llama-3.2|Pixtral|Qwen3.5,1
mme-cot,LPQ,766,MiC,Qwen3.5,1.0,0.5,Science,Llama-3.2|Pixtral|Qwen3.5,1
mme-cot,LPQ,771,CC,Qwen3.5,1.0,0.5,OCR,Llama-3.2|Pixtral|Qwen3.5,1
mme-cot,LPQ,777,CC,Qwen3.5,0.3333333333333333,0.0,Math,Llama-3.2|Pixtral|Qwen3.5,1
mme-cot,LPQ,779,MiC,Qwen3.5,0.0,0.9166666666666667,Science,Llama-3.2|Pixtral|Qwen3.5,1
mme-cot,LPQ,782,CC,Qwen3.5,0.3333333333333333,0.16666666666666666,OCR,Llama-3.2|Pixtral|Qwen3.5,1
mme-cot,LPQ,796,CC,Qwen3.5,0.3333333333333333,0.5,Math,Llama-3.2|Pixtral|Qwen3.5,1
mme-cot,LPQ,801,CC,Qwen3.5,0.3333333333333333,0.08333333333333333,Science,Llama-3.2|Pixtral|Qwen3.5,1
mme-cot,LPQ,803,CC,Qwen3.5,1.0,1.0,Math,Llama-3.2|Pixtral|Qwen3.5,1
mme-cot,LPQ,804,MiC,Qwen3.5,0.0,0.5833333333333333,Science,Llama-3.2|Pixtral|Qwen3.5,1
mme-cot,LPQ,808,CC,Qwen3.5,1.0,0.9166666666666667,Science,Llama-3.2|Pixtral|Qwen3.5,1
mme-cot,LPQ,811,MiC,Qwen3.5,1.0,0.9166666666666667,Science,Llama-3.2|Pixtral|Qwen3.5,1
mme-cot,LPQ,817,MiC,Qwen3.5,0.0,1.0,Science,Llama-3.2|Pixtral|Qwen3.5,1
mme-cot,LPQ,820,MiC,Qwen3.5,0.0,1.0,Science,Llama-3.2|Pixtral|Qwen3.5,1
mme-cot,LPQ,838,CC,Qwen3.5,1.0,1.0,OCR,Llama-3.2|Pixtral|Qwen3.5,1
mme-cot,LPQ,839,CC,Llama-3.2,0.0,0.5,OCR,Llama-3.2|Pixtral|Qwen3.5,3
mme-cot,LPQ,84,MiC,Pixtral,1.0,0.5,General Reasoning,Llama-3.2|Pixtral|Qwen3.5,2
mme-cot,LPQ,845,CC,Qwen3.5,0.3333333333333333,1.0,OCR,Llama-3.2|Pixtral|Qwen3.5,1
mme-cot,LPQ,847,MiC,Qwen3.5,1.0,0.5,OCR,Llama-3.2|Pixtral|Qwen3.5,1
mme-cot,LPQ,856,CC,Qwen3.5,1.0,1.0,OCR,Llama-3.2|Pixtral|Qwen3.5,1
mme-cot,LPQ,865,MiC,Qwen3.5,0.0,1.0,General Reasoning,Llama-3.2|Pixtral|Qwen3.5,1
mme-cot,LPQ,872,MiC,Llama-3.2,0.0,0.5,General Reasoning,Llama-3.2|Pixtral|Qwen3.5,3
mme-cot,LPQ,874,MiC,Qwen3.5,0.0,1.0,General Reasoning,Llama-3.2|Pixtral|Qwen3.5,1
mme-cot,LPQ,877,CC,Pixtral,0.0,0.0,General Reasoning,Llama-3.2|Pixtral|Qwen3.5,2
mme-cot,LPQ,952,MiC,Llama-3.2,1.0,1.0,Spatial-Temporal,Llama-3.2|Pixtral|Qwen3.5,3
mme-cot,LPQ,96,CC,Pixtral,0.0,0.3333333333333333,Logic,Llama-3.2|Pixtral|Qwen3.5,2
mme-cot,LPQ,960,MiC,Qwen3.5,1.0,1.0,Spatial-Temporal,Llama-3.2|Pixtral|Qwen3.5,1
mmmu,GIL,dev_Chemistry_1,MiC,Gemma-4,1.0,0.5,Science,Gemma-4|InternVL|Llama-3.2,1
mmmu,GIL,test_Accounting_110,CC,Gemma-4,1.0,0.5,Business,Gemma-4|InternVL|Llama-3.2,1
mmmu,GIL,test_Accounting_212,CC,Gemma-4,1.0,0.0,Business,Gemma-4|InternVL|Llama-3.2,1
mmmu,GIL,test_Accounting_360,CC,Gemma-4,1.0,0.5,Business,Gemma-4|InternVL|Llama-3.2,1
mmmu,GIL,test_Accounting_364,MiC,Gemma-4,1.0,0.6666666666666667,Business,Gemma-4|InternVL|Llama-3.2,1
mmmu,GIL,test_Accounting_39,CC,Gemma-4,0.3333333333333333,0.5,Business,Gemma-4|InternVL|Llama-3.2,1
mmmu,GIL,test_Agriculture_107,CC,InternVL,0.0,0.0,Tech & Engineering,Gemma-4|InternVL|Llama-3.2,2
mmmu,GIL,test_Agriculture_111,MiC,InternVL,1.0,0.8333333333333333,Tech & Engineering,Gemma-4|InternVL|Llama-3.2,2
mmmu,GIL,test_Agriculture_125,MiC,Gemma-4,1.0,0.16666666666666666,Tech & Engineering,Gemma-4|InternVL|Llama-3.2,1
mmmu,GIL,test_Agriculture_13,CC,Gemma-4,1.0,0.9166666666666667,Tech & Engineering,Gemma-4|InternVL|Llama-3.2,1
mmmu,GIL,test_Agriculture_181,MiC,Gemma-4,0.0,0.25,Tech & Engineering,Gemma-4|InternVL|Llama-3.2,1
mmmu,GIL,test_Agriculture_194,MiC,Llama-3.2,0.0,0.0,Tech & Engineering,Gemma-4|InternVL|Llama-3.2,3
mmmu,GIL,test_Agriculture_212,MiC,Llama-3.2,0.0,0.41666666666666663,Tech & Engineering,Gemma-4|InternVL|Llama-3.2,3
mmmu,GIL,test_Agriculture_22,CC,Gemma-4,1.0,0.0,Tech & Engineering,Gemma-4|InternVL|Llama-3.2,1
mmmu,GIL,test_Agriculture_228,CC,Gemma-4,1.0,0.75,Tech & Engineering,Gemma-4|InternVL|Llama-3.2,1
mmmu,GIL,test_Agriculture_268,MiC,Gemma-4,0.0,0.5,Tech & Engineering,Gemma-4|InternVL|Llama-3.2,1
mmmu,GIL,test_Agriculture_45,MiC,Gemma-4,0.0,0.8333333333333333,Tech & Engineering,Gemma-4|InternVL|Llama-3.2,1
mmmu,GIL,test_Agriculture_9,CC,Llama-3.2,0.0,0.5,Tech & Engineering,Gemma-4|InternVL|Llama-3.2,3
mmmu,GIL,test_Architecture_and_Engineering_114,CC,InternVL,1.0,0.5833333333333334,Tech & Engineering,Gemma-4|InternVL|Llama-3.2,2
mmmu,GIL,test_Architecture_and_Engineering_115,MiC,Gemma-4,0.0,0.16666666666666666,Tech & Engineering,Gemma-4|InternVL|Llama-3.2,1
mmmu,GIL,test_Architecture_and_Engineering_125,CC,Gemma-4,1.0,0.41666666666666663,Tech & Engineering,Gemma-4|InternVL|Llama-3.2,1
mmmu,GIL,test_Architecture_and_Engineering_145,CC,Gemma-4,0.3333333333333333,0.8333333333333333,Tech & Engineering,Gemma-4|InternVL|Llama-3.2,1
mmmu,GIL,test_Architecture_and_Engineering_284,CC,Gemma-4,0.0,0.16666666666666666,Tech & Engineering,Gemma-4|InternVL|Llama-3.2,1
mmmu,GIL,test_Architecture_and_Engineering_368,MiC,Gemma-4,1.0,0.5,Tech & Engineering,Gemma-4|InternVL|Llama-3.2,1
mmmu,GIL,test_Architecture_and_Engineering_387,CC,Gemma-4,1.0,0.4166666666666667,Tech & Engineering,Gemma-4|InternVL|Llama-3.2,1
mmmu,GIL,test_Architecture_and_Engineering_48,CC,Llama-3.2,1.0,0.5833333333333334,Tech & Engineering,Gemma-4|InternVL|Llama-3.2,3
mmmu,GIL,test_Architecture_and_Engineering_49,MiC,Gemma-4,1.0,0.75,Tech & Engineering,Gemma-4|InternVL|Llama-3.2,1
mmmu,GIL,test_Architecture_and_Engineering_502,MiC,Llama-3.2,0.0,0.75,Tech & Engineering,Gemma-4|InternVL|Llama-3.2,3
mmmu,GIL,test_Architecture_and_Engineering_510,MiC,Gemma-4,0.3333333333333333,0.08333333333333333,Tech & Engineering,Gemma-4|InternVL|Llama-3.2,1
mmmu,GIL,test_Architecture_and_Engineering_533,CC,Llama-3.2,0.0,0.08333333333333333,Tech & Engineering,Gemma-4|InternVL|Llama-3.2,3
mmmu,GIL,test_Architecture_and_Engineering_546,CC,InternVL,0.0,0.08333333333333333,Tech & Engineering,Gemma-4|InternVL|Llama-3.2,2
mmmu,GIL,test_Architecture_and_Engineering_549,CC,InternVL,0.0,0.16666666666666666,Tech & Engineering,Gemma-4|InternVL|Llama-3.2,2
mmmu,GIL,test_Architecture_and_Engineering_85,CC,Gemma-4,1.0,0.5,Tech & Engineering,Gemma-4|InternVL|Llama-3.2,1
mmmu,GIL,test_Architecture_and_Engineering_99,MiC,Llama-3.2,0.0,0.25,Tech & Engineering,Gemma-4|InternVL|Llama-3.2,3
mmmu,GIL,test_Art_103,MiC,InternVL,0.0,0.5833333333333334,Art & Design,Gemma-4|InternVL|Llama-3.2,2
mmmu,GIL,test_Art_12,CC,InternVL,0.0,0.0,Art & Design,Gemma-4|InternVL|Llama-3.2,2
mmmu,GIL,test_Art_176,MiC,Llama-3.2,0.0,0.5,Art & Design,Gemma-4|InternVL|Llama-3.2,3
mmmu,GIL,test_Art_181,CC,Llama-3.2,0.0,0.75,Art & Design,Gemma-4|InternVL|Llama-3.2,3
mmmu,GIL,test_Art_92,CC,Gemma-4,1.0,0.0,Art & Design,Gemma-4|InternVL|Llama-3.2,1
mmmu,GIL,test_Art_Theory_170,CC,Gemma-4,1.0,1.0,Art & Design,Gemma-4|InternVL|Llama-3.2,1
mmmu,GIL,test_Art_Theory_229,CC,InternVL,1.0,0.0,Art & Design,Gemma-4|InternVL|Llama-3.2,2
mmmu,GIL,test_Art_Theory_275,MiC,Gemma-4,1.0,0.5,Art & Design,Gemma-4|InternVL|Llama-3.2,1
mmmu,GIL,test_Basic_Medical_Science_177,MiC,InternVL,1.0,0.0,Health & Medicine,Gemma-4|InternVL|Llama-3.2,2
mmmu,GIL,test_Basic_Medical_Science_216,MiC,Gemma-4,1.0,0.6666666666666666,Health & Medicine,Gemma-4|InternVL|Llama-3.2,1
mmmu,GIL,test_Basic_Medical_Science_222,CC,Gemma-4,0.0,0.25,Health & Medicine,Gemma-4|InternVL|Llama-3.2,1
mmmu,GIL,test_Basic_Medical_Science_23,CC,Llama-3.2,1.0,0.08333333333333333,Health & Medicine,Gemma-4|InternVL|Llama-3.2,3
mmmu,GIL,test_Basic_Medical_Science_24,CC,Llama-3.2,1.0,0.0,Health & Medicine,Gemma-4|InternVL|Llama-3.2,3
mmmu,GIL,test_Basic_Medical_Science_254,CC,Gemma-4,1.0,0.8333333333333333,Health & Medicine,Gemma-4|InternVL|Llama-3.2,1
mmmu,GIL,test_Basic_Medical_Science_263,MiC,Gemma-4,1.0,1.0,Health & Medicine,Gemma-4|InternVL|Llama-3.2,1
mmmu,GIL,test_Basic_Medical_Science_278,CC,Gemma-4,1.0,0.25,Health & Medicine,Gemma-4|InternVL|Llama-3.2,1
mmmu,GIL,test_Basic_Medical_Science_286,CC,Gemma-4,0.3333333333333333,1.0,Health & Medicine,Gemma-4|InternVL|Llama-3.2,1
mmmu,GIL,test_Basic_Medical_Science_78,CC,InternVL,1.0,0.5,Health & Medicine,Gemma-4|InternVL|Llama-3.2,2
mmmu,GIL,test_Basic_Medical_Science_80,MiC,Llama-3.2,1.0,0.5,Health & Medicine,Gemma-4|InternVL|Llama-3.2,3
mmmu,GIL,test_Basic_Medical_Science_94,MiC,InternVL,0.0,0.8333333333333333,Health & Medicine,Gemma-4|InternVL|Llama-3.2,2
mmmu,GIL,test_Biology_110,MiC,Gemma-4,1.0,0.4166666666666667,Science,Gemma-4|InternVL|Llama-3.2,1
mmmu,GIL,test_Biology_113,CC,Llama-3.2,0.0,0.6666666666666666,Science,Gemma-4|InternVL|Llama-3.2,3
mmmu,GIL,test_Biology_12,MiC,Gemma-4,1.0,0.0,Science,Gemma-4|InternVL|Llama-3.2,1
mmmu,GIL,test_Biology_145,CC,Gemma-4,1.0,0.5833333333333334,Science,Gemma-4|InternVL|Llama-3.2,1
mmmu,GIL,test_Biology_154,MiC,Gemma-4,0.0,0.08333333333333333,Science,Gemma-4|InternVL|Llama-3.2,1
mmmu,GIL,test_Biology_17,MiC,Gemma-4,0.0,0.25,Science,Gemma-4|InternVL|Llama-3.2,1
mmmu,GIL,test_Biology_2,CC,Llama-3.2,0.0,0.6666666666666666,Science,Gemma-4|InternVL|Llama-3.2,3
mmmu,GIL,test_Biology_220,CC,Gemma-4,1.0,0.6666666666666666,Science,Gemma-4|InternVL|Llama-3.2,1
mmmu,GIL,test_Biology_239,CC,Llama-3.2,0.0,0.5833333333333334,Science,Gemma-4|InternVL|Llama-3.2,3
mmmu,GIL,test_Biology_256,MiC,Gemma-4,1.0,0.5,Science,Gemma-4|InternVL|Llama-3.2,1
mmmu,GIL,test_Biology_337,CC,Llama-3.2,0.0,0.0,Science,Gemma-4|InternVL|Llama-3.2,3
mmmu,GIL,test_Chemistry_114,MiC,Gemma-4,0.0,0.3333333333333333,Science,Gemma-4|InternVL|Llama-3.2,1
mmmu,GIL,test_Chemistry_130,CC,Gemma-4,1.0,0.25,Science,Gemma-4|InternVL|Llama-3.2,1
mmmu,GIL,test_Chemistry_163,CC,Gemma-4,1.0,0.5,Science,Gemma-4|InternVL|Llama-3.2,1
mmmu,GIL,test_Chemistry_21,CC,Gemma-4,1.0,0.4166666666666667,Science,Gemma-4|InternVL|Llama-3.2,1
mmmu,GIL,test_Chemistry_22,CC,Gemma-4,1.0,0.5,Science,Gemma-4|InternVL|Llama-3.2,1
mmmu,GIL,test_Chemistry_309,MiC,Gemma-4,1.0,0.5,Science,Gemma-4|InternVL|Llama-3.2,1
mmmu,GIL,test_Chemistry_326,MiC,Gemma-4,1.0,0.6666666666666667,Science,Gemma-4|InternVL|Llama-3.2,1
mmmu,GIL,test_Chemistry_445,CC,Gemma-4,1.0,0.5,Science,Gemma-4|InternVL|Llama-3.2,1
mmmu,GIL,test_Chemistry_466,CC,Gemma-4,1.0,0.5833333333333334,Science,Gemma-4|InternVL|Llama-3.2,1
mmmu,GIL,test_Chemistry_540,CC,Gemma-4,1.0,0.25,Science,Gemma-4|InternVL|Llama-3.2,1
mmmu,GIL,test_Chemistry_563,CC,Gemma-4,0.3333333333333333,0.75,Science,Gemma-4|InternVL|Llama-3.2,1
mmmu,GIL,test_Chemistry_586,CC,Gemma-4,0.3333333333333333,0.0,Science,Gemma-4|InternVL|Llama-3.2,1
mmmu,GIL,test_Chemistry_68,CC,InternVL,0.0,0.5833333333333333,Science,Gemma-4|InternVL|Llama-3.2,2
mmmu,GIL,test_Chemistry_9,MiC,Gemma-4,1.0,0.5,Science,Gemma-4|InternVL|Llama-3.2,1
mmmu,GIL,test_Clinical_Medicine_12,MiC,Gemma-4,1.0,0.3333333333333333,Health & Medicine,Gemma-4|InternVL|Llama-3.2,1
mmmu,GIL,test_Clinical_Medicine_122,CC,InternVL,0.0,0.5,Health & Medicine,Gemma-4|InternVL|Llama-3.2,2
mmmu,GIL,test_Clinical_Medicine_131,CC,Llama-3.2,0.3333333333333333,0.0,Health & Medicine,Gemma-4|InternVL|Llama-3.2,3
mmmu,GIL,test_Clinical_Medicine_198,CC,Gemma-4,1.0,0.0,Health & Medicine,Gemma-4|InternVL|Llama-3.2,1
mmmu,GIL,test_Clinical_Medicine_22,MiC,Llama-3.2,0.0,0.8333333333333333,Health & Medicine,Gemma-4|InternVL|Llama-3.2,3
mmmu,GIL,test_Clinical_Medicine_242,CC,Gemma-4,1.0,0.75,Health & Medicine,Gemma-4|InternVL|Llama-3.2,1
mmmu,GIL,test_Clinical_Medicine_271,MiC,Llama-3.2,0.0,0.0,Health & Medicine,Gemma-4|InternVL|Llama-3.2,3
mmmu,GIL,test_Clinical_Medicine_302,MiC,Llama-3.2,0.0,0.5,Health & Medicine,Gemma-4|InternVL|Llama-3.2,3
mmmu,GIL,test_Clinical_Medicine_40,MiC,Gemma-4,1.0,0.0,Health & Medicine,Gemma-4|InternVL|Llama-3.2,1
mmmu,GIL,test_Clinical_Medicine_81,CC,InternVL,0.0,0.5,Health & Medicine,Gemma-4|InternVL|Llama-3.2,2
mmmu,GIL,test_Clinical_Medicine_85,MiC,Gemma-4,0.0,0.9166666666666667,Health & Medicine,Gemma-4|InternVL|Llama-3.2,1
mmmu,GIL,test_Computer_Science_103,CC,Gemma-4,1.0,0.5833333333333334,Tech & Engineering,Gemma-4|InternVL|Llama-3.2,1
mmmu,GIL,test_Computer_Science_110,CC,Gemma-4,1.0,0.8333333333333333,Tech & Engineering,Gemma-4|InternVL|Llama-3.2,1
mmmu,GIL,test_Computer_Science_152,MiC,Llama-3.2,0.0,0.5,Tech & Engineering,Gemma-4|InternVL|Llama-3.2,3
mmmu,GIL,test_Computer_Science_195,CC,InternVL,0.0,0.25,Tech & Engineering,Gemma-4|InternVL|Llama-3.2,2
mmmu,GIL,test_Computer_Science_220,CC,Gemma-4,1.0,0.5,Tech & Engineering,Gemma-4|InternVL|Llama-3.2,1
mmmu,GIL,test_Computer_Science_23,CC,Llama-3.2,0.0,0.25,Tech & Engineering,Gemma-4|InternVL|Llama-3.2,3
mmmu,GIL,test_Computer_Science_271,MiC,Gemma-4,1.0,0.3333333333333333,Tech & Engineering,Gemma-4|InternVL|Llama-3.2,1
mmmu,GIL,test_Computer_Science_344,MiC,Gemma-4,0.0,0.5,Tech & Engineering,Gemma-4|InternVL|Llama-3.2,1
mmmu,GIL,test_Computer_Science_60,MiC,Gemma-4,1.0,0.5,Tech & Engineering,Gemma-4|InternVL|Llama-3.2,1
mmmu,GIL,test_Computer_Science_62,MiC,Llama-3.2,0.0,0.0,Tech & Engineering,Gemma-4|InternVL|Llama-3.2,3
mmmu,GIL,test_Design_117,CC,Gemma-4,1.0,0.5,Art & Design,Gemma-4|InternVL|Llama-3.2,1
mmmu,GIL,test_Design_44,MiC,Gemma-4,1.0,0.3333333333333333,Art & Design,Gemma-4|InternVL|Llama-3.2,1
mmmu,GIL,test_Design_59,CC,InternVL,1.0,0.08333333333333333,Art & Design,Gemma-4|InternVL|Llama-3.2,2
mmmu,GIL,test_Diagnostics_and_Laboratory_Medicine_101,CC,Gemma-4,0.0,0.5,Health & Medicine,Gemma-4|InternVL|Llama-3.2,1
mmmu,GIL,test_Diagnostics_and_Laboratory_Medicine_11,MiC,Llama-3.2,0.0,0.25,Health & Medicine,Gemma-4|InternVL|Llama-3.2,3
mmmu,GIL,test_Diagnostics_and_Laboratory_Medicine_124,CC,Gemma-4,0.3333333333333333,0.0,Health & Medicine,Gemma-4|InternVL|Llama-3.2,1
mmmu,GIL,test_Diagnostics_and_Laboratory_Medicine_144,CC,Gemma-4,0.0,0.16666666666666666,Health & Medicine,Gemma-4|InternVL|Llama-3.2,1
mmmu,GIL,test_Diagnostics_and_Laboratory_Medicine_154,MiC,Llama-3.2,1.0,0.0,Health & Medicine,Gemma-4|InternVL|Llama-3.2,3
mmmu,GIL,test_Diagnostics_and_Laboratory_Medicine_23,MiC,Gemma-4,1.0,0.25,Health & Medicine,Gemma-4|InternVL|Llama-3.2,1
mmmu,GIL,test_Diagnostics_and_Laboratory_Medicine_28,CC,Gemma-4,1.0,0.4166666666666667,Health & Medicine,Gemma-4|InternVL|Llama-3.2,1
mmmu,GIL,test_Diagnostics_and_Laboratory_Medicine_81,MiC,InternVL,1.0,0.0,Health & Medicine,Gemma-4|InternVL|Llama-3.2,2
mmmu,GIL,test_Diagnostics_and_Laboratory_Medicine_83,MiC,Gemma-4,1.0,0.5,Health & Medicine,Gemma-4|InternVL|Llama-3.2,1
mmmu,GIL,test_Diagnostics_and_Laboratory_Medicine_92,MiC,Gemma-4,1.0,0.0,Health & Medicine,Gemma-4|InternVL|Llama-3.2,1
mmmu,GIL,test_Diagnostics_and_Laboratory_Medicine_97,CC,Llama-3.2,0.0,0.0,Health & Medicine,Gemma-4|InternVL|Llama-3.2,3
mmmu,GIL,test_Economics_114,MiC,Gemma-4,1.0,1.0,Business,Gemma-4|InternVL|Llama-3.2,1
mmmu,GIL,test_Economics_185,CC,InternVL,0.0,0.25,Business,Gemma-4|InternVL|Llama-3.2,2
mmmu,GIL,test_Economics_194,MiC,InternVL,1.0,0.6666666666666666,Business,Gemma-4|InternVL|Llama-3.2,2
mmmu,GIL,test_Economics_195,MiC,InternVL,0.0,0.5833333333333334,Business,Gemma-4|InternVL|Llama-3.2,2
mmmu,GIL,test_Economics_226,CC,Gemma-4,1.0,0.6666666666666666,Business,Gemma-4|InternVL|Llama-3.2,1
mmmu,GIL,test_Economics_249,MiC,Gemma-4,0.0,0.6666666666666666,Business,Gemma-4|InternVL|Llama-3.2,1
mmmu,GIL,test_Economics_51,CC,InternVL,0.0,0.08333333333333333,Business,Gemma-4|InternVL|Llama-3.2,2
mmmu,GIL,test_Electronics_116,CC,Gemma-4,0.3333333333333333,0.5,Tech & Engineering,Gemma-4|InternVL|Llama-3.2,1
mmmu,GIL,test_Electronics_123,CC,Gemma-4,1.0,0.5,Tech & Engineering,Gemma-4|InternVL|Llama-3.2,1
mmmu,GIL,test_Electronics_169,MiC,InternVL,0.0,0.5,Tech & Engineering,Gemma-4|InternVL|Llama-3.2,2
mmmu,GIL,test_Electronics_179,CC,Gemma-4,1.0,0.6666666666666666,Tech & Engineering,Gemma-4|InternVL|Llama-3.2,1
mmmu,GIL,test_Electronics_19,MiC,Gemma-4,1.0,0.8333333333333333,Tech & Engineering,Gemma-4|InternVL|Llama-3.2,1
mmmu,GIL,test_Electronics_210,MiC,InternVL,1.0,0.5,Tech & Engineering,Gemma-4|InternVL|Llama-3.2,2
mmmu,GIL,test_Electronics_213,MiC,Gemma-4,0.0,0.5833333333333334,Tech & Engineering,Gemma-4|InternVL|Llama-3.2,1
mmmu,GIL,test_Electronics_22,MiC,InternVL,1.0,0.5833333333333334,Tech & Engineering,Gemma-4|InternVL|Llama-3.2,2
mmmu,GIL,test_Electronics_235,MiC,Gemma-4,1.0,0.3333333333333333,Tech & Engineering,Gemma-4|InternVL|Llama-3.2,1
mmmu,GIL,test_Electronics_29,MiC,InternVL,0.0,0.5,Tech & Engineering,Gemma-4|InternVL|Llama-3.2,2
mmmu,GIL,test_Electronics_35,MiC,Gemma-4,1.0,0.9166666666666667,Tech & Engineering,Gemma-4|InternVL|Llama-3.2,1
mmmu,GIL,test_Electronics_71,MiC,Llama-3.2,1.0,0.16666666666666666,Tech & Engineering,Gemma-4|InternVL|Llama-3.2,3
mmmu,GIL,test_Electronics_97,MiC,Llama-3.2,0.0,0.3333333333333333,Tech & Engineering,Gemma-4|InternVL|Llama-3.2,3
mmmu,GIL,test_Energy_and_Power_180,CC,Gemma-4,1.0,0.8333333333333333,Tech & Engineering,Gemma-4|InternVL|Llama-3.2,1
mmmu,GIL,test_Energy_and_Power_24,MiC,Llama-3.2,0.0,0.08333333333333333,Tech & Engineering,Gemma-4|InternVL|Llama-3.2,3
mmmu,GIL,test_Energy_and_Power_362,MiC,InternVL,0.0,0.16666666666666666,Tech & Engineering,Gemma-4|InternVL|Llama-3.2,2
mmmu,GIL,test_Energy_and_Power_401,CC,InternVL,1.0,0.3333333333333333,Tech & Engineering,Gemma-4|InternVL|Llama-3.2,2
mmmu,GIL,test_Energy_and_Power_97,CC,Llama-3.2,0.0,0.25,Tech & Engineering,Gemma-4|InternVL|Llama-3.2,3
mmmu,GIL,test_Finance_1,MiC,Gemma-4,1.0,0.5,Business,Gemma-4|InternVL|Llama-3.2,1
mmmu,GIL,test_Finance_154,MiC,Llama-3.2,0.0,0.08333333333333333,Business,Gemma-4|InternVL|Llama-3.2,3
mmmu,GIL,test_Finance_177,MiC,Gemma-4,1.0,0.5,Business,Gemma-4|InternVL|Llama-3.2,1
mmmu,GIL,test_Finance_193,MiC,Gemma-4,1.0,0.5,Business,Gemma-4|InternVL|Llama-3.2,1
mmmu,GIL,test_Finance_245,MiC,Gemma-4,1.0,0.5,Business,Gemma-4|InternVL|Llama-3.2,1
mmmu,GIL,test_Finance_68,MiC,Gemma-4,0.0,0.8333333333333333,Business,Gemma-4|InternVL|Llama-3.2,1
mmmu,GIL,test_Geography_200,CC,Gemma-4,1.0,0.8333333333333333,Science,Gemma-4|InternVL|Llama-3.2,1
mmmu,GIL,test_Geography_201,MiC,Llama-3.2,0.0,0.25,Science,Gemma-4|InternVL|Llama-3.2,3
mmmu,GIL,test_Geography_276,MiC,Gemma-4,1.0,0.9166666666666667,Science,Gemma-4|InternVL|Llama-3.2,1
mmmu,GIL,test_Geography_285,CC,Gemma-4,1.0,0.0,Science,Gemma-4|InternVL|Llama-3.2,1
mmmu,GIL,test_Geography_297,MiC,Gemma-4,0.0,0.25,Science,Gemma-4|InternVL|Llama-3.2,1
mmmu,GIL,test_Geography_30,MiC,Gemma-4,1.0,0.25,Science,Gemma-4|InternVL|Llama-3.2,1
mmmu,GIL,test_Geography_376,CC,Gemma-4,1.0,0.5,Science,Gemma-4|InternVL|Llama-3.2,1
mmmu,GIL,test_Geography_442,MiC,Gemma-4,0.0,0.3333333333333333,Science,Gemma-4|InternVL|Llama-3.2,1
mmmu,GIL,test_Geography_444,CC,InternVL,0.3333333333333333,0.5,Science,Gemma-4|InternVL|Llama-3.2,2
mmmu,GIL,test_Geography_483,MiC,Llama-3.2,0.0,0.0,Science,Gemma-4|InternVL|Llama-3.2,3
mmmu,GIL,test_Geography_514,CC,Llama-3.2,0.0,0.0,Science,Gemma-4|InternVL|Llama-3.2,3
mmmu,GIL,test_History_150,MiC,InternVL,0.0,0.6666666666666666,Humanities & Social Science,Gemma-4|InternVL|Llama-3.2,2
mmmu,GIL,test_History_211,MiC,Gemma-4,1.0,0.8333333333333333,Humanities & Social Science,Gemma-4|InternVL|Llama-3.2,1
mmmu,GIL,test_History_268,CC,Gemma-4,1.0,0.0,Humanities & Social Science,Gemma-4|InternVL|Llama-3.2,1
mmmu,GIL,test_History_38,CC,InternVL,1.0,1.0,Humanities & Social Science,Gemma-4|InternVL|Llama-3.2,2
mmmu,GIL,test_History_62,MiC,Llama-3.2,1.0,0.5833333333333334,Humanities & Social Science,Gemma-4|InternVL|Llama-3.2,3
mmmu,GIL,test_Literature_47,MiC,Llama-3.2,1.0,0.5,Humanities & Social Science,Gemma-4|InternVL|Llama-3.2,3
mmmu,GIL,test_Literature_68,MiC,Llama-3.2,0.0,0.3333333333333333,Humanities & Social Science,Gemma-4|InternVL|Llama-3.2,3
mmmu,GIL,test_Manage_115,CC,Gemma-4,0.3333333333333333,0.8333333333333333,Business,Gemma-4|InternVL|Llama-3.2,1
mmmu,GIL,test_Manage_120,MiC,InternVL,0.0,0.0,Business,Gemma-4|InternVL|Llama-3.2,2
mmmu,GIL,test_Manage_168,CC,Gemma-4,0.0,0.16666666666666666,Business,Gemma-4|InternVL|Llama-3.2,1
mmmu,GIL,test_Manage_207,MiC,Gemma-4,1.0,1.0,Business,Gemma-4|InternVL|Llama-3.2,1
mmmu,GIL,test_Manage_217,MiC,Gemma-4,1.0,0.3333333333333333,Business,Gemma-4|InternVL|Llama-3.2,1
mmmu,GIL,test_Manage_50,MiC,Llama-3.2,1.0,0.8333333333333333,Business,Gemma-4|InternVL|Llama-3.2,3
mmmu,GIL,test_Manage_72,CC,Gemma-4,0.0,0.5,Business,Gemma-4|InternVL|Llama-3.2,1
mmmu,GIL,test_Marketing_144,CC,InternVL,1.0,0.5833333333333334,Business,Gemma-4|InternVL|Llama-3.2,2
mmmu,GIL,test_Marketing_15,MiC,InternVL,0.0,0.3333333333333333,Business,Gemma-4|InternVL|Llama-3.2,2
mmmu,GIL,test_Marketing_39,MiC,InternVL,1.0,0.08333333333333333,Business,Gemma-4|InternVL|Llama-3.2,2
mmmu,GIL,test_Marketing_78,MiC,Llama-3.2,0.0,0.3333333333333333,Business,Gemma-4|InternVL|Llama-3.2,3
mmmu,GIL,test_Materials_116,MiC,Gemma-4,1.0,0.25,Tech & Engineering,Gemma-4|InternVL|Llama-3.2,1
mmmu,GIL,test_Materials_130,MiC,Llama-3.2,0.0,0.16666666666666666,Tech & Engineering,Gemma-4|InternVL|Llama-3.2,3
mmmu,GIL,test_Materials_147,CC,Gemma-4,0.3333333333333333,1.0,Tech & Engineering,Gemma-4|InternVL|Llama-3.2,1
mmmu,GIL,test_Materials_222,MiC,Gemma-4,0.0,0.6666666666666667,Tech & Engineering,Gemma-4|InternVL|Llama-3.2,1
mmmu,GIL,test_Materials_235,CC,Llama-3.2,0.3333333333333333,0.41666666666666663,Tech & Engineering,Gemma-4|InternVL|Llama-3.2,3
mmmu,GIL,test_Materials_269,MiC,Gemma-4,0.3333333333333333,0.5833333333333334,Tech & Engineering,Gemma-4|InternVL|Llama-3.2,1
mmmu,GIL,test_Materials_277,MiC,Gemma-4,1.0,0.3333333333333333,Tech & Engineering,Gemma-4|InternVL|Llama-3.2,1
mmmu,GIL,test_Materials_349,CC,Gemma-4,1.0,0.25,Tech & Engineering,Gemma-4|InternVL|Llama-3.2,1
mmmu,GIL,test_Materials_376,MiC,Gemma-4,0.0,0.5,Tech & Engineering,Gemma-4|InternVL|Llama-3.2,1
mmmu,GIL,test_Materials_412,CC,Llama-3.2,0.0,0.16666666666666666,Tech & Engineering,Gemma-4|InternVL|Llama-3.2,3
mmmu,GIL,test_Materials_420,CC,Gemma-4,1.0,0.75,Tech & Engineering,Gemma-4|InternVL|Llama-3.2,1
mmmu,GIL,test_Materials_44,MiC,Gemma-4,1.0,0.3333333333333333,Tech & Engineering,Gemma-4|InternVL|Llama-3.2,1
mmmu,GIL,test_Materials_447,MiC,Gemma-4,0.0,0.25,Tech & Engineering,Gemma-4|InternVL|Llama-3.2,1
mmmu,GIL,test_Materials_453,MiC,Gemma-4,0.0,0.41666666666666663,Tech & Engineering,Gemma-4|InternVL|Llama-3.2,1
mmmu,GIL,test_Materials_49,CC,Gemma-4,1.0,0.5,Tech & Engineering,Gemma-4|InternVL|Llama-3.2,1
mmmu,GIL,test_Materials_50,CC,Gemma-4,0.3333333333333333,0.5,Tech & Engineering,Gemma-4|InternVL|Llama-3.2,1
mmmu,GIL,test_Materials_99,MiC,Gemma-4,0.0,0.5,Tech & Engineering,Gemma-4|InternVL|Llama-3.2,1
mmmu,GIL,test_Math_169,CC,Gemma-4,1.0,0.5833333333333334,Science,Gemma-4|InternVL|Llama-3.2,1
mmmu,GIL,test_Math_201,CC,Gemma-4,1.0,0.5,Science,Gemma-4|InternVL|Llama-3.2,1
mmmu,GIL,test_Math_207,CC,Gemma-4,0.3333333333333333,0.5,Science,Gemma-4|InternVL|Llama-3.2,1
mmmu,GIL,test_Math_236,MiC,Gemma-4,1.0,0.9166666666666667,Science,Gemma-4|InternVL|Llama-3.2,1
mmmu,GIL,test_Math_286,CC,Gemma-4,1.0,0.8333333333333333,Science,Gemma-4|InternVL|Llama-3.2,1
mmmu,GIL,test_Math_400,CC,Gemma-4,0.3333333333333333,0.5,Science,Gemma-4|InternVL|Llama-3.2,1
mmmu,GIL,test_Math_466,CC,InternVL,1.0,0.5,Science,Gemma-4|InternVL|Llama-3.2,2
mmmu,GIL,test_Math_47,CC,InternVL,1.0,0.16666666666666666,Science,Gemma-4|InternVL|Llama-3.2,2
mmmu,GIL,test_Math_51,MiC,Gemma-4,1.0,0.16666666666666666,Science,Gemma-4|InternVL|Llama-3.2,1
mmmu,GIL,test_Mechanical_Engineering_133,CC,Gemma-4,1.0,0.25,Tech & Engineering,Gemma-4|InternVL|Llama-3.2,1
mmmu,GIL,test_Mechanical_Engineering_199,MiC,InternVL,0.0,0.5,Tech & Engineering,Gemma-4|InternVL|Llama-3.2,2
mmmu,GIL,test_Mechanical_Engineering_22,CC,Gemma-4,0.0,0.5,Tech & Engineering,Gemma-4|InternVL|Llama-3.2,1
mmmu,GIL,test_Mechanical_Engineering_272,MiC,Llama-3.2,0.0,0.16666666666666666,Tech & Engineering,Gemma-4|InternVL|Llama-3.2,3
mmmu,GIL,test_Mechanical_Engineering_278,MiC,Gemma-4,0.0,0.3333333333333333,Tech & Engineering,Gemma-4|InternVL|Llama-3.2,1
mmmu,GIL,test_Mechanical_Engineering_288,CC,Gemma-4,0.0,0.8333333333333333,Tech & Engineering,Gemma-4|InternVL|Llama-3.2,1
mmmu,GIL,test_Mechanical_Engineering_309,CC,Gemma-4,0.0,0.0,Tech & Engineering,Gemma-4|InternVL|Llama-3.2,1
mmmu,GIL,test_Mechanical_Engineering_343,CC,Llama-3.2,1.0,0.0,Tech & Engineering,Gemma-4|InternVL|Llama-3.2,3
mmmu,GIL,test_Mechanical_Engineering_344,CC,InternVL,0.0,0.0,Tech & Engineering,Gemma-4|InternVL|Llama-3.2,2
mmmu,GIL,test_Mechanical_Engineering_375,CC,Gemma-4,1.0,0.9166666666666667,Tech & Engineering,Gemma-4|InternVL|Llama-3.2,1
mmmu,GIL,test_Mechanical_Engineering_39,MiC,Gemma-4,0.0,0.75,Tech & Engineering,Gemma-4|InternVL|Llama-3.2,1
mmmu,GIL,test_Mechanical_Engineering_423,CC,Gemma-4,1.0,0.41666666666666663,Tech & Engineering,Gemma-4|InternVL|Llama-3.2,1
mmmu,GIL,test_Mechanical_Engineering_424,MiC,Llama-3.2,0.0,0.41666666666666663,Tech & Engineering,Gemma-4|InternVL|Llama-3.2,3
mmmu,GIL,test_Mechanical_Engineering_46,CC,Llama-3.2,0.0,0.25,Tech & Engineering,Gemma-4|InternVL|Llama-3.2,3
mmmu,GIL,test_Mechanical_Engineering_57,CC,InternVL,1.0,0.25,Tech & Engineering,Gemma-4|InternVL|Llama-3.2,2
mmmu,GIL,test_Mechanical_Engineering_81,CC,Llama-3.2,0.0,0.5,Tech & Engineering,Gemma-4|InternVL|Llama-3.2,3
mmmu,GIL,test_Mechanical_Engineering_85,MiC,Gemma-4,1.0,0.25,Tech & Engineering,Gemma-4|InternVL|Llama-3.2,1
mmmu,GIL,test_Music_111,MiC,Llama-3.2,0.0,0.3333333333333333,Art & Design,Gemma-4|InternVL|Llama-3.2,3
mmmu,GIL,test_Music_118,MiC,Llama-3.2,0.0,0.6666666666666666,Art & Design,Gemma-4|InternVL|Llama-3.2,3
mmmu,GIL,test_Music_167,MiC,Llama-3.2,0.0,0.4166666666666667,Art & Design,Gemma-4|InternVL|Llama-3.2,3
mmmu,GIL,test_Music_172,MiC,Llama-3.2,0.0,0.4166666666666667,Art & Design,Gemma-4|InternVL|Llama-3.2,3
mmmu,GIL,test_Music_186,CC,Gemma-4,0.0,0.6666666666666666,Art & Design,Gemma-4|InternVL|Llama-3.2,1
mmmu,GIL,test_Music_21,MiC,Gemma-4,1.0,0.3333333333333333,Art & Design,Gemma-4|InternVL|Llama-3.2,1
mmmu,GIL,test_Music_211,MiC,Llama-3.2,1.0,0.08333333333333333,Art & Design,Gemma-4|InternVL|Llama-3.2,3
mmmu,GIL,test_Music_244,MiC,Gemma-4,0.0,0.3333333333333333,Art & Design,Gemma-4|InternVL|Llama-3.2,1
mmmu,GIL,test_Music_266,MiC,Llama-3.2,0.0,0.16666666666666666,Art & Design,Gemma-4|InternVL|Llama-3.2,3
mmmu,GIL,test_Music_310,CC,Llama-3.2,0.0,0.5,Art & Design,Gemma-4|InternVL|Llama-3.2,3
mmmu,GIL,test_Music_322,MiC,Gemma-4,0.0,0.16666666666666666,Art & Design,Gemma-4|InternVL|Llama-3.2,1
mmmu,GIL,test_Music_36,CC,Llama-3.2,0.0,0.5,Art & Design,Gemma-4|InternVL|Llama-3.2,3
mmmu,GIL,test_Music_5,CC,Llama-3.2,0.0,0.3333333333333333,Art & Design,Gemma-4|InternVL|Llama-3.2,3
mmmu,GIL,test_Music_59,MiC,Gemma-4,1.0,0.25,Art & Design,Gemma-4|InternVL|Llama-3.2,1
mmmu,GIL,test_Music_92,MiC,Gemma-4,0.0,0.08333333333333333,Art & Design,Gemma-4|InternVL|Llama-3.2,1
mmmu,GIL,test_Pharmacy_119,MiC,Gemma-4,1.0,1.0,Health & Medicine,Gemma-4|InternVL|Llama-3.2,1
mmmu,GIL,test_Pharmacy_14,CC,Gemma-4,1.0,0.5833333333333334,Health & Medicine,Gemma-4|InternVL|Llama-3.2,1
mmmu,GIL,test_Pharmacy_175,MiC,Gemma-4,1.0,0.5,Health & Medicine,Gemma-4|InternVL|Llama-3.2,1
mmmu,GIL,test_Pharmacy_193,MiC,InternVL,0.0,0.5,Health & Medicine,Gemma-4|InternVL|Llama-3.2,2
mmmu,GIL,test_Pharmacy_205,MiC,Gemma-4,1.0,0.5,Health & Medicine,Gemma-4|InternVL|Llama-3.2,1
mmmu,GIL,test_Pharmacy_239,MiC,Gemma-4,0.0,0.5833333333333334,Health & Medicine,Gemma-4|InternVL|Llama-3.2,1
mmmu,GIL,test_Pharmacy_258,MiC,Gemma-4,1.0,0.5,Health & Medicine,Gemma-4|InternVL|Llama-3.2,1
mmmu,GIL,test_Pharmacy_299,MiC,Llama-3.2,0.0,0.16666666666666666,Health & Medicine,Gemma-4|InternVL|Llama-3.2,3
mmmu,GIL,test_Pharmacy_387,CC,Gemma-4,0.3333333333333333,0.16666666666666666,Health & Medicine,Gemma-4|InternVL|Llama-3.2,1
mmmu,GIL,test_Pharmacy_58,CC,Llama-3.2,0.0,0.5833333333333333,Health & Medicine,Gemma-4|InternVL|Llama-3.2,3
mmmu,GIL,test_Pharmacy_77,CC,InternVL,0.0,0.0,Health & Medicine,Gemma-4|InternVL|Llama-3.2,2
mmmu,GIL,test_Physics_113,CC,Gemma-4,1.0,0.5833333333333334,Science,Gemma-4|InternVL|Llama-3.2,1
mmmu,GIL,test_Physics_121,MiC,Gemma-4,0.0,0.5,Science,Gemma-4|InternVL|Llama-3.2,1
mmmu,GIL,test_Physics_126,MiC,Gemma-4,0.0,0.5,Science,Gemma-4|InternVL|Llama-3.2,1
mmmu,GIL,test_Physics_169,CC,InternVL,1.0,0.41666666666666663,Science,Gemma-4|InternVL|Llama-3.2,2
mmmu,GIL,test_Physics_258,CC,Gemma-4,1.0,0.5,Science,Gemma-4|InternVL|Llama-3.2,1
mmmu,GIL,test_Physics_271,CC,Gemma-4,0.3333333333333333,0.16666666666666666,Science,Gemma-4|InternVL|Llama-3.2,1
mmmu,GIL,test_Physics_326,MiC,Gemma-4,1.0,0.5,Science,Gemma-4|InternVL|Llama-3.2,1
mmmu,GIL,test_Physics_350,MiC,Llama-3.2,0.0,0.6666666666666666,Science,Gemma-4|InternVL|Llama-3.2,3
mmmu,GIL,test_Physics_389,MiC,Gemma-4,1.0,0.5,Science,Gemma-4|InternVL|Llama-3.2,1
mmmu,GIL,test_Physics_47,MiC,Gemma-4,0.0,0.4166666666666667,Science,Gemma-4|InternVL|Llama-3.2,1
mmmu,GIL,test_Psychology_105,MiC,Gemma-4,0.0,0.16666666666666666,Humanities & Social Science,Gemma-4|InternVL|Llama-3.2,1
mmmu,GIL,test_Psychology_135,MiC,Gemma-4,1.0,0.5,Humanities & Social Science,Gemma-4|InternVL|Llama-3.2,1
mmmu,GIL,test_Psychology_138,CC,Gemma-4,1.0,0.5,Humanities & Social Science,Gemma-4|InternVL|Llama-3.2,1
mmmu,GIL,test_Psychology_282,CC,Gemma-4,1.0,0.5,Humanities & Social Science,Gemma-4|InternVL|Llama-3.2,1
mmmu,GIL,test_Psychology_287,CC,InternVL,1.0,0.5,Humanities & Social Science,Gemma-4|InternVL|Llama-3.2,2
mmmu,GIL,test_Psychology_291,MiC,InternVL,0.0,0.9166666666666667,Humanities & Social Science,Gemma-4|InternVL|Llama-3.2,2
mmmu,GIL,test_Psychology_38,CC,Llama-3.2,0.0,0.3333333333333333,Humanities & Social Science,Gemma-4|InternVL|Llama-3.2,3
mmmu,GIL,test_Public_Health_161,CC,Gemma-4,1.0,0.8333333333333333,Health & Medicine,Gemma-4|InternVL|Llama-3.2,1
mmmu,GIL,test_Public_Health_22,MiC,Gemma-4,1.0,0.8333333333333333,Health & Medicine,Gemma-4|InternVL|Llama-3.2,1
mmmu,GIL,test_Public_Health_40,CC,Llama-3.2,0.3333333333333333,0.4166666666666667,Health & Medicine,Gemma-4|InternVL|Llama-3.2,3
mmmu,GIL,test_Public_Health_405,CC,Gemma-4,0.0,0.5,Health & Medicine,Gemma-4|InternVL|Llama-3.2,1
mmmu,GIL,test_Public_Health_442,MiC,Gemma-4,1.0,0.5,Health & Medicine,Gemma-4|InternVL|Llama-3.2,1
mmmu,GIL,test_Sociology_109,MiC,InternVL,1.0,0.16666666666666666,Humanities & Social Science,Gemma-4|InternVL|Llama-3.2,2
mmmu,GIL,test_Sociology_162,MiC,InternVL,0.0,0.0,Humanities & Social Science,Gemma-4|InternVL|Llama-3.2,2
mmmu,GIL,test_Sociology_187,CC,InternVL,0.0,0.5,Humanities & Social Science,Gemma-4|InternVL|Llama-3.2,2
mmmu,GIL,test_Sociology_217,MiC,Llama-3.2,0.0,0.9166666666666667,Humanities & Social Science,Gemma-4|InternVL|Llama-3.2,3
mmmu,GIL,test_Sociology_39,MiC,Gemma-4,1.0,0.75,Humanities & Social Science,Gemma-4|InternVL|Llama-3.2,1
mmmu,GIL,test_Sociology_58,MiC,Llama-3.2,0.0,0.25,Humanities & Social Science,Gemma-4|InternVL|Llama-3.2,3
mmmu,GIL,validation_Accounting_21,CC,Gemma-4,1.0,0.6666666666666666,Business,Gemma-4|InternVL|Llama-3.2,1
mmmu,GIL,validation_Accounting_5,CC,InternVL,0.0,0.08333333333333333,Business,Gemma-4|InternVL|Llama-3.2,2
mmmu,GIL,validation_Agriculture_3,CC,InternVL,0.0,0.5,Tech & Engineering,Gemma-4|InternVL|Llama-3.2,2
mmmu,GIL,validation_Architecture_and_Engineering_7,MiC,Gemma-4,0.0,0.8333333333333333,Tech & Engineering,Gemma-4|InternVL|Llama-3.2,1
mmmu,GIL,validation_Art_12,MiC,Llama-3.2,0.0,0.0,Art & Design,Gemma-4|InternVL|Llama-3.2,3
mmmu,GIL,validation_Art_26,CC,Llama-3.2,0.0,0.75,Art & Design,Gemma-4|InternVL|Llama-3.2,3
mmmu,GIL,validation_Basic_Medical_Science_23,CC,InternVL,0.0,0.0,Health & Medicine,Gemma-4|InternVL|Llama-3.2,2
mmmu,GIL,validation_Biology_14,CC,Gemma-4,0.3333333333333333,0.8333333333333333,Science,Gemma-4|InternVL|Llama-3.2,1
mmmu,GIL,validation_Biology_22,CC,Gemma-4,0.3333333333333333,0.08333333333333333,Science,Gemma-4|InternVL|Llama-3.2,1
mmmu,GIL,validation_Chemistry_28,CC,InternVL,0.0,0.9166666666666667,Science,Gemma-4|InternVL|Llama-3.2,2
mmmu,GIL,validation_Chemistry_6,CC,Gemma-4,1.0,0.0,Science,Gemma-4|InternVL|Llama-3.2,1
mmmu,GIL,validation_Clinical_Medicine_5,CC,Gemma-4,1.0,0.4166666666666667,Health & Medicine,Gemma-4|InternVL|Llama-3.2,1
mmmu,GIL,validation_Design_14,MiC,Llama-3.2,0.0,0.5833333333333333,Art & Design,Gemma-4|InternVL|Llama-3.2,3
mmmu,GIL,validation_Diagnostics_and_Laboratory_Medicine_15,MiC,InternVL,0.0,0.4166666666666667,Health & Medicine,Gemma-4|InternVL|Llama-3.2,2
mmmu,GIL,validation_Diagnostics_and_Laboratory_Medicine_21,MiC,Llama-3.2,0.0,0.16666666666666666,Health & Medicine,Gemma-4|InternVL|Llama-3.2,3
mmmu,GIL,validation_Diagnostics_and_Laboratory_Medicine_28,CC,Gemma-4,1.0,0.4166666666666667,Health & Medicine,Gemma-4|InternVL|Llama-3.2,1
mmmu,GIL,validation_Diagnostics_and_Laboratory_Medicine_5,CC,InternVL,1.0,1.0,Health & Medicine,Gemma-4|InternVL|Llama-3.2,2
mmmu,GIL,validation_Economics_1,MiC,Gemma-4,1.0,0.0,Business,Gemma-4|InternVL|Llama-3.2,1
mmmu,GIL,validation_Finance_9,MiC,Gemma-4,1.0,0.5,Business,Gemma-4|InternVL|Llama-3.2,1
mmmu,GIL,validation_Manage_2,CC,InternVL,0.0,0.08333333333333333,Business,Gemma-4|InternVL|Llama-3.2,2
mmmu,GIL,validation_Marketing_15,CC,Gemma-4,1.0,1.0,Business,Gemma-4|InternVL|Llama-3.2,1
mmmu,GIL,validation_Marketing_5,MiC,Gemma-4,1.0,0.8333333333333333,Business,Gemma-4|InternVL|Llama-3.2,1
mmmu,GIL,validation_Mechanical_Engineering_30,MiC,Gemma-4,1.0,0.0,Tech & Engineering,Gemma-4|InternVL|Llama-3.2,1
mmmu,GIL,validation_Mechanical_Engineering_5,CC,Gemma-4,0.0,0.4166666666666667,Tech & Engineering,Gemma-4|InternVL|Llama-3.2,1
mmmu,GIL,validation_Music_3,MiC,InternVL,0.0,0.5,Art & Design,Gemma-4|InternVL|Llama-3.2,2
mmmu,GIL,validation_Music_5,CC,Gemma-4,1.0,0.5,Art & Design,Gemma-4|InternVL|Llama-3.2,1
mmmu,GIL,validation_Music_7,CC,InternVL,1.0,0.0,Art & Design,Gemma-4|InternVL|Llama-3.2,2
mmmu,GIL,validation_Pharmacy_28,CC,InternVL,0.0,0.5,Health & Medicine,Gemma-4|InternVL|Llama-3.2,2
mmmu,GIL,validation_Psychology_6,CC,InternVL,0.0,0.0,Humanities & Social Science,Gemma-4|InternVL|Llama-3.2,2
mmmu,GIL,validation_Sociology_5,CC,Llama-3.2,0.0,0.6666666666666667,Humanities & Social Science,Gemma-4|InternVL|Llama-3.2,3
mmmu,GIP,dev_Chemistry_1,MiC,Gemma-4,1.0,0.5,Science,Gemma-4|InternVL|Pixtral,1
mmmu,GIP,dev_Diagnostics_and_Laboratory_Medicine_3,MiC,Pixtral,0.0,0.08333333333333333,Health & Medicine,Gemma-4|InternVL|Pixtral,3
mmmu,GIP,dev_Public_Health_3,MiC,Gemma-4,1.0,0.5,Health & Medicine,Gemma-4|InternVL|Pixtral,1
mmmu,GIP,test_Accounting_150,CC,Gemma-4,0.0,1.0,Business,Gemma-4|InternVL|Pixtral,1
mmmu,GIP,test_Accounting_350,MiC,Gemma-4,0.0,0.9166666666666667,Business,Gemma-4|InternVL|Pixtral,1
mmmu,GIP,test_Accounting_355,MiC,Gemma-4,0.0,0.5,Business,Gemma-4|InternVL|Pixtral,1
mmmu,GIP,test_Accounting_360,MiC,Gemma-4,1.0,0.5,Business,Gemma-4|InternVL|Pixtral,1
mmmu,GIP,test_Accounting_376,MiC,Pixtral,1.0,0.5,Business,Gemma-4|InternVL|Pixtral,3
mmmu,GIP,test_Accounting_39,CC,Gemma-4,0.0,0.5,Business,Gemma-4|InternVL|Pixtral,1
mmmu,GIP,test_Accounting_60,MiC,Pixtral,0.0,0.4166666666666667,Business,Gemma-4|InternVL|Pixtral,3
mmmu,GIP,test_Agriculture_107,CC,InternVL,0.0,0.0,Tech & Engineering,Gemma-4|InternVL|Pixtral,2
mmmu,GIP,test_Agriculture_125,MiC,Gemma-4,1.0,0.08333333333333333,Tech & Engineering,Gemma-4|InternVL|Pixtral,1
mmmu,GIP,test_Agriculture_22,MiC,Gemma-4,0.0,0.0,Tech & Engineering,Gemma-4|InternVL|Pixtral,1
mmmu,GIP,test_Agriculture_228,MiC,Pixtral,0.0,0.5,Tech & Engineering,Gemma-4|InternVL|Pixtral,3
mmmu,GIP,test_Agriculture_52,MiC,Pixtral,0.0,0.0,Tech & Engineering,Gemma-4|InternVL|Pixtral,3
mmmu,GIP,test_Architecture_and_Engineering_115,MiC,Gemma-4,1.0,0.16666666666666666,Tech & Engineering,Gemma-4|InternVL|Pixtral,1
mmmu,GIP,test_Architecture_and_Engineering_125,CC,Gemma-4,1.0,0.3333333333333333,Tech & Engineering,Gemma-4|InternVL|Pixtral,1
mmmu,GIP,test_Architecture_and_Engineering_284,MiC,Gemma-4,0.0,0.16666666666666666,Tech & Engineering,Gemma-4|InternVL|Pixtral,1
mmmu,GIP,test_Architecture_and_Engineering_294,MiC,InternVL,1.0,0.0,Tech & Engineering,Gemma-4|InternVL|Pixtral,2
mmmu,GIP,test_Architecture_and_Engineering_458,MiC,Gemma-4,0.0,0.4166666666666667,Tech & Engineering,Gemma-4|InternVL|Pixtral,1
mmmu,GIP,test_Architecture_and_Engineering_510,MiC,Gemma-4,0.0,0.08333333333333333,Tech & Engineering,Gemma-4|InternVL|Pixtral,1
mmmu,GIP,test_Architecture_and_Engineering_546,CC,InternVL,0.3333333333333333,0.16666666666666666,Tech & Engineering,Gemma-4|InternVL|Pixtral,2
mmmu,GIP,test_Architecture_and_Engineering_549,CC,InternVL,0.3333333333333333,0.08333333333333333,Tech & Engineering,Gemma-4|InternVL|Pixtral,2
mmmu,GIP,test_Architecture_and_Engineering_55,CC,Gemma-4,1.0,0.08333333333333333,Tech & Engineering,Gemma-4|InternVL|Pixtral,1
mmmu,GIP,test_Architecture_and_Engineering_551,CC,Pixtral,1.0,0.6666666666666666,Tech & Engineering,Gemma-4|InternVL|Pixtral,3
mmmu,GIP,test_Architecture_and_Engineering_99,CC,Gemma-4,0.0,0.6666666666666667,Tech & Engineering,Gemma-4|InternVL|Pixtral,1
mmmu,GIP,test_Art_103,MiC,InternVL,0.0,0.9166666666666667,Art & Design,Gemma-4|InternVL|Pixtral,2
mmmu,GIP,test_Art_105,MiC,Pixtral,1.0,0.0,Art & Design,Gemma-4|InternVL|Pixtral,3
mmmu,GIP,test_Art_118,MiC,Pixtral,0.0,0.5,Art & Design,Gemma-4|InternVL|Pixtral,3
mmmu,GIP,test_Art_12,MiC,InternVL,0.0,0.0,Art & Design,Gemma-4|InternVL|Pixtral,2
mmmu,GIP,test_Art_176,MiC,Pixtral,0.0,0.6666666666666666,Art & Design,Gemma-4|InternVL|Pixtral,3
mmmu,GIP,test_Art_82,MiC,InternVL,0.0,0.9166666666666667,Art & Design,Gemma-4|InternVL|Pixtral,2
mmmu,GIP,test_Art_Theory_16,CC,InternVL,0.0,1.0,Art & Design,Gemma-4|InternVL|Pixtral,2
mmmu,GIP,test_Art_Theory_170,CC,Pixtral,1.0,0.5,Art & Design,Gemma-4|InternVL|Pixtral,3
mmmu,GIP,test_Art_Theory_229,MiC,InternVL,0.0,0.0,Art & Design,Gemma-4|InternVL|Pixtral,2
mmmu,GIP,test_Art_Theory_275,CC,Gemma-4,0.3333333333333333,0.5,Art & Design,Gemma-4|InternVL|Pixtral,1
mmmu,GIP,test_Art_Theory_420,MiC,InternVL,0.0,1.0,Art & Design,Gemma-4|InternVL|Pixtral,2
mmmu,GIP,test_Art_Theory_427,MiC,Gemma-4,0.0,0.5833333333333334,Art & Design,Gemma-4|InternVL|Pixtral,1
mmmu,GIP,test_Basic_Medical_Science_109,CC,InternVL,1.0,1.0,Health & Medicine,Gemma-4|InternVL|Pixtral,2
mmmu,GIP,test_Basic_Medical_Science_13,CC,InternVL,0.0,1.0,Health & Medicine,Gemma-4|InternVL|Pixtral,2
mmmu,GIP,test_Basic_Medical_Science_216,MiC,Gemma-4,1.0,0.3333333333333333,Health & Medicine,Gemma-4|InternVL|Pixtral,1
mmmu,GIP,test_Basic_Medical_Science_245,CC,Gemma-4,1.0,1.0,Health & Medicine,Gemma-4|InternVL|Pixtral,1
mmmu,GIP,test_Basic_Medical_Science_278,CC,Gemma-4,0.0,0.0,Health & Medicine,Gemma-4|InternVL|Pixtral,1
mmmu,GIP,test_Basic_Medical_Science_78,CC,InternVL,0.3333333333333333,0.5,Health & Medicine,Gemma-4|InternVL|Pixtral,2
mmmu,GIP,test_Basic_Medical_Science_80,MiC,Pixtral,1.0,0.5,Health & Medicine,Gemma-4|InternVL|Pixtral,3
mmmu,GIP,test_Biology_110,MiC,Gemma-4,0.0,0.4166666666666667,Science,Gemma-4|InternVL|Pixtral,1
mmmu,GIP,test_Biology_113,CC,Pixtral,0.0,0.6666666666666666,Science,Gemma-4|InternVL|Pixtral,3
mmmu,GIP,test_Biology_119,CC,Pixtral,0.0,0.08333333333333333,Science,Gemma-4|InternVL|Pixtral,3
mmmu,GIP,test_Biology_12,CC,Gemma-4,0.3333333333333333,0.0,Science,Gemma-4|InternVL|Pixtral,1
mmmu,GIP,test_Biology_154,MiC,Gemma-4,1.0,0.08333333333333333,Science,Gemma-4|InternVL|Pixtral,1
mmmu,GIP,test_Biology_174,CC,Gemma-4,0.3333333333333333,1.0,Science,Gemma-4|InternVL|Pixtral,1
mmmu,GIP,test_Biology_195,MiC,Pixtral,0.0,0.0,Science,Gemma-4|InternVL|Pixtral,3
mmmu,GIP,test_Biology_2,CC,Pixtral,1.0,0.6666666666666666,Science,Gemma-4|InternVL|Pixtral,3
mmmu,GIP,test_Biology_220,MiC,Gemma-4,0.0,0.5,Science,Gemma-4|InternVL|Pixtral,1
mmmu,GIP,test_Biology_239,CC,Pixtral,1.0,0.5833333333333334,Science,Gemma-4|InternVL|Pixtral,3
mmmu,GIP,test_Biology_256,CC,InternVL,0.0,0.5,Science,Gemma-4|InternVL|Pixtral,2
mmmu,GIP,test_Biology_287,CC,Gemma-4,0.0,0.08333333333333333,Science,Gemma-4|InternVL|Pixtral,1
mmmu,GIP,test_Biology_295,MiC,Gemma-4,0.0,0.3333333333333333,Science,Gemma-4|InternVL|Pixtral,1
mmmu,GIP,test_Biology_301,CC,Gemma-4,1.0,0.5,Science,Gemma-4|InternVL|Pixtral,1
mmmu,GIP,test_Biology_333,CC,Gemma-4,1.0,1.0,Science,Gemma-4|InternVL|Pixtral,1
mmmu,GIP,test_Chemistry_100,CC,Gemma-4,0.0,0.25,Science,Gemma-4|InternVL|Pixtral,1
mmmu,GIP,test_Chemistry_114,MiC,Gemma-4,0.0,0.3333333333333333,Science,Gemma-4|InternVL|Pixtral,1
mmmu,GIP,test_Chemistry_130,CC,Gemma-4,1.0,0.25,Science,Gemma-4|InternVL|Pixtral,1
mmmu,GIP,test_Chemistry_163,CC,Gemma-4,0.0,0.5,Science,Gemma-4|InternVL|Pixtral,1
mmmu,GIP,test_Chemistry_245,MiC,Gemma-4,0.0,0.25,Science,Gemma-4|InternVL|Pixtral,1
mmmu,GIP,test_Chemistry_309,CC,Gemma-4,1.0,0.4166666666666667,Science,Gemma-4|InternVL|Pixtral,1
mmmu,GIP,test_Chemistry_445,MiC,Gemma-4,1.0,0.5,Science,Gemma-4|InternVL|Pixtral,1
mmmu,GIP,test_Chemistry_502,CC,InternVL,0.3333333333333333,0.5,Science,Gemma-4|InternVL|Pixtral,2
mmmu,GIP,test_Chemistry_540,MiC,Gemma-4,1.0,0.25,Science,Gemma-4|InternVL|Pixtral,1
mmmu,GIP,test_Chemistry_563,CC,Gemma-4,0.0,0.5,Science,Gemma-4|InternVL|Pixtral,1
mmmu,GIP,test_Chemistry_586,CC,Gemma-4,1.0,0.0,Science,Gemma-4|InternVL|Pixtral,1
mmmu,GIP,test_Chemistry_63,MiC,InternVL,0.0,0.25,Science,Gemma-4|InternVL|Pixtral,2
mmmu,GIP,test_Chemistry_66,CC,Pixtral,0.0,0.4166666666666667,Science,Gemma-4|InternVL|Pixtral,3
mmmu,GIP,test_Chemistry_68,MiC,InternVL,1.0,0.25,Science,Gemma-4|InternVL|Pixtral,2
mmmu,GIP,test_Chemistry_9,CC,Gemma-4,1.0,0.5,Science,Gemma-4|InternVL|Pixtral,1
mmmu,GIP,test_Clinical_Medicine_107,MiC,Gemma-4,0.0,0.0,Health & Medicine,Gemma-4|InternVL|Pixtral,1
mmmu,GIP,test_Clinical_Medicine_122,CC,InternVL,0.0,0.25,Health & Medicine,Gemma-4|InternVL|Pixtral,2
mmmu,GIP,test_Clinical_Medicine_135,MiC,Pixtral,0.0,0.0,Health & Medicine,Gemma-4|InternVL|Pixtral,3
mmmu,GIP,test_Clinical_Medicine_173,MiC,Gemma-4,1.0,0.5,Health & Medicine,Gemma-4|InternVL|Pixtral,1
mmmu,GIP,test_Clinical_Medicine_197,MiC,Pixtral,0.0,0.3333333333333333,Health & Medicine,Gemma-4|InternVL|Pixtral,3
mmmu,GIP,test_Clinical_Medicine_198,CC,Gemma-4,0.0,0.0,Health & Medicine,Gemma-4|InternVL|Pixtral,1
mmmu,GIP,test_Clinical_Medicine_229,CC,Gemma-4,0.0,0.6666666666666666,Health & Medicine,Gemma-4|InternVL|Pixtral,1
mmmu,GIP,test_Clinical_Medicine_302,MiC,Pixtral,0.0,0.4166666666666667,Health & Medicine,Gemma-4|InternVL|Pixtral,3
mmmu,GIP,test_Clinical_Medicine_40,CC,Gemma-4,1.0,0.0,Health & Medicine,Gemma-4|InternVL|Pixtral,1
mmmu,GIP,test_Clinical_Medicine_75,CC,Gemma-4,0.0,0.0,Health & Medicine,Gemma-4|InternVL|Pixtral,1
mmmu,GIP,test_Clinical_Medicine_81,MiC,InternVL,0.0,0.9166666666666667,Health & Medicine,Gemma-4|InternVL|Pixtral,2
mmmu,GIP,test_Clinical_Medicine_85,MiC,Gemma-4,0.0,0.5,Health & Medicine,Gemma-4|InternVL|Pixtral,1
mmmu,GIP,test_Computer_Science_103,MiC,Gemma-4,1.0,0.5,Tech & Engineering,Gemma-4|InternVL|Pixtral,1
mmmu,GIP,test_Computer_Science_110,CC,Gemma-4,0.3333333333333333,0.5,Tech & Engineering,Gemma-4|InternVL|Pixtral,1
mmmu,GIP,test_Computer_Science_114,MiC,InternVL,0.0,1.0,Tech & Engineering,Gemma-4|InternVL|Pixtral,2
mmmu,GIP,test_Computer_Science_152,MiC,Pixtral,0.0,0.5,Tech & Engineering,Gemma-4|InternVL|Pixtral,3
mmmu,GIP,test_Computer_Science_171,MiC,Gemma-4,0.0,1.0,Tech & Engineering,Gemma-4|InternVL|Pixtral,1
mmmu,GIP,test_Computer_Science_175,MiC,Gemma-4,0.0,1.0,Tech & Engineering,Gemma-4|InternVL|Pixtral,1
mmmu,GIP,test_Computer_Science_198,MiC,Gemma-4,1.0,0.0,Tech & Engineering,Gemma-4|InternVL|Pixtral,1
mmmu,GIP,test_Computer_Science_220,CC,Gemma-4,0.3333333333333333,0.4166666666666667,Tech & Engineering,Gemma-4|InternVL|Pixtral,1
mmmu,GIP,test_Computer_Science_23,CC,Gemma-4,0.0,0.75,Tech & Engineering,Gemma-4|InternVL|Pixtral,1
mmmu,GIP,test_Computer_Science_271,CC,Gemma-4,0.0,0.3333333333333333,Tech & Engineering,Gemma-4|InternVL|Pixtral,1
mmmu,GIP,test_Computer_Science_294,CC,Gemma-4,1.0,0.5,Tech & Engineering,Gemma-4|InternVL|Pixtral,1
mmmu,GIP,test_Computer_Science_344,CC,Gemma-4,1.0,0.4166666666666667,Tech & Engineering,Gemma-4|InternVL|Pixtral,1
mmmu,GIP,test_Computer_Science_4,MiC,InternVL,1.0,0.5,Tech & Engineering,Gemma-4|InternVL|Pixtral,2
mmmu,GIP,test_Computer_Science_44,MiC,Pixtral,1.0,0.9166666666666667,Tech & Engineering,Gemma-4|InternVL|Pixtral,3
mmmu,GIP,test_Computer_Science_60,MiC,Pixtral,1.0,0.08333333333333333,Tech & Engineering,Gemma-4|InternVL|Pixtral,3
mmmu,GIP,test_Design_117,CC,Gemma-4,1.0,0.5,Art & Design,Gemma-4|InternVL|Pixtral,1
mmmu,GIP,test_Design_50,CC,Pixtral,0.3333333333333333,0.0,Art & Design,Gemma-4|InternVL|Pixtral,3
mmmu,GIP,test_Design_52,MiC,Pixtral,0.0,0.5,Art & Design,Gemma-4|InternVL|Pixtral,3
mmmu,GIP,test_Design_59,MiC,InternVL,0.0,0.0,Art & Design,Gemma-4|InternVL|Pixtral,2
mmmu,GIP,test_Diagnostics_and_Laboratory_Medicine_101,CC,Gemma-4,1.0,0.5,Health & Medicine,Gemma-4|InternVL|Pixtral,1
mmmu,GIP,test_Diagnostics_and_Laboratory_Medicine_103,MiC,Pixtral,0.0,0.0,Health & Medicine,Gemma-4|InternVL|Pixtral,3
mmmu,GIP,test_Diagnostics_and_Laboratory_Medicine_121,MiC,InternVL,1.0,0.5,Health & Medicine,Gemma-4|InternVL|Pixtral,2
mmmu,GIP,test_Diagnostics_and_Laboratory_Medicine_124,MiC,Gemma-4,0.0,0.0,Health & Medicine,Gemma-4|InternVL|Pixtral,1
mmmu,GIP,test_Diagnostics_and_Laboratory_Medicine_126,CC,Pixtral,0.0,0.0,Health & Medicine,Gemma-4|InternVL|Pixtral,3
mmmu,GIP,test_Diagnostics_and_Laboratory_Medicine_14,CC,Pixtral,1.0,0.0,Health & Medicine,Gemma-4|InternVL|Pixtral,3
mmmu,GIP,test_Diagnostics_and_Laboratory_Medicine_159,CC,Pixtral,0.3333333333333333,0.5833333333333334,Health & Medicine,Gemma-4|InternVL|Pixtral,3
mmmu,GIP,test_Diagnostics_and_Laboratory_Medicine_23,CC,Gemma-4,0.0,0.25,Health & Medicine,Gemma-4|InternVL|Pixtral,1
mmmu,GIP,test_Diagnostics_and_Laboratory_Medicine_28,CC,Gemma-4,1.0,0.4166666666666667,Health & Medicine,Gemma-4|InternVL|Pixtral,1
mmmu,GIP,test_Diagnostics_and_Laboratory_Medicine_42,MiC,Pixtral,1.0,0.25,Health & Medicine,Gemma-4|InternVL|Pixtral,3
mmmu,GIP,test_Diagnostics_and_Laboratory_Medicine_43,CC,Pixtral,0.0,0.0,Health & Medicine,Gemma-4|InternVL|Pixtral,3
mmmu,GIP,test_Diagnostics_and_Laboratory_Medicine_5,CC,InternVL,1.0,1.0,Health & Medicine,Gemma-4|InternVL|Pixtral,2
mmmu,GIP,test_Diagnostics_and_Laboratory_Medicine_81,CC,InternVL,1.0,0.0,Health & Medicine,Gemma-4|InternVL|Pixtral,2
mmmu,GIP,test_Diagnostics_and_Laboratory_Medicine_83,MiC,Gemma-4,1.0,0.5,Health & Medicine,Gemma-4|InternVL|Pixtral,1
mmmu,GIP,test_Diagnostics_and_Laboratory_Medicine_92,CC,Gemma-4,0.3333333333333333,0.0,Health & Medicine,Gemma-4|InternVL|Pixtral,1
mmmu,GIP,test_Diagnostics_and_Laboratory_Medicine_95,MiC,Pixtral,0.0,0.0,Health & Medicine,Gemma-4|InternVL|Pixtral,3
mmmu,GIP,test_Economics_11,CC,Pixtral,0.3333333333333333,0.3333333333333333,Business,Gemma-4|InternVL|Pixtral,3
mmmu,GIP,test_Economics_194,MiC,InternVL,0.0,0.5,Business,Gemma-4|InternVL|Pixtral,2
mmmu,GIP,test_Economics_195,MiC,InternVL,0.0,0.5,Business,Gemma-4|InternVL|Pixtral,2
mmmu,GIP,test_Economics_201,CC,Gemma-4,1.0,0.9166666666666667,Business,Gemma-4|InternVL|Pixtral,1
mmmu,GIP,test_Economics_226,CC,Gemma-4,1.0,0.5,Business,Gemma-4|InternVL|Pixtral,1
mmmu,GIP,test_Economics_249,CC,Gemma-4,1.0,0.5,Business,Gemma-4|InternVL|Pixtral,1
mmmu,GIP,test_Economics_252,CC,InternVL,0.0,0.5,Business,Gemma-4|InternVL|Pixtral,2
mmmu,GIP,test_Economics_51,CC,Gemma-4,0.3333333333333333,0.08333333333333333,Business,Gemma-4|InternVL|Pixtral,1
mmmu,GIP,test_Electronics_123,MiC,Gemma-4,0.0,0.5,Tech & Engineering,Gemma-4|InternVL|Pixtral,1
mmmu,GIP,test_Electronics_126,CC,Gemma-4,1.0,0.9166666666666667,Tech & Engineering,Gemma-4|InternVL|Pixtral,1
mmmu,GIP,test_Electronics_184,MiC,Gemma-4,1.0,0.25,Tech & Engineering,Gemma-4|InternVL|Pixtral,1
mmmu,GIP,test_Electronics_210,CC,Pixtral,0.0,0.08333333333333333,Tech & Engineering,Gemma-4|InternVL|Pixtral,3
mmmu,GIP,test_Electronics_213,CC,Gemma-4,0.3333333333333333,0.5,Tech & Engineering,Gemma-4|InternVL|Pixtral,1
mmmu,GIP,test_Electronics_49,MiC,Pixtral,0.0,0.5833333333333334,Tech & Engineering,Gemma-4|InternVL|Pixtral,3
mmmu,GIP,test_Electronics_6,MiC,InternVL,1.0,0.0,Tech & Engineering,Gemma-4|InternVL|Pixtral,2
mmmu,GIP,test_Electronics_67,CC,Gemma-4,0.0,0.5,Tech & Engineering,Gemma-4|InternVL|Pixtral,1
mmmu,GIP,test_Electronics_72,CC,Gemma-4,0.0,0.9166666666666667,Tech & Engineering,Gemma-4|InternVL|Pixtral,1
mmmu,GIP,test_Electronics_93,MiC,InternVL,1.0,0.5,Tech & Engineering,Gemma-4|InternVL|Pixtral,2
mmmu,GIP,test_Energy_and_Power_125,MiC,Gemma-4,1.0,0.0,Tech & Engineering,Gemma-4|InternVL|Pixtral,1
mmmu,GIP,test_Energy_and_Power_197,CC,InternVL,1.0,1.0,Tech & Engineering,Gemma-4|InternVL|Pixtral,2
mmmu,GIP,test_Energy_and_Power_221,CC,InternVL,1.0,0.5,Tech & Engineering,Gemma-4|InternVL|Pixtral,2
mmmu,GIP,test_Energy_and_Power_234,CC,Gemma-4,1.0,0.3333333333333333,Tech & Engineering,Gemma-4|InternVL|Pixtral,1
mmmu,GIP,test_Energy_and_Power_268,CC,Gemma-4,1.0,1.0,Tech & Engineering,Gemma-4|InternVL|Pixtral,1
mmmu,GIP,test_Energy_and_Power_293,MiC,Gemma-4,0.0,0.3333333333333333,Tech & Engineering,Gemma-4|InternVL|Pixtral,1
mmmu,GIP,test_Energy_and_Power_352,CC,InternVL,0.0,0.75,Tech & Engineering,Gemma-4|InternVL|Pixtral,2
mmmu,GIP,test_Energy_and_Power_362,MiC,InternVL,1.0,0.16666666666666666,Tech & Engineering,Gemma-4|InternVL|Pixtral,2
mmmu,GIP,test_Energy_and_Power_389,CC,InternVL,1.0,0.5,Tech & Engineering,Gemma-4|InternVL|Pixtral,2
mmmu,GIP,test_Energy_and_Power_397,MiC,Pixtral,0.0,0.3333333333333333,Tech & Engineering,Gemma-4|InternVL|Pixtral,3
mmmu,GIP,test_Energy_and_Power_401,MiC,InternVL,0.0,0.25,Tech & Engineering,Gemma-4|InternVL|Pixtral,2
mmmu,GIP,test_Energy_and_Power_47,CC,Gemma-4,0.0,0.25,Tech & Engineering,Gemma-4|InternVL|Pixtral,1
mmmu,GIP,test_Energy_and_Power_48,CC,Gemma-4,1.0,0.5,Tech & Engineering,Gemma-4|InternVL|Pixtral,1
mmmu,GIP,test_Finance_1,MiC,Gemma-4,0.0,0.5,Business,Gemma-4|InternVL|Pixtral,1
mmmu,GIP,test_Finance_177,MiC,Gemma-4,0.0,0.5,Business,Gemma-4|InternVL|Pixtral,1
mmmu,GIP,test_Finance_193,MiC,Gemma-4,0.0,0.5833333333333334,Business,Gemma-4|InternVL|Pixtral,1
mmmu,GIP,test_Finance_244,MiC,Gemma-4,0.0,1.0,Business,Gemma-4|InternVL|Pixtral,1
mmmu,GIP,test_Finance_245,CC,Gemma-4,0.3333333333333333,0.5,Business,Gemma-4|InternVL|Pixtral,1
mmmu,GIP,test_Finance_264,CC,Gemma-4,1.0,0.16666666666666666,Business,Gemma-4|InternVL|Pixtral,1
mmmu,GIP,test_Finance_276,MiC,InternVL,0.0,0.5,Business,Gemma-4|InternVL|Pixtral,2
mmmu,GIP,test_Geography_145,MiC,Gemma-4,0.3333333333333333,1.0,Science,Gemma-4|InternVL|Pixtral,1
mmmu,GIP,test_Geography_164,CC,Gemma-4,1.0,0.0,Science,Gemma-4|InternVL|Pixtral,1
mmmu,GIP,test_Geography_200,MiC,Gemma-4,1.0,0.5,Science,Gemma-4|InternVL|Pixtral,1
mmmu,GIP,test_Geography_241,MiC,Pixtral,1.0,0.9166666666666667,Science,Gemma-4|InternVL|Pixtral,3
mmmu,GIP,test_Geography_285,CC,Gemma-4,1.0,0.0,Science,Gemma-4|InternVL|Pixtral,1
mmmu,GIP,test_Geography_297,CC,Gemma-4,1.0,0.25,Science,Gemma-4|InternVL|Pixtral,1
mmmu,GIP,test_Geography_30,MiC,Gemma-4,1.0,0.16666666666666666,Science,Gemma-4|InternVL|Pixtral,1
mmmu,GIP,test_Geography_315,MiC,Gemma-4,0.0,1.0,Science,Gemma-4|InternVL|Pixtral,1
mmmu,GIP,test_Geography_319,CC,Pixtral,0.0,0.08333333333333333,Science,Gemma-4|InternVL|Pixtral,3
mmmu,GIP,test_Geography_376,MiC,Gemma-4,0.0,0.5,Science,Gemma-4|InternVL|Pixtral,1
mmmu,GIP,test_Geography_434,CC,InternVL,0.0,0.41666666666666663,Science,Gemma-4|InternVL|Pixtral,2
mmmu,GIP,test_Geography_442,MiC,Gemma-4,0.0,0.3333333333333333,Science,Gemma-4|InternVL|Pixtral,1
mmmu,GIP,test_Geography_452,MiC,InternVL,0.0,1.0,Science,Gemma-4|InternVL|Pixtral,2
mmmu,GIP,test_Geography_561,CC,Gemma-4,0.0,0.5,Science,Gemma-4|InternVL|Pixtral,1
mmmu,GIP,test_History_150,MiC,InternVL,0.0,0.5,Humanities & Social Science,Gemma-4|InternVL|Pixtral,2
mmmu,GIP,test_History_209,CC,Pixtral,0.0,0.0,Humanities & Social Science,Gemma-4|InternVL|Pixtral,3
mmmu,GIP,test_History_271,CC,InternVL,1.0,1.0,Humanities & Social Science,Gemma-4|InternVL|Pixtral,2
mmmu,GIP,test_History_62,CC,Gemma-4,1.0,1.0,Humanities & Social Science,Gemma-4|InternVL|Pixtral,1
mmmu,GIP,test_Literature_85,MiC,InternVL,0.0,0.5,Humanities & Social Science,Gemma-4|InternVL|Pixtral,2
mmmu,GIP,test_Manage_115,MiC,Gemma-4,1.0,0.5,Business,Gemma-4|InternVL|Pixtral,1
mmmu,GIP,test_Manage_120,MiC,InternVL,0.0,0.0,Business,Gemma-4|InternVL|Pixtral,2
mmmu,GIP,test_Manage_172,CC,Gemma-4,1.0,0.5,Business,Gemma-4|InternVL|Pixtral,1
mmmu,GIP,test_Manage_175,MiC,Pixtral,0.0,0.08333333333333333,Business,Gemma-4|InternVL|Pixtral,3
mmmu,GIP,test_Manage_22,CC,Pixtral,0.0,0.0,Business,Gemma-4|InternVL|Pixtral,3
mmmu,GIP,test_Manage_50,MiC,Pixtral,1.0,0.8333333333333333,Business,Gemma-4|InternVL|Pixtral,3
mmmu,GIP,test_Marketing_104,MiC,Pixtral,0.0,0.16666666666666666,Business,Gemma-4|InternVL|Pixtral,3
mmmu,GIP,test_Marketing_39,CC,Gemma-4,1.0,0.08333333333333333,Business,Gemma-4|InternVL|Pixtral,1
mmmu,GIP,test_Materials_133,CC,Gemma-4,1.0,0.25,Tech & Engineering,Gemma-4|InternVL|Pixtral,1
mmmu,GIP,test_Materials_204,MiC,InternVL,1.0,0.5,Tech & Engineering,Gemma-4|InternVL|Pixtral,2
mmmu,GIP,test_Materials_211,CC,Gemma-4,0.0,1.0,Tech & Engineering,Gemma-4|InternVL|Pixtral,1
mmmu,GIP,test_Materials_222,MiC,Pixtral,0.0,0.25,Tech & Engineering,Gemma-4|InternVL|Pixtral,3
mmmu,GIP,test_Materials_277,MiC,Gemma-4,0.0,0.25,Tech & Engineering,Gemma-4|InternVL|Pixtral,1
mmmu,GIP,test_Materials_335,MiC,Gemma-4,0.0,0.16666666666666666,Tech & Engineering,Gemma-4|InternVL|Pixtral,1
mmmu,GIP,test_Materials_376,CC,Gemma-4,0.3333333333333333,0.4166666666666667,Tech & Engineering,Gemma-4|InternVL|Pixtral,1
mmmu,GIP,test_Materials_377,MiC,Pixtral,0.0,0.0,Tech & Engineering,Gemma-4|InternVL|Pixtral,3
mmmu,GIP,test_Materials_41,CC,Gemma-4,0.0,0.08333333333333333,Tech & Engineering,Gemma-4|InternVL|Pixtral,1
mmmu,GIP,test_Materials_412,CC,Pixtral,0.0,0.25,Tech & Engineering,Gemma-4|InternVL|Pixtral,3
mmmu,GIP,test_Materials_43,CC,Gemma-4,1.0,0.5833333333333334,Tech & Engineering,Gemma-4|InternVL|Pixtral,1
mmmu,GIP,test_Materials_447,CC,Gemma-4,0.0,0.25,Tech & Engineering,Gemma-4|InternVL|Pixtral,1
mmmu,GIP,test_Materials_453,MiC,Gemma-4,0.0,0.16666666666666666,Tech & Engineering,Gemma-4|InternVL|Pixtral,1
mmmu,GIP,test_Materials_50,MiC,Pixtral,1.0,0.3333333333333333,Tech & Engineering,Gemma-4|InternVL|Pixtral,3
mmmu,GIP,test_Materials_76,MiC,Pixtral,0.0,0.0,Tech & Engineering,Gemma-4|InternVL|Pixtral,3
mmmu,GIP,test_Materials_99,CC,Gemma-4,0.0,0.4166666666666667,Tech & Engineering,Gemma-4|InternVL|Pixtral,1
mmmu,GIP,test_Math_10,MiC,Gemma-4,0.0,0.9166666666666667,Science,Gemma-4|InternVL|Pixtral,1
mmmu,GIP,test_Math_110,MiC,Gemma-4,1.0,0.9166666666666667,Science,Gemma-4|InternVL|Pixtral,1
mmmu,GIP,test_Math_116,CC,Pixtral,1.0,0.3333333333333333,Science,Gemma-4|InternVL|Pixtral,3
mmmu,GIP,test_Math_145,MiC,InternVL,0.0,0.25,Science,Gemma-4|InternVL|Pixtral,2
mmmu,GIP,test_Math_169,CC,Gemma-4,0.3333333333333333,0.5,Science,Gemma-4|InternVL|Pixtral,1
mmmu,GIP,test_Math_201,MiC,Gemma-4,1.0,0.5,Science,Gemma-4|InternVL|Pixtral,1
mmmu,GIP,test_Math_285,CC,Gemma-4,0.3333333333333333,1.0,Science,Gemma-4|InternVL|Pixtral,1
mmmu,GIP,test_Math_400,CC,Gemma-4,1.0,0.5,Science,Gemma-4|InternVL|Pixtral,1
mmmu,GIP,test_Math_47,CC,InternVL,1.0,0.08333333333333333,Science,Gemma-4|InternVL|Pixtral,2
mmmu,GIP,test_Math_499,MiC,Gemma-4,0.0,1.0,Science,Gemma-4|InternVL|Pixtral,1
mmmu,GIP,test_Math_50,MiC,Gemma-4,1.0,0.8333333333333334,Science,Gemma-4|InternVL|Pixtral,1
mmmu,GIP,test_Math_51,CC,Gemma-4,0.3333333333333333,0.16666666666666666,Science,Gemma-4|InternVL|Pixtral,1
mmmu,GIP,test_Mechanical_Engineering_116,CC,InternVL,1.0,0.3333333333333333,Tech & Engineering,Gemma-4|InternVL|Pixtral,2
mmmu,GIP,test_Mechanical_Engineering_133,MiC,Gemma-4,1.0,0.25,Tech & Engineering,Gemma-4|InternVL|Pixtral,1
mmmu,GIP,test_Mechanical_Engineering_208,CC,Gemma-4,1.0,0.5,Tech & Engineering,Gemma-4|InternVL|Pixtral,1
mmmu,GIP,test_Mechanical_Engineering_22,CC,Gemma-4,0.0,0.3333333333333333,Tech & Engineering,Gemma-4|InternVL|Pixtral,1
mmmu,GIP,test_Mechanical_Engineering_286,MiC,InternVL,0.0,0.75,Tech & Engineering,Gemma-4|InternVL|Pixtral,2
mmmu,GIP,test_Mechanical_Engineering_309,CC,InternVL,0.0,0.0,Tech & Engineering,Gemma-4|InternVL|Pixtral,2
mmmu,GIP,test_Mechanical_Engineering_325,CC,Pixtral,0.0,0.0,Tech & Engineering,Gemma-4|InternVL|Pixtral,3
mmmu,GIP,test_Mechanical_Engineering_349,MiC,InternVL,0.0,0.5833333333333334,Tech & Engineering,Gemma-4|InternVL|Pixtral,2
mmmu,GIP,test_Mechanical_Engineering_355,CC,InternVL,0.0,0.4166666666666667,Tech & Engineering,Gemma-4|InternVL|Pixtral,2
mmmu,GIP,test_Mechanical_Engineering_37,CC,Gemma-4,0.0,1.0,Tech & Engineering,Gemma-4|InternVL|Pixtral,1
mmmu,GIP,test_Mechanical_Engineering_394,MiC,InternVL,1.0,0.0,Tech & Engineering,Gemma-4|InternVL|Pixtral,2
mmmu,GIP,test_Mechanical_Engineering_423,MiC,Gemma-4,1.0,0.3333333333333333,Tech & Engineering,Gemma-4|InternVL|Pixtral,1
mmmu,GIP,test_Mechanical_Engineering_68,MiC,InternVL,0.0,0.08333333333333333,Tech & Engineering,Gemma-4|InternVL|Pixtral,2
mmmu,GIP,test_Music_111,MiC,Pixtral,0.0,0.5,Art & Design,Gemma-4|InternVL|Pixtral,3
mmmu,GIP,test_Music_143,CC,Gemma-4,0.0,0.0,Art & Design,Gemma-4|InternVL|Pixtral,1
mmmu,GIP,test_Music_161,MiC,InternVL,0.0,0.3333333333333333,Art & Design,Gemma-4|InternVL|Pixtral,2
mmmu,GIP,test_Music_167,MiC,Gemma-4,1.0,0.9166666666666667,Art & Design,Gemma-4|InternVL|Pixtral,1
mmmu,GIP,test_Music_172,MiC,Pixtral,0.0,0.5,Art & Design,Gemma-4|InternVL|Pixtral,3
mmmu,GIP,test_Music_21,MiC,Gemma-4,1.0,0.08333333333333333,Art & Design,Gemma-4|InternVL|Pixtral,1
mmmu,GIP,test_Music_244,MiC,Gemma-4,0.0,0.3333333333333333,Art & Design,Gemma-4|InternVL|Pixtral,1
mmmu,GIP,test_Music_245,MiC,Pixtral,0.0,0.0,Art & Design,Gemma-4|InternVL|Pixtral,3
mmmu,GIP,test_Music_270,MiC,Gemma-4,0.0,0.08333333333333333,Art & Design,Gemma-4|InternVL|Pixtral,1
mmmu,GIP,test_Music_274,CC,Pixtral,1.0,0.5,Art & Design,Gemma-4|InternVL|Pixtral,3
mmmu,GIP,test_Music_310,CC,InternVL,0.0,0.6666666666666666,Art & Design,Gemma-4|InternVL|Pixtral,2
mmmu,GIP,test_Music_60,CC,InternVL,1.0,0.0,Art & Design,Gemma-4|InternVL|Pixtral,2
mmmu,GIP,test_Music_85,MiC,InternVL,0.0,0.6666666666666666,Art & Design,Gemma-4|InternVL|Pixtral,2
mmmu,GIP,test_Pharmacy_101,MiC,Gemma-4,1.0,1.0,Health & Medicine,Gemma-4|InternVL|Pixtral,1
mmmu,GIP,test_Pharmacy_175,MiC,Gemma-4,1.0,0.5,Health & Medicine,Gemma-4|InternVL|Pixtral,1
mmmu,GIP,test_Pharmacy_193,CC,Pixtral,1.0,0.3333333333333333,Health & Medicine,Gemma-4|InternVL|Pixtral,3
mmmu,GIP,test_Pharmacy_258,MiC,Gemma-4,0.0,0.5,Health & Medicine,Gemma-4|InternVL|Pixtral,1
mmmu,GIP,test_Pharmacy_272,MiC,Gemma-4,0.0,0.9166666666666667,Health & Medicine,Gemma-4|InternVL|Pixtral,1
mmmu,GIP,test_Pharmacy_350,MiC,Pixtral,0.0,0.0,Health & Medicine,Gemma-4|InternVL|Pixtral,3
mmmu,GIP,test_Pharmacy_361,CC,Gemma-4,0.3333333333333333,1.0,Health & Medicine,Gemma-4|InternVL|Pixtral,1
mmmu,GIP,test_Pharmacy_387,CC,Gemma-4,0.0,0.16666666666666666,Health & Medicine,Gemma-4|InternVL|Pixtral,1
mmmu,GIP,test_Pharmacy_417,MiC,InternVL,0.0,0.5,Health & Medicine,Gemma-4|InternVL|Pixtral,2
mmmu,GIP,test_Pharmacy_77,MiC,InternVL,0.0,0.0,Health & Medicine,Gemma-4|InternVL|Pixtral,2
mmmu,GIP,test_Physics_113,CC,Gemma-4,1.0,0.5,Science,Gemma-4|InternVL|Pixtral,1
mmmu,GIP,test_Physics_121,CC,Gemma-4,1.0,0.5,Science,Gemma-4|InternVL|Pixtral,1
mmmu,GIP,test_Physics_126,MiC,Gemma-4,1.0,0.5,Science,Gemma-4|InternVL|Pixtral,1
mmmu,GIP,test_Physics_167,MiC,Pixtral,1.0,0.08333333333333333,Science,Gemma-4|InternVL|Pixtral,3
mmmu,GIP,test_Physics_169,CC,InternVL,1.0,0.25,Science,Gemma-4|InternVL|Pixtral,2
mmmu,GIP,test_Physics_211,MiC,Gemma-4,1.0,0.8333333333333334,Science,Gemma-4|InternVL|Pixtral,1
mmmu,GIP,test_Physics_245,MiC,Gemma-4,0.0,1.0,Science,Gemma-4|InternVL|Pixtral,1
mmmu,GIP,test_Physics_271,CC,Gemma-4,1.0,0.08333333333333333,Science,Gemma-4|InternVL|Pixtral,1
mmmu,GIP,test_Physics_326,CC,Gemma-4,1.0,0.5,Science,Gemma-4|InternVL|Pixtral,1
mmmu,GIP,test_Physics_389,MiC,Gemma-4,1.0,0.5,Science,Gemma-4|InternVL|Pixtral,1
mmmu,GIP,test_Physics_394,CC,InternVL,1.0,0.6666666666666666,Science,Gemma-4|InternVL|Pixtral,2
mmmu,GIP,test_Physics_403,CC,Gemma-4,1.0,0.9166666666666667,Science,Gemma-4|InternVL|Pixtral,1
mmmu,GIP,test_Physics_47,CC,Gemma-4,1.0,0.4166666666666667,Science,Gemma-4|InternVL|Pixtral,1
mmmu,GIP,test_Physics_87,CC,Gemma-4,0.0,0.75,Science,Gemma-4|InternVL|Pixtral,1
mmmu,GIP,test_Psychology_112,CC,Gemma-4,0.0,0.3333333333333333,Humanities & Social Science,Gemma-4|InternVL|Pixtral,1
mmmu,GIP,test_Psychology_135,MiC,Gemma-4,0.0,0.5,Humanities & Social Science,Gemma-4|InternVL|Pixtral,1
mmmu,GIP,test_Psychology_138,CC,Gemma-4,1.0,0.5,Humanities & Social Science,Gemma-4|InternVL|Pixtral,1
mmmu,GIP,test_Psychology_14,MiC,InternVL,1.0,0.5,Humanities & Social Science,Gemma-4|InternVL|Pixtral,2
mmmu,GIP,test_Psychology_282,CC,Gemma-4,1.0,0.5833333333333334,Humanities & Social Science,Gemma-4|InternVL|Pixtral,1
mmmu,GIP,test_Psychology_288,MiC,Pixtral,0.0,0.5,Humanities & Social Science,Gemma-4|InternVL|Pixtral,3
mmmu,GIP,test_Public_Health_161,CC,Gemma-4,1.0,0.5,Health & Medicine,Gemma-4|InternVL|Pixtral,1
mmmu,GIP,test_Public_Health_278,CC,InternVL,1.0,0.3333333333333333,Health & Medicine,Gemma-4|InternVL|Pixtral,2
mmmu,GIP,test_Public_Health_40,CC,InternVL,0.0,0.9166666666666667,Health & Medicine,Gemma-4|InternVL|Pixtral,2
mmmu,GIP,test_Public_Health_405,MiC,Gemma-4,0.0,0.5,Health & Medicine,Gemma-4|InternVL|Pixtral,1
mmmu,GIP,test_Sociology_109,MiC,InternVL,1.0,0.0,Humanities & Social Science,Gemma-4|InternVL|Pixtral,2
mmmu,GIP,test_Sociology_147,MiC,InternVL,0.0,0.5,Humanities & Social Science,Gemma-4|InternVL|Pixtral,2
mmmu,GIP,test_Sociology_162,MiC,InternVL,0.0,0.0,Humanities & Social Science,Gemma-4|InternVL|Pixtral,2
mmmu,GIP,test_Sociology_186,MiC,Gemma-4,1.0,0.9166666666666667,Humanities & Social Science,Gemma-4|InternVL|Pixtral,1
mmmu,GIP,test_Sociology_217,CC,Pixtral,1.0,0.9166666666666667,Humanities & Social Science,Gemma-4|InternVL|Pixtral,3
mmmu,GIP,test_Sociology_58,MiC,Pixtral,0.0,0.5,Humanities & Social Science,Gemma-4|InternVL|Pixtral,3
mmmu,GIP,test_Sociology_75,CC,Gemma-4,0.0,0.3333333333333333,Humanities & Social Science,Gemma-4|InternVL|Pixtral,1
mmmu,GIP,test_Sociology_90,MiC,Pixtral,1.0,0.5,Humanities & Social Science,Gemma-4|InternVL|Pixtral,3
mmmu,GIP,validation_Accounting_21,CC,Gemma-4,1.0,0.5,Business,Gemma-4|InternVL|Pixtral,1
mmmu,GIP,validation_Accounting_5,MiC,Pixtral,0.0,0.0,Business,Gemma-4|InternVL|Pixtral,3
mmmu,GIP,validation_Architecture_and_Engineering_3,MiC,InternVL,0.0,0.0,Tech & Engineering,Gemma-4|InternVL|Pixtral,2
mmmu,GIP,validation_Art_20,MiC,Gemma-4,1.0,0.5,Art & Design,Gemma-4|InternVL|Pixtral,1
mmmu,GIP,validation_Art_26,CC,Pixtral,0.0,0.75,Art & Design,Gemma-4|InternVL|Pixtral,3
mmmu,GIP,validation_Basic_Medical_Science_23,CC,InternVL,0.0,0.0,Health & Medicine,Gemma-4|InternVL|Pixtral,2
mmmu,GIP,validation_Biology_14,CC,Pixtral,0.0,0.5,Science,Gemma-4|InternVL|Pixtral,3
mmmu,GIP,validation_Biology_22,MiC,Gemma-4,0.0,0.08333333333333333,Science,Gemma-4|InternVL|Pixtral,1
mmmu,GIP,validation_Chemistry_6,MiC,Gemma-4,1.0,0.0,Science,Gemma-4|InternVL|Pixtral,1
mmmu,GIP,validation_Design_12,MiC,InternVL,0.0,0.25,Art & Design,Gemma-4|InternVL|Pixtral,2
mmmu,GIP,validation_Design_25,MiC,InternVL,0.0,1.0,Art & Design,Gemma-4|InternVL|Pixtral,2
mmmu,GIP,validation_Diagnostics_and_Laboratory_Medicine_12,CC,InternVL,0.0,0.5,Health & Medicine,Gemma-4|InternVL|Pixtral,2
mmmu,GIP,validation_Diagnostics_and_Laboratory_Medicine_15,CC,InternVL,0.0,0.4166666666666667,Health & Medicine,Gemma-4|InternVL|Pixtral,2
mmmu,GIP,validation_Diagnostics_and_Laboratory_Medicine_28,CC,Gemma-4,0.3333333333333333,0.4166666666666667,Health & Medicine,Gemma-4|InternVL|Pixtral,1
mmmu,GIP,validation_Electronics_17,CC,InternVL,1.0,0.25,Tech & Engineering,Gemma-4|InternVL|Pixtral,2
mmmu,GIP,validation_Electronics_7,CC,Pixtral,0.0,0.4166666666666667,Tech & Engineering,Gemma-4|InternVL|Pixtral,3
mmmu,GIP,validation_Energy_and_Power_26,MiC,InternVL,0.0,0.8333333333333333,Tech & Engineering,Gemma-4|InternVL|Pixtral,2
mmmu,GIP,validation_Finance_9,CC,Gemma-4,0.0,0.4166666666666667,Business,Gemma-4|InternVL|Pixtral,1
mmmu,GIP,validation_Marketing_5,MiC,Gemma-4,0.0,0.5,Business,Gemma-4|InternVL|Pixtral,1
mmmu,GIP,validation_Materials_29,CC,InternVL,1.0,0.5,Tech & Engineering,Gemma-4|InternVL|Pixtral,2
mmmu,GIP,validation_Materials_5,MiC,Gemma-4,0.0,1.0,Tech & Engineering,Gemma-4|InternVL|Pixtral,1
mmmu,GIP,validation_Math_7,MiC,Pixtral,0.0,0.0,Science,Gemma-4|InternVL|Pixtral,3
mmmu,GIP,validation_Mechanical_Engineering_27,CC,InternVL,1.0,0.5,Tech & Engineering,Gemma-4|InternVL|Pixtral,2
mmmu,GIP,validation_Music_25,MiC,Pixtral,0.0,0.0,Art & Design,Gemma-4|InternVL|Pixtral,3
mmmu,GIP,validation_Music_5,MiC,Gemma-4,1.0,0.5,Art & Design,Gemma-4|InternVL|Pixtral,1
mmmu,GIP,validation_Pharmacy_28,MiC,InternVL,0.0,0.5,Health & Medicine,Gemma-4|InternVL|Pixtral,2
mmmu,GIP,validation_Psychology_6,CC,InternVL,0.0,0.0,Humanities & Social Science,Gemma-4|InternVL|Pixtral,2
mmmu,GIP,validation_Sociology_20,CC,Pixtral,1.0,1.0,Humanities & Social Science,Gemma-4|InternVL|Pixtral,3
mmmu,GIQ,dev_Diagnostics_and_Laboratory_Medicine_3,MiC,Qwen3.5,0.0,0.5,Health & Medicine,Gemma-4|InternVL|Qwen3.5,2
mmmu,GIQ,dev_Geography_3,CC,Gemma-4,0.0,0.0,Science,Gemma-4|InternVL|Qwen3.5,1
mmmu,GIQ,test_Accounting_212,CC,InternVL,0.0,0.0,Business,Gemma-4|InternVL|Qwen3.5,3
mmmu,GIQ,test_Accounting_238,CC,Gemma-4,1.0,0.6666666666666666,Business,Gemma-4|InternVL|Qwen3.5,1
mmmu,GIQ,test_Accounting_285,CC,Gemma-4,1.0,0.6666666666666666,Business,Gemma-4|InternVL|Qwen3.5,1
mmmu,GIQ,test_Accounting_364,CC,Gemma-4,1.0,0.4166666666666667,Business,Gemma-4|InternVL|Qwen3.5,1
mmmu,GIQ,test_Accounting_376,MiC,Qwen3.5,1.0,0.3333333333333333,Business,Gemma-4|InternVL|Qwen3.5,2
mmmu,GIQ,test_Accounting_84,CC,Qwen3.5,1.0,0.0,Business,Gemma-4|InternVL|Qwen3.5,2
mmmu,GIQ,test_Agriculture_107,CC,InternVL,0.0,0.0,Tech & Engineering,Gemma-4|InternVL|Qwen3.5,3
mmmu,GIQ,test_Agriculture_125,MiC,Gemma-4,1.0,0.08333333333333333,Tech & Engineering,Gemma-4|InternVL|Qwen3.5,1
mmmu,GIQ,test_Agriculture_170,MiC,Qwen3.5,1.0,0.0,Tech & Engineering,Gemma-4|InternVL|Qwen3.5,2
mmmu,GIQ,test_Agriculture_181,CC,Qwen3.5,1.0,0.0,Tech & Engineering,Gemma-4|InternVL|Qwen3.5,2
mmmu,GIQ,test_Agriculture_198,MiC,Qwen3.5,1.0,0.0,Tech & Engineering,Gemma-4|InternVL|Qwen3.5,2
mmmu,GIQ,test_Agriculture_212,MiC,Qwen3.5,0.0,0.75,Tech & Engineering,Gemma-4|InternVL|Qwen3.5,2
mmmu,GIQ,test_Agriculture_22,CC,Gemma-4,1.0,0.0,Tech & Engineering,Gemma-4|InternVL|Qwen3.5,1
mmmu,GIQ,test_Agriculture_268,CC,Gemma-4,0.0,0.5,Tech & Engineering,Gemma-4|InternVL|Qwen3.5,1
mmmu,GIQ,test_Agriculture_30,MiC,Qwen3.5,0.0,0.0,Tech & Engineering,Gemma-4|InternVL|Qwen3.5,2
mmmu,GIQ,test_Agriculture_87,CC,InternVL,1.0,0.9166666666666667,Tech & Engineering,Gemma-4|InternVL|Qwen3.5,3
mmmu,GIQ,test_Agriculture_9,CC,Qwen3.5,0.0,0.5,Tech & Engineering,Gemma-4|InternVL|Qwen3.5,2
mmmu,GIQ,test_Architecture_and_Engineering_115,CC,Gemma-4,0.0,0.0,Tech & Engineering,Gemma-4|InternVL|Qwen3.5,1
mmmu,GIQ,test_Architecture_and_Engineering_125,CC,Qwen3.5,0.0,0.08333333333333333,Tech & Engineering,Gemma-4|InternVL|Qwen3.5,2
mmmu,GIQ,test_Architecture_and_Engineering_284,MiC,Gemma-4,0.0,0.0,Tech & Engineering,Gemma-4|InternVL|Qwen3.5,1
mmmu,GIQ,test_Architecture_and_Engineering_290,MiC,Qwen3.5,1.0,0.08333333333333333,Tech & Engineering,Gemma-4|InternVL|Qwen3.5,2
mmmu,GIQ,test_Architecture_and_Engineering_457,CC,Gemma-4,1.0,0.0,Tech & Engineering,Gemma-4|InternVL|Qwen3.5,1
mmmu,GIQ,test_Architecture_and_Engineering_48,CC,Qwen3.5,1.0,0.6666666666666666,Tech & Engineering,Gemma-4|InternVL|Qwen3.5,2
mmmu,GIQ,test_Architecture_and_Engineering_533,CC,Qwen3.5,0.3333333333333333,0.5,Tech & Engineering,Gemma-4|InternVL|Qwen3.5,2
mmmu,GIQ,test_Architecture_and_Engineering_546,CC,InternVL,0.0,0.08333333333333333,Tech & Engineering,Gemma-4|InternVL|Qwen3.5,3
mmmu,GIQ,test_Art_118,MiC,Gemma-4,1.0,1.0,Art & Design,Gemma-4|InternVL|Qwen3.5,1
mmmu,GIQ,test_Art_12,CC,InternVL,0.0,0.0,Art & Design,Gemma-4|InternVL|Qwen3.5,3
mmmu,GIQ,test_Art_166,CC,Qwen3.5,1.0,0.08333333333333333,Art & Design,Gemma-4|InternVL|Qwen3.5,2
mmmu,GIQ,test_Art_176,CC,Qwen3.5,1.0,0.8333333333333333,Art & Design,Gemma-4|InternVL|Qwen3.5,2
mmmu,GIQ,test_Art_181,MiC,Qwen3.5,1.0,0.5833333333333333,Art & Design,Gemma-4|InternVL|Qwen3.5,2
mmmu,GIQ,test_Art_48,MiC,InternVL,0.0,1.0,Art & Design,Gemma-4|InternVL|Qwen3.5,3
mmmu,GIQ,test_Art_Theory_109,MiC,Qwen3.5,1.0,0.08333333333333333,Art & Design,Gemma-4|InternVL|Qwen3.5,2
mmmu,GIQ,test_Art_Theory_229,MiC,InternVL,0.0,0.0,Art & Design,Gemma-4|InternVL|Qwen3.5,3
mmmu,GIQ,test_Art_Theory_427,MiC,Gemma-4,0.0,0.5833333333333334,Art & Design,Gemma-4|InternVL|Qwen3.5,1
mmmu,GIQ,test_Basic_Medical_Science_206,MiC,Qwen3.5,1.0,0.5,Health & Medicine,Gemma-4|InternVL|Qwen3.5,2
mmmu,GIQ,test_Basic_Medical_Science_216,MiC,Gemma-4,1.0,0.3333333333333333,Health & Medicine,Gemma-4|InternVL|Qwen3.5,1
mmmu,GIQ,test_Basic_Medical_Science_222,MiC,Gemma-4,1.0,0.25,Health & Medicine,Gemma-4|InternVL|Qwen3.5,1
mmmu,GIQ,test_Basic_Medical_Science_278,CC,Gemma-4,1.0,0.25,Health & Medicine,Gemma-4|InternVL|Qwen3.5,1
mmmu,GIQ,test_Basic_Medical_Science_80,MiC,Gemma-4,0.0,1.0,Health & Medicine,Gemma-4|InternVL|Qwen3.5,1
mmmu,GIQ,test_Biology_110,CC,Gemma-4,1.0,0.0,Science,Gemma-4|InternVL|Qwen3.5,1
mmmu,GIQ,test_Biology_113,MiC,InternVL,0.0,1.0,Science,Gemma-4|InternVL|Qwen3.5,3
mmmu,GIQ,test_Biology_119,CC,Qwen3.5,0.0,0.5,Science,Gemma-4|InternVL|Qwen3.5,2
mmmu,GIQ,test_Biology_12,CC,Gemma-4,1.0,0.0,Science,Gemma-4|InternVL|Qwen3.5,1
mmmu,GIQ,test_Biology_154,CC,Qwen3.5,1.0,0.0,Science,Gemma-4|InternVL|Qwen3.5,2
mmmu,GIQ,test_Biology_17,MiC,Gemma-4,0.0,0.25,Science,Gemma-4|InternVL|Qwen3.5,1
mmmu,GIQ,test_Biology_287,CC,Gemma-4,0.0,0.08333333333333333,Science,Gemma-4|InternVL|Qwen3.5,1
mmmu,GIQ,test_Biology_330,MiC,Gemma-4,0.0,0.5,Science,Gemma-4|InternVL|Qwen3.5,1
mmmu,GIQ,test_Biology_73,MiC,Qwen3.5,1.0,0.0,Science,Gemma-4|InternVL|Qwen3.5,2
mmmu,GIQ,test_Chemistry_100,MiC,Qwen3.5,1.0,0.08333333333333333,Science,Gemma-4|InternVL|Qwen3.5,2
mmmu,GIQ,test_Chemistry_21,CC,Qwen3.5,1.0,0.0,Science,Gemma-4|InternVL|Qwen3.5,2
mmmu,GIQ,test_Chemistry_309,CC,Gemma-4,1.0,0.08333333333333333,Science,Gemma-4|InternVL|Qwen3.5,1
mmmu,GIQ,test_Chemistry_401,MiC,InternVL,0.0,0.5833333333333334,Science,Gemma-4|InternVL|Qwen3.5,3
mmmu,GIQ,test_Chemistry_502,MiC,Qwen3.5,1.0,0.3333333333333333,Science,Gemma-4|InternVL|Qwen3.5,2
mmmu,GIQ,test_Chemistry_586,MiC,Gemma-4,0.0,0.0,Science,Gemma-4|InternVL|Qwen3.5,1
mmmu,GIQ,test_Chemistry_66,CC,Gemma-4,1.0,0.4166666666666667,Science,Gemma-4|InternVL|Qwen3.5,1
mmmu,GIQ,test_Clinical_Medicine_12,CC,Gemma-4,1.0,0.3333333333333333,Health & Medicine,Gemma-4|InternVL|Qwen3.5,1
mmmu,GIQ,test_Clinical_Medicine_197,CC,Qwen3.5,0.3333333333333333,0.4166666666666667,Health & Medicine,Gemma-4|InternVL|Qwen3.5,2
mmmu,GIQ,test_Clinical_Medicine_198,MiC,Gemma-4,0.0,0.0,Health & Medicine,Gemma-4|InternVL|Qwen3.5,1
mmmu,GIQ,test_Clinical_Medicine_229,MiC,Gemma-4,0.0,0.5,Health & Medicine,Gemma-4|InternVL|Qwen3.5,1
mmmu,GIQ,test_Clinical_Medicine_242,CC,Gemma-4,1.0,0.5,Health & Medicine,Gemma-4|InternVL|Qwen3.5,1
mmmu,GIQ,test_Clinical_Medicine_40,MiC,Gemma-4,0.0,0.0,Health & Medicine,Gemma-4|InternVL|Qwen3.5,1
mmmu,GIQ,test_Clinical_Medicine_85,CC,Qwen3.5,1.0,0.4166666666666667,Health & Medicine,Gemma-4|InternVL|Qwen3.5,2
mmmu,GIQ,test_Computer_Science_229,MiC,InternVL,0.0,1.0,Tech & Engineering,Gemma-4|InternVL|Qwen3.5,3
mmmu,GIQ,test_Computer_Science_321,MiC,InternVL,0.0,0.0,Tech & Engineering,Gemma-4|InternVL|Qwen3.5,3
mmmu,GIQ,test_Computer_Science_323,MiC,Qwen3.5,0.0,0.0,Tech & Engineering,Gemma-4|InternVL|Qwen3.5,2
mmmu,GIQ,test_Computer_Science_341,MiC,Gemma-4,0.0,1.0,Tech & Engineering,Gemma-4|InternVL|Qwen3.5,1
mmmu,GIQ,test_Computer_Science_44,MiC,Qwen3.5,0.0,1.0,Tech & Engineering,Gemma-4|InternVL|Qwen3.5,2
mmmu,GIQ,test_Computer_Science_60,CC,Gemma-4,1.0,0.5833333333333334,Tech & Engineering,Gemma-4|InternVL|Qwen3.5,1
mmmu,GIQ,test_Design_104,MiC,Gemma-4,1.0,1.0,Art & Design,Gemma-4|InternVL|Qwen3.5,1
mmmu,GIQ,test_Design_44,CC,Qwen3.5,1.0,0.0,Art & Design,Gemma-4|InternVL|Qwen3.5,2
mmmu,GIQ,test_Design_52,MiC,Qwen3.5,1.0,0.5,Art & Design,Gemma-4|InternVL|Qwen3.5,2
mmmu,GIQ,test_Design_59,CC,InternVL,0.0,0.08333333333333333,Art & Design,Gemma-4|InternVL|Qwen3.5,3
mmmu,GIQ,test_Diagnostics_and_Laboratory_Medicine_106,MiC,Gemma-4,0.0,0.8333333333333333,Health & Medicine,Gemma-4|InternVL|Qwen3.5,1
mmmu,GIQ,test_Diagnostics_and_Laboratory_Medicine_121,CC,InternVL,0.0,0.5833333333333334,Health & Medicine,Gemma-4|InternVL|Qwen3.5,3
mmmu,GIQ,test_Diagnostics_and_Laboratory_Medicine_124,MiC,Gemma-4,0.0,0.0,Health & Medicine,Gemma-4|InternVL|Qwen3.5,1
mmmu,GIQ,test_Diagnostics_and_Laboratory_Medicine_14,CC,InternVL,0.0,0.5,Health & Medicine,Gemma-4|InternVL|Qwen3.5,3
mmmu,GIQ,test_Diagnostics_and_Laboratory_Medicine_143,CC,InternVL,0.0,0.0,Health & Medicine,Gemma-4|InternVL|Qwen3.5,3
mmmu,GIQ,test_Diagnostics_and_Laboratory_Medicine_144,CC,Gemma-4,1.0,0.16666666666666666,Health & Medicine,Gemma-4|InternVL|Qwen3.5,1
mmmu,GIQ,test_Diagnostics_and_Laboratory_Medicine_159,CC,Qwen3.5,0.0,0.5,Health & Medicine,Gemma-4|InternVL|Qwen3.5,2
mmmu,GIQ,test_Diagnostics_and_Laboratory_Medicine_42,MiC,Qwen3.5,0.0,0.5,Health & Medicine,Gemma-4|InternVL|Qwen3.5,2
mmmu,GIQ,test_Diagnostics_and_Laboratory_Medicine_81,MiC,InternVL,1.0,0.0,Health & Medicine,Gemma-4|InternVL|Qwen3.5,3
mmmu,GIQ,test_Diagnostics_and_Laboratory_Medicine_92,MiC,Gemma-4,0.0,0.0,Health & Medicine,Gemma-4|InternVL|Qwen3.5,1
mmmu,GIQ,test_Diagnostics_and_Laboratory_Medicine_98,CC,Gemma-4,1.0,0.9166666666666667,Health & Medicine,Gemma-4|InternVL|Qwen3.5,1
mmmu,GIQ,test_Economics_185,MiC,InternVL,0.0,0.25,Business,Gemma-4|InternVL|Qwen3.5,3
mmmu,GIQ,test_Economics_201,CC,Gemma-4,1.0,0.5,Business,Gemma-4|InternVL|Qwen3.5,1
mmmu,GIQ,test_Economics_248,MiC,InternVL,0.0,1.0,Business,Gemma-4|InternVL|Qwen3.5,3
mmmu,GIQ,test_Economics_51,MiC,InternVL,0.0,0.0,Business,Gemma-4|InternVL|Qwen3.5,3
mmmu,GIQ,test_Electronics_116,CC,Gemma-4,1.0,0.3333333333333333,Tech & Engineering,Gemma-4|InternVL|Qwen3.5,1
mmmu,GIQ,test_Electronics_169,MiC,Qwen3.5,1.0,0.08333333333333333,Tech & Engineering,Gemma-4|InternVL|Qwen3.5,2
mmmu,GIQ,test_Electronics_182,MiC,Qwen3.5,0.0,0.0,Tech & Engineering,Gemma-4|InternVL|Qwen3.5,2
mmmu,GIQ,test_Electronics_205,CC,Gemma-4,1.0,0.9166666666666667,Tech & Engineering,Gemma-4|InternVL|Qwen3.5,1
mmmu,GIQ,test_Electronics_22,CC,InternVL,1.0,0.75,Tech & Engineering,Gemma-4|InternVL|Qwen3.5,3
mmmu,GIQ,test_Electronics_223,MiC,InternVL,1.0,1.0,Tech & Engineering,Gemma-4|InternVL|Qwen3.5,3
mmmu,GIQ,test_Electronics_235,CC,Gemma-4,1.0,0.0,Tech & Engineering,Gemma-4|InternVL|Qwen3.5,1
mmmu,GIQ,test_Electronics_248,MiC,Gemma-4,1.0,0.25,Tech & Engineering,Gemma-4|InternVL|Qwen3.5,1
mmmu,GIQ,test_Electronics_30,MiC,Qwen3.5,1.0,0.0,Tech & Engineering,Gemma-4|InternVL|Qwen3.5,2
mmmu,GIQ,test_Electronics_49,CC,InternVL,1.0,0.75,Tech & Engineering,Gemma-4|InternVL|Qwen3.5,3
mmmu,GIQ,test_Electronics_6,MiC,InternVL,0.0,0.0,Tech & Engineering,Gemma-4|InternVL|Qwen3.5,3
mmmu,GIQ,test_Electronics_97,MiC,Qwen3.5,1.0,0.5,Tech & Engineering,Gemma-4|InternVL|Qwen3.5,2
mmmu,GIQ,test_Energy_and_Power_24,CC,InternVL,1.0,0.41666666666666663,Tech & Engineering,Gemma-4|InternVL|Qwen3.5,3
mmmu,GIQ,test_Energy_and_Power_246,MiC,Qwen3.5,0.0,0.5,Tech & Engineering,Gemma-4|InternVL|Qwen3.5,2
mmmu,GIQ,test_Energy_and_Power_293,CC,Gemma-4,1.0,0.16666666666666666,Tech & Engineering,Gemma-4|InternVL|Qwen3.5,1
mmmu,GIQ,test_Energy_and_Power_352,MiC,InternVL,1.0,0.6666666666666666,Tech & Engineering,Gemma-4|InternVL|Qwen3.5,3
mmmu,GIQ,test_Energy_and_Power_362,MiC,Qwen3.5,1.0,0.0,Tech & Engineering,Gemma-4|InternVL|Qwen3.5,2
mmmu,GIQ,test_Energy_and_Power_378,CC,Gemma-4,1.0,0.6666666666666666,Tech & Engineering,Gemma-4|InternVL|Qwen3.5,1
mmmu,GIQ,test_Energy_and_Power_389,CC,Qwen3.5,1.0,0.25,Tech & Engineering,Gemma-4|InternVL|Qwen3.5,2
mmmu,GIQ,test_Energy_and_Power_397,MiC,Qwen3.5,0.0,0.16666666666666666,Tech & Engineering,Gemma-4|InternVL|Qwen3.5,2
mmmu,GIQ,test_Energy_and_Power_427,MiC,InternVL,1.0,0.16666666666666666,Tech & Engineering,Gemma-4|InternVL|Qwen3.5,3
mmmu,GIQ,test_Energy_and_Power_43,MiC,InternVL,0.0,0.5,Tech & Engineering,Gemma-4|InternVL|Qwen3.5,3
mmmu,GIQ,test_Energy_and_Power_47,CC,Gemma-4,1.0,0.08333333333333333,Tech & Engineering,Gemma-4|InternVL|Qwen3.5,1
mmmu,GIQ,test_Finance_114,CC,Gemma-4,1.0,1.0,Business,Gemma-4|InternVL|Qwen3.5,1
mmmu,GIQ,test_Finance_154,MiC,Qwen3.5,0.0,0.5,Business,Gemma-4|InternVL|Qwen3.5,2
mmmu,GIQ,test_Finance_177,MiC,Qwen3.5,1.0,0.0,Business,Gemma-4|InternVL|Qwen3.5,2
mmmu,GIQ,test_Finance_253,CC,Gemma-4,1.0,1.0,Business,Gemma-4|InternVL|Qwen3.5,1
mmmu,GIQ,test_Finance_315,CC,Gemma-4,1.0,0.25,Business,Gemma-4|InternVL|Qwen3.5,1
mmmu,GIQ,test_Finance_89,CC,Qwen3.5,1.0,0.08333333333333333,Business,Gemma-4|InternVL|Qwen3.5,2
mmmu,GIQ,test_Geography_201,CC,Qwen3.5,1.0,0.08333333333333333,Science,Gemma-4|InternVL|Qwen3.5,2
mmmu,GIQ,test_Geography_285,CC,Gemma-4,0.0,0.0,Science,Gemma-4|InternVL|Qwen3.5,1
mmmu,GIQ,test_Geography_297,CC,Qwen3.5,1.0,0.0,Science,Gemma-4|InternVL|Qwen3.5,2
mmmu,GIQ,test_Geography_442,MiC,Gemma-4,0.0,0.0,Science,Gemma-4|InternVL|Qwen3.5,1
mmmu,GIQ,test_Geography_444,MiC,InternVL,0.0,0.5,Science,Gemma-4|InternVL|Qwen3.5,3
mmmu,GIQ,test_Geography_58,MiC,Qwen3.5,1.0,0.0,Science,Gemma-4|InternVL|Qwen3.5,2
mmmu,GIQ,test_History_62,MiC,Qwen3.5,1.0,0.5833333333333334,Humanities & Social Science,Gemma-4|InternVL|Qwen3.5,2
mmmu,GIQ,test_Literature_68,MiC,Qwen3.5,1.0,0.5,Humanities & Social Science,Gemma-4|InternVL|Qwen3.5,2
mmmu,GIQ,test_Literature_85,MiC,InternVL,0.0,0.5,Humanities & Social Science,Gemma-4|InternVL|Qwen3.5,3
mmmu,GIQ,test_Manage_120,MiC,InternVL,0.0,0.0,Business,Gemma-4|InternVL|Qwen3.5,3
mmmu,GIQ,test_Manage_168,MiC,Gemma-4,0.0,0.25,Business,Gemma-4|InternVL|Qwen3.5,1
mmmu,GIQ,test_Manage_172,MiC,Gemma-4,0.0,0.5,Business,Gemma-4|InternVL|Qwen3.5,1
mmmu,GIQ,test_Manage_3,CC,Gemma-4,1.0,0.0,Business,Gemma-4|InternVL|Qwen3.5,1
mmmu,GIQ,test_Manage_65,CC,Gemma-4,0.3333333333333333,1.0,Business,Gemma-4|InternVL|Qwen3.5,1
mmmu,GIQ,test_Marketing_15,MiC,InternVL,0.0,0.3333333333333333,Business,Gemma-4|InternVL|Qwen3.5,3
mmmu,GIQ,test_Marketing_39,CC,Gemma-4,1.0,0.0,Business,Gemma-4|InternVL|Qwen3.5,1
mmmu,GIQ,test_Marketing_40,MiC,Gemma-4,0.0,0.75,Business,Gemma-4|InternVL|Qwen3.5,1
mmmu,GIQ,test_Materials_235,CC,Gemma-4,0.3333333333333333,0.75,Tech & Engineering,Gemma-4|InternVL|Qwen3.5,1
mmmu,GIQ,test_Materials_275,MiC,Qwen3.5,0.0,0.6666666666666666,Tech & Engineering,Gemma-4|InternVL|Qwen3.5,2
mmmu,GIQ,test_Materials_315,MiC,InternVL,1.0,0.25,Tech & Engineering,Gemma-4|InternVL|Qwen3.5,3
mmmu,GIQ,test_Materials_349,MiC,Gemma-4,1.0,0.25,Tech & Engineering,Gemma-4|InternVL|Qwen3.5,1
mmmu,GIQ,test_Materials_41,CC,Gemma-4,1.0,0.08333333333333333,Tech & Engineering,Gemma-4|InternVL|Qwen3.5,1
mmmu,GIQ,test_Materials_412,CC,Gemma-4,1.0,0.25,Tech & Engineering,Gemma-4|InternVL|Qwen3.5,1
mmmu,GIQ,test_Materials_43,CC,Gemma-4,1.0,0.5,Tech & Engineering,Gemma-4|InternVL|Qwen3.5,1
mmmu,GIQ,test_Materials_431,CC,Qwen3.5,1.0,0.25,Tech & Engineering,Gemma-4|InternVL|Qwen3.5,2
mmmu,GIQ,test_Materials_453,CC,Gemma-4,0.0,0.25,Tech & Engineering,Gemma-4|InternVL|Qwen3.5,1
mmmu,GIQ,test_Materials_50,CC,Qwen3.5,1.0,0.16666666666666666,Tech & Engineering,Gemma-4|InternVL|Qwen3.5,2
mmmu,GIQ,test_Math_108,MiC,Gemma-4,1.0,0.08333333333333333,Science,Gemma-4|InternVL|Qwen3.5,1
mmmu,GIQ,test_Math_145,MiC,Qwen3.5,1.0,0.0,Science,Gemma-4|InternVL|Qwen3.5,2
mmmu,GIQ,test_Math_165,CC,InternVL,1.0,0.08333333333333333,Science,Gemma-4|InternVL|Qwen3.5,3
mmmu,GIQ,test_Math_447,MiC,InternVL,1.0,0.0,Science,Gemma-4|InternVL|Qwen3.5,3
mmmu,GIQ,test_Math_466,CC,Qwen3.5,1.0,0.3333333333333333,Science,Gemma-4|InternVL|Qwen3.5,2
mmmu,GIQ,test_Math_47,MiC,InternVL,1.0,0.08333333333333333,Science,Gemma-4|InternVL|Qwen3.5,3
mmmu,GIQ,test_Mechanical_Engineering_181,CC,InternVL,0.0,0.25,Tech & Engineering,Gemma-4|InternVL|Qwen3.5,3
mmmu,GIQ,test_Mechanical_Engineering_22,CC,Qwen3.5,1.0,0.16666666666666666,Tech & Engineering,Gemma-4|InternVL|Qwen3.5,2
mmmu,GIQ,test_Mechanical_Engineering_272,CC,Gemma-4,0.0,0.5833333333333334,Tech & Engineering,Gemma-4|InternVL|Qwen3.5,1
mmmu,GIQ,test_Mechanical_Engineering_309,CC,InternVL,0.0,0.0,Tech & Engineering,Gemma-4|InternVL|Qwen3.5,3
mmmu,GIQ,test_Mechanical_Engineering_325,CC,InternVL,1.0,0.16666666666666666,Tech & Engineering,Gemma-4|InternVL|Qwen3.5,3
mmmu,GIQ,test_Mechanical_Engineering_344,MiC,Gemma-4,0.0,0.08333333333333333,Tech & Engineering,Gemma-4|InternVL|Qwen3.5,1
mmmu,GIQ,test_Mechanical_Engineering_355,CC,InternVL,0.0,0.4166666666666667,Tech & Engineering,Gemma-4|InternVL|Qwen3.5,3
mmmu,GIQ,test_Mechanical_Engineering_386,CC,Gemma-4,1.0,0.5833333333333333,Tech & Engineering,Gemma-4|InternVL|Qwen3.5,1
mmmu,GIQ,test_Mechanical_Engineering_42,MiC,Gemma-4,0.0,0.75,Tech & Engineering,Gemma-4|InternVL|Qwen3.5,1
mmmu,GIQ,test_Mechanical_Engineering_423,CC,Gemma-4,1.0,0.41666666666666663,Tech & Engineering,Gemma-4|InternVL|Qwen3.5,1
mmmu,GIQ,test_Mechanical_Engineering_424,CC,InternVL,0.0,0.75,Tech & Engineering,Gemma-4|InternVL|Qwen3.5,3
mmmu,GIQ,test_Mechanical_Engineering_43,CC,Gemma-4,0.3333333333333333,0.25,Tech & Engineering,Gemma-4|InternVL|Qwen3.5,1
mmmu,GIQ,test_Mechanical_Engineering_44,MiC,Qwen3.5,1.0,0.0,Tech & Engineering,Gemma-4|InternVL|Qwen3.5,2
mmmu,GIQ,test_Mechanical_Engineering_45,MiC,Qwen3.5,1.0,0.08333333333333333,Tech & Engineering,Gemma-4|InternVL|Qwen3.5,2
mmmu,GIQ,test_Mechanical_Engineering_6,CC,Gemma-4,1.0,0.5,Tech & Engineering,Gemma-4|InternVL|Qwen3.5,1
mmmu,GIQ,test_Mechanical_Engineering_68,CC,InternVL,0.0,0.3333333333333333,Tech & Engineering,Gemma-4|InternVL|Qwen3.5,3
mmmu,GIQ,test_Music_139,MiC,InternVL,0.0,1.0,Art & Design,Gemma-4|InternVL|Qwen3.5,3
mmmu,GIQ,test_Music_15,CC,InternVL,0.0,0.3333333333333333,Art & Design,Gemma-4|InternVL|Qwen3.5,3
mmmu,GIQ,test_Music_167,MiC,Qwen3.5,0.0,0.5,Art & Design,Gemma-4|InternVL|Qwen3.5,2
mmmu,GIQ,test_Music_168,CC,Gemma-4,0.0,0.25,Art & Design,Gemma-4|InternVL|Qwen3.5,1
mmmu,GIQ,test_Music_21,MiC,Gemma-4,0.0,0.25,Art & Design,Gemma-4|InternVL|Qwen3.5,1
mmmu,GIQ,test_Music_266,MiC,Qwen3.5,0.0,0.5,Art & Design,Gemma-4|InternVL|Qwen3.5,2
mmmu,GIQ,test_Music_322,CC,Gemma-4,1.0,0.08333333333333333,Art & Design,Gemma-4|InternVL|Qwen3.5,1
mmmu,GIQ,test_Music_56,MiC,Qwen3.5,1.0,0.0,Art & Design,Gemma-4|InternVL|Qwen3.5,2
mmmu,GIQ,test_Music_85,CC,InternVL,1.0,0.5,Art & Design,Gemma-4|InternVL|Qwen3.5,3
mmmu,GIQ,test_Pharmacy_299,MiC,InternVL,0.0,0.6666666666666666,Health & Medicine,Gemma-4|InternVL|Qwen3.5,3
mmmu,GIQ,test_Pharmacy_410,MiC,Qwen3.5,1.0,0.0,Health & Medicine,Gemma-4|InternVL|Qwen3.5,2
mmmu,GIQ,test_Pharmacy_58,CC,Qwen3.5,0.0,0.75,Health & Medicine,Gemma-4|InternVL|Qwen3.5,2
mmmu,GIQ,test_Pharmacy_77,MiC,InternVL,0.0,0.0,Health & Medicine,Gemma-4|InternVL|Qwen3.5,3
mmmu,GIQ,test_Physics_169,MiC,InternVL,0.0,0.16666666666666666,Science,Gemma-4|InternVL|Qwen3.5,3
mmmu,GIQ,test_Physics_238,CC,Qwen3.5,1.0,0.08333333333333333,Science,Gemma-4|InternVL|Qwen3.5,2
mmmu,GIQ,test_Physics_271,CC,Gemma-4,0.0,0.08333333333333333,Science,Gemma-4|InternVL|Qwen3.5,1
mmmu,GIQ,test_Physics_394,MiC,InternVL,0.0,0.5,Science,Gemma-4|InternVL|Qwen3.5,3
mmmu,GIQ,test_Psychology_105,MiC,Gemma-4,0.0,0.0,Humanities & Social Science,Gemma-4|InternVL|Qwen3.5,1
mmmu,GIQ,test_Psychology_14,MiC,InternVL,0.0,0.5,Humanities & Social Science,Gemma-4|InternVL|Qwen3.5,3
mmmu,GIQ,test_Psychology_287,MiC,InternVL,0.0,0.6666666666666666,Humanities & Social Science,Gemma-4|InternVL|Qwen3.5,3
mmmu,GIQ,test_Psychology_288,MiC,Qwen3.5,1.0,0.5,Humanities & Social Science,Gemma-4|InternVL|Qwen3.5,2
mmmu,GIQ,test_Psychology_298,CC,Gemma-4,1.0,0.4166666666666667,Humanities & Social Science,Gemma-4|InternVL|Qwen3.5,1
mmmu,GIQ,test_Public_Health_174,CC,InternVL,0.0,0.9166666666666667,Health & Medicine,Gemma-4|InternVL|Qwen3.5,3
mmmu,GIQ,test_Public_Health_278,MiC,InternVL,0.0,0.41666666666666663,Health & Medicine,Gemma-4|InternVL|Qwen3.5,3
mmmu,GIQ,test_Public_Health_40,CC,Qwen3.5,1.0,0.5,Health & Medicine,Gemma-4|InternVL|Qwen3.5,2
mmmu,GIQ,test_Public_Health_442,MiC,Qwen3.5,0.0,0.0,Health & Medicine,Gemma-4|InternVL|Qwen3.5,2
mmmu,GIQ,test_Sociology_109,MiC,InternVL,0.0,0.16666666666666666,Humanities & Social Science,Gemma-4|InternVL|Qwen3.5,3
mmmu,GIQ,test_Sociology_147,MiC,InternVL,0.0,0.5,Humanities & Social Science,Gemma-4|InternVL|Qwen3.5,3
mmmu,GIQ,test_Sociology_162,CC,InternVL,0.0,0.0,Humanities & Social Science,Gemma-4|InternVL|Qwen3.5,3
mmmu,GIQ,test_Sociology_166,CC,Qwen3.5,1.0,0.0,Humanities & Social Science,Gemma-4|InternVL|Qwen3.5,2
mmmu,GIQ,test_Sociology_183,MiC,InternVL,0.0,0.8333333333333333,Humanities & Social Science,Gemma-4|InternVL|Qwen3.5,3
mmmu,GIQ,test_Sociology_187,MiC,InternVL,0.0,0.4166666666666667,Humanities & Social Science,Gemma-4|InternVL|Qwen3.5,3
mmmu,GIQ,test_Sociology_206,MiC,InternVL,0.0,1.0,Humanities & Social Science,Gemma-4|InternVL|Qwen3.5,3
mmmu,GIQ,test_Sociology_217,CC,Qwen3.5,0.0,1.0,Humanities & Social Science,Gemma-4|InternVL|Qwen3.5,2
mmmu,GIQ,test_Sociology_50,MiC,Qwen3.5,1.0,0.0,Humanities & Social Science,Gemma-4|InternVL|Qwen3.5,2
mmmu,GIQ,test_Sociology_90,MiC,Qwen3.5,1.0,0.3333333333333333,Humanities & Social Science,Gemma-4|InternVL|Qwen3.5,2
mmmu,GIQ,validation_Agriculture_3,CC,Qwen3.5,0.3333333333333333,0.0,Tech & Engineering,Gemma-4|InternVL|Qwen3.5,2
mmmu,GIQ,validation_Art_20,CC,Qwen3.5,1.0,0.0,Art & Design,Gemma-4|InternVL|Qwen3.5,2
mmmu,GIQ,validation_Basic_Medical_Science_23,MiC,InternVL,0.0,0.0,Health & Medicine,Gemma-4|InternVL|Qwen3.5,3
mmmu,GIQ,validation_Biology_14,CC,Qwen3.5,1.0,0.3333333333333333,Science,Gemma-4|InternVL|Qwen3.5,2
mmmu,GIQ,validation_Chemistry_28,MiC,InternVL,1.0,0.5,Science,Gemma-4|InternVL|Qwen3.5,3
mmmu,GIQ,validation_Chemistry_6,CC,Gemma-4,0.0,0.0,Science,Gemma-4|InternVL|Qwen3.5,1
mmmu,GIQ,validation_Clinical_Medicine_22,MiC,Qwen3.5,1.0,0.5833333333333334,Health & Medicine,Gemma-4|InternVL|Qwen3.5,2
mmmu,GIQ,validation_Clinical_Medicine_5,CC,Gemma-4,1.0,0.4166666666666667,Health & Medicine,Gemma-4|InternVL|Qwen3.5,1
mmmu,GIQ,validation_Computer_Science_1,CC,Qwen3.5,1.0,0.0,Tech & Engineering,Gemma-4|InternVL|Qwen3.5,2
mmmu,GIQ,validation_Design_14,MiC,Qwen3.5,0.0,0.75,Art & Design,Gemma-4|InternVL|Qwen3.5,2
mmmu,GIQ,validation_Diagnostics_and_Laboratory_Medicine_12,MiC,InternVL,0.0,0.75,Health & Medicine,Gemma-4|InternVL|Qwen3.5,3
mmmu,GIQ,validation_Electronics_17,CC,Gemma-4,0.0,0.08333333333333333,Tech & Engineering,Gemma-4|InternVL|Qwen3.5,1
mmmu,GIQ,validation_Electronics_22,CC,Gemma-4,1.0,0.75,Tech & Engineering,Gemma-4|InternVL|Qwen3.5,1
mmmu,GIQ,validation_Finance_28,CC,Gemma-4,1.0,0.16666666666666666,Business,Gemma-4|InternVL|Qwen3.5,1
mmmu,GIQ,validation_Finance_9,CC,Gemma-4,1.0,0.08333333333333333,Business,Gemma-4|InternVL|Qwen3.5,1
mmmu,GIQ,validation_Manage_2,CC,InternVL,0.0,0.08333333333333333,Business,Gemma-4|InternVL|Qwen3.5,3
mmmu,GIQ,validation_Music_15,CC,Qwen3.5,0.0,0.0,Art & Design,Gemma-4|InternVL|Qwen3.5,2
mmmu,GIQ,validation_Music_25,CC,InternVL,0.0,0.16666666666666666,Art & Design,Gemma-4|InternVL|Qwen3.5,3
mmmu,GIQ,validation_Music_3,CC,InternVL,1.0,0.5,Art & Design,Gemma-4|InternVL|Qwen3.5,3
mmmu,GIQ,validation_Psychology_6,CC,InternVL,0.0,0.0,Humanities & Social Science,Gemma-4|InternVL|Qwen3.5,3
mmmu,GIQ,validation_Sociology_1,MiC,Gemma-4,0.0,0.6666666666666666,Humanities & Social Science,Gemma-4|InternVL|Qwen3.5,1
mmmu,GLP,dev_Chemistry_1,MiC,Gemma-4,1.0,0.5,Science,Gemma-4|Llama-3.2|Pixtral,1
mmmu,GLP,dev_Diagnostics_and_Laboratory_Medicine_3,MiC,Pixtral,0.0,0.08333333333333333,Health & Medicine,Gemma-4|Llama-3.2|Pixtral,2
mmmu,GLP,dev_Energy_and_Power_1,CC,Gemma-4,0.0,1.0,Tech & Engineering,Gemma-4|Llama-3.2|Pixtral,1
mmmu,GLP,dev_Geography_3,CC,Gemma-4,0.3333333333333333,0.0,Science,Gemma-4|Llama-3.2|Pixtral,1
mmmu,GLP,dev_Public_Health_3,MiC,Gemma-4,0.0,0.5,Health & Medicine,Gemma-4|Llama-3.2|Pixtral,1
mmmu,GLP,test_Accounting_100,CC,Gemma-4,1.0,0.6666666666666666,Business,Gemma-4|Llama-3.2|Pixtral,1
mmmu,GLP,test_Accounting_110,CC,Gemma-4,1.0,0.6666666666666666,Business,Gemma-4|Llama-3.2|Pixtral,1
mmmu,GLP,test_Accounting_196,CC,Gemma-4,0.3333333333333333,1.0,Business,Gemma-4|Llama-3.2|Pixtral,1
mmmu,GLP,test_Accounting_21,MiC,Gemma-4,1.0,1.0,Business,Gemma-4|Llama-3.2|Pixtral,1
mmmu,GLP,test_Accounting_212,MiC,Gemma-4,0.0,0.08333333333333333,Business,Gemma-4|Llama-3.2|Pixtral,1
mmmu,GLP,test_Accounting_22,CC,Gemma-4,0.0,1.0,Business,Gemma-4|Llama-3.2|Pixtral,1
mmmu,GLP,test_Accounting_355,CC,Gemma-4,1.0,0.75,Business,Gemma-4|Llama-3.2|Pixtral,1
mmmu,GLP,test_Accounting_357,CC,Gemma-4,0.0,1.0,Business,Gemma-4|Llama-3.2|Pixtral,1
mmmu,GLP,test_Accounting_360,CC,Gemma-4,1.0,0.5833333333333334,Business,Gemma-4|Llama-3.2|Pixtral,1
mmmu,GLP,test_Accounting_364,CC,Pixtral,1.0,0.25,Business,Gemma-4|Llama-3.2|Pixtral,2
mmmu,GLP,test_Accounting_39,CC,Gemma-4,0.0,0.5,Business,Gemma-4|Llama-3.2|Pixtral,1
mmmu,GLP,test_Accounting_49,CC,Gemma-4,1.0,0.8333333333333333,Business,Gemma-4|Llama-3.2|Pixtral,1
mmmu,GLP,test_Accounting_60,CC,Gemma-4,1.0,0.6666666666666667,Business,Gemma-4|Llama-3.2|Pixtral,1
mmmu,GLP,test_Accounting_71,MiC,Gemma-4,0.0,1.0,Business,Gemma-4|Llama-3.2|Pixtral,1
mmmu,GLP,test_Agriculture_125,MiC,Gemma-4,0.0,0.08333333333333333,Tech & Engineering,Gemma-4|Llama-3.2|Pixtral,1
mmmu,GLP,test_Agriculture_161,CC,Gemma-4,1.0,1.0,Tech & Engineering,Gemma-4|Llama-3.2|Pixtral,1
mmmu,GLP,test_Agriculture_171,MiC,Gemma-4,0.0,1.0,Tech & Engineering,Gemma-4|Llama-3.2|Pixtral,1
mmmu,GLP,test_Agriculture_194,CC,Llama-3.2,0.0,0.0,Tech & Engineering,Gemma-4|Llama-3.2|Pixtral,3
mmmu,GLP,test_Agriculture_22,CC,Gemma-4,1.0,0.0,Tech & Engineering,Gemma-4|Llama-3.2|Pixtral,1
mmmu,GLP,test_Agriculture_52,MiC,Pixtral,0.0,0.0,Tech & Engineering,Gemma-4|Llama-3.2|Pixtral,2
mmmu,GLP,test_Agriculture_9,CC,Llama-3.2,0.0,0.5,Tech & Engineering,Gemma-4|Llama-3.2|Pixtral,3
mmmu,GLP,test_Architecture_and_Engineering_114,MiC,Gemma-4,0.0,1.0,Tech & Engineering,Gemma-4|Llama-3.2|Pixtral,1
mmmu,GLP,test_Architecture_and_Engineering_122,MiC,Gemma-4,0.0,0.08333333333333333,Tech & Engineering,Gemma-4|Llama-3.2|Pixtral,1
mmmu,GLP,test_Architecture_and_Engineering_145,MiC,Gemma-4,0.0,0.5,Tech & Engineering,Gemma-4|Llama-3.2|Pixtral,1
mmmu,GLP,test_Architecture_and_Engineering_230,MiC,Gemma-4,1.0,0.8333333333333333,Tech & Engineering,Gemma-4|Llama-3.2|Pixtral,1
mmmu,GLP,test_Architecture_and_Engineering_284,CC,Gemma-4,0.0,0.16666666666666666,Tech & Engineering,Gemma-4|Llama-3.2|Pixtral,1
mmmu,GLP,test_Architecture_and_Engineering_342,MiC,Gemma-4,1.0,1.0,Tech & Engineering,Gemma-4|Llama-3.2|Pixtral,1
mmmu,GLP,test_Architecture_and_Engineering_368,CC,Gemma-4,1.0,0.6666666666666667,Tech & Engineering,Gemma-4|Llama-3.2|Pixtral,1
mmmu,GLP,test_Architecture_and_Engineering_387,CC,Gemma-4,0.0,0.5,Tech & Engineering,Gemma-4|Llama-3.2|Pixtral,1
mmmu,GLP,test_Architecture_and_Engineering_457,CC,Gemma-4,1.0,0.75,Tech & Engineering,Gemma-4|Llama-3.2|Pixtral,1
mmmu,GLP,test_Architecture_and_Engineering_510,MiC,Gemma-4,1.0,0.16666666666666666,Tech & Engineering,Gemma-4|Llama-3.2|Pixtral,1
mmmu,GLP,test_Architecture_and_Engineering_533,CC,Llama-3.2,1.0,0.08333333333333333,Tech & Engineering,Gemma-4|Llama-3.2|Pixtral,3
mmmu,GLP,test_Architecture_and_Engineering_546,CC,Llama-3.2,0.0,0.5,Tech & Engineering,Gemma-4|Llama-3.2|Pixtral,3
mmmu,GLP,test_Architecture_and_Engineering_85,CC,Gemma-4,1.0,0.4166666666666667,Tech & Engineering,Gemma-4|Llama-3.2|Pixtral,1
mmmu,GLP,test_Architecture_and_Engineering_99,MiC,Llama-3.2,0.0,0.25,Tech & Engineering,Gemma-4|Llama-3.2|Pixtral,3
mmmu,GLP,test_Art_103,MiC,Llama-3.2,0.0,1.0,Art & Design,Gemma-4|Llama-3.2|Pixtral,3
mmmu,GLP,test_Art_105,MiC,Pixtral,0.0,0.0,Art & Design,Gemma-4|Llama-3.2|Pixtral,2
mmmu,GLP,test_Art_176,MiC,Llama-3.2,0.0,0.16666666666666666,Art & Design,Gemma-4|Llama-3.2|Pixtral,3
mmmu,GLP,test_Art_181,CC,Llama-3.2,1.0,0.5,Art & Design,Gemma-4|Llama-3.2|Pixtral,3
mmmu,GLP,test_Art_26,CC,Gemma-4,0.3333333333333333,0.5833333333333334,Art & Design,Gemma-4|Llama-3.2|Pixtral,1
mmmu,GLP,test_Art_63,CC,Pixtral,0.3333333333333333,0.5833333333333334,Art & Design,Gemma-4|Llama-3.2|Pixtral,2
mmmu,GLP,test_Art_82,MiC,Llama-3.2,1.0,0.9166666666666667,Art & Design,Gemma-4|Llama-3.2|Pixtral,3
mmmu,GLP,test_Art_84,CC,Gemma-4,0.3333333333333333,1.0,Art & Design,Gemma-4|Llama-3.2|Pixtral,1
mmmu,GLP,test_Art_85,MiC,Pixtral,1.0,1.0,Art & Design,Gemma-4|Llama-3.2|Pixtral,2
mmmu,GLP,test_Art_92,MiC,Gemma-4,1.0,0.0,Art & Design,Gemma-4|Llama-3.2|Pixtral,1
mmmu,GLP,test_Art_Theory_16,CC,Llama-3.2,0.0,1.0,Art & Design,Gemma-4|Llama-3.2|Pixtral,3
mmmu,GLP,test_Art_Theory_275,CC,Gemma-4,1.0,0.5,Art & Design,Gemma-4|Llama-3.2|Pixtral,1
mmmu,GLP,test_Art_Theory_420,MiC,Llama-3.2,0.0,1.0,Art & Design,Gemma-4|Llama-3.2|Pixtral,3
mmmu,GLP,test_Basic_Medical_Science_109,CC,Llama-3.2,0.0,1.0,Health & Medicine,Gemma-4|Llama-3.2|Pixtral,3
mmmu,GLP,test_Basic_Medical_Science_123,CC,Llama-3.2,1.0,0.9166666666666667,Health & Medicine,Gemma-4|Llama-3.2|Pixtral,3
mmmu,GLP,test_Basic_Medical_Science_124,CC,Gemma-4,1.0,1.0,Health & Medicine,Gemma-4|Llama-3.2|Pixtral,1
mmmu,GLP,test_Basic_Medical_Science_13,CC,Llama-3.2,0.0,1.0,Health & Medicine,Gemma-4|Llama-3.2|Pixtral,3
mmmu,GLP,test_Basic_Medical_Science_155,MiC,Gemma-4,1.0,1.0,Health & Medicine,Gemma-4|Llama-3.2|Pixtral,1
mmmu,GLP,test_Basic_Medical_Science_177,MiC,Gemma-4,1.0,0.5,Health & Medicine,Gemma-4|Llama-3.2|Pixtral,1
mmmu,GLP,test_Basic_Medical_Science_206,CC,Llama-3.2,1.0,0.25,Health & Medicine,Gemma-4|Llama-3.2|Pixtral,3
mmmu,GLP,test_Basic_Medical_Science_222,CC,Pixtral,1.0,0.0,Health & Medicine,Gemma-4|Llama-3.2|Pixtral,2
mmmu,GLP,test_Basic_Medical_Science_23,CC,Llama-3.2,0.0,0.08333333333333333,Health & Medicine,Gemma-4|Llama-3.2|Pixtral,3
mmmu,GLP,test_Basic_Medical_Science_24,MiC,Llama-3.2,0.0,0.0,Health & Medicine,Gemma-4|Llama-3.2|Pixtral,3
mmmu,GLP,test_Basic_Medical_Science_25,MiC,Gemma-4,1.0,0.6666666666666666,Health & Medicine,Gemma-4|Llama-3.2|Pixtral,1
mmmu,GLP,test_Basic_Medical_Science_278,MiC,Gemma-4,1.0,0.0,Health & Medicine,Gemma-4|Llama-3.2|Pixtral,1
mmmu,GLP,test_Basic_Medical_Science_79,CC,Pixtral,0.3333333333333333,0.0,Health & Medicine,Gemma-4|Llama-3.2|Pixtral,2
mmmu,GLP,test_Basic_Medical_Science_89,CC,Gemma-4,0.0,1.0,Health & Medicine,Gemma-4|Llama-3.2|Pixtral,1
mmmu,GLP,test_Biology_103,CC,Gemma-4,1.0,0.16666666666666666,Science,Gemma-4|Llama-3.2|Pixtral,1
mmmu,GLP,test_Biology_110,MiC,Gemma-4,0.0,0.4166666666666667,Science,Gemma-4|Llama-3.2|Pixtral,1
mmmu,GLP,test_Biology_119,CC,Pixtral,0.3333333333333333,0.08333333333333333,Science,Gemma-4|Llama-3.2|Pixtral,2
mmmu,GLP,test_Biology_195,MiC,Gemma-4,1.0,0.0,Science,Gemma-4|Llama-3.2|Pixtral,1
mmmu,GLP,test_Biology_220,CC,Gemma-4,1.0,0.5,Science,Gemma-4|Llama-3.2|Pixtral,1
mmmu,GLP,test_Biology_235,MiC,Gemma-4,0.0,1.0,Science,Gemma-4|Llama-3.2|Pixtral,1
mmmu,GLP,test_Biology_255,MiC,Gemma-4,0.0,1.0,Science,Gemma-4|Llama-3.2|Pixtral,1
mmmu,GLP,test_Biology_256,CC,Gemma-4,1.0,0.75,Science,Gemma-4|Llama-3.2|Pixtral,1
mmmu,GLP,test_Biology_287,CC,Gemma-4,1.0,0.08333333333333333,Science,Gemma-4|Llama-3.2|Pixtral,1
mmmu,GLP,test_Biology_295,MiC,Gemma-4,0.0,0.75,Science,Gemma-4|Llama-3.2|Pixtral,1
mmmu,GLP,test_Biology_301,CC,Gemma-4,1.0,0.5,Science,Gemma-4|Llama-3.2|Pixtral,1
mmmu,GLP,test_Biology_306,MiC,Pixtral,0.0,0.0,Science,Gemma-4|Llama-3.2|Pixtral,2
mmmu,GLP,test_Biology_337,CC,Llama-3.2,0.0,0.0,Science,Gemma-4|Llama-3.2|Pixtral,3
mmmu,GLP,test_Chemistry_111,CC,Gemma-4,1.0,1.0,Science,Gemma-4|Llama-3.2|Pixtral,1
mmmu,GLP,test_Chemistry_114,MiC,Gemma-4,0.0,0.41666666666666663,Science,Gemma-4|Llama-3.2|Pixtral,1
mmmu,GLP,test_Chemistry_130,MiC,Gemma-4,0.0,0.41666666666666663,Science,Gemma-4|Llama-3.2|Pixtral,1
mmmu,GLP,test_Chemistry_145,CC,Gemma-4,1.0,1.0,Science,Gemma-4|Llama-3.2|Pixtral,1
mmmu,GLP,test_Chemistry_163,CC,Gemma-4,0.0,0.5,Science,Gemma-4|Llama-3.2|Pixtral,1
mmmu,GLP,test_Chemistry_22,MiC,Gemma-4,1.0,0.8333333333333333,Science,Gemma-4|Llama-3.2|Pixtral,1
mmmu,GLP,test_Chemistry_245,CC,Gemma-4,1.0,0.25,Science,Gemma-4|Llama-3.2|Pixtral,1
mmmu,GLP,test_Chemistry_309,CC,Gemma-4,0.0,0.4166666666666667,Science,Gemma-4|Llama-3.2|Pixtral,1
mmmu,GLP,test_Chemistry_34,CC,Pixtral,0.0,0.5833333333333333,Science,Gemma-4|Llama-3.2|Pixtral,2
mmmu,GLP,test_Chemistry_38,CC,Pixtral,0.0,1.0,Science,Gemma-4|Llama-3.2|Pixtral,2
mmmu,GLP,test_Chemistry_380,MiC,Gemma-4,1.0,1.0,Science,Gemma-4|Llama-3.2|Pixtral,1
mmmu,GLP,test_Chemistry_401,MiC,Llama-3.2,0.0,0.5,Science,Gemma-4|Llama-3.2|Pixtral,3
mmmu,GLP,test_Chemistry_425,CC,Gemma-4,1.0,1.0,Science,Gemma-4|Llama-3.2|Pixtral,1
mmmu,GLP,test_Chemistry_445,CC,Gemma-4,0.3333333333333333,0.5,Science,Gemma-4|Llama-3.2|Pixtral,1
mmmu,GLP,test_Chemistry_502,MiC,Pixtral,0.0,0.5833333333333334,Science,Gemma-4|Llama-3.2|Pixtral,2
mmmu,GLP,test_Chemistry_540,CC,Gemma-4,1.0,0.25,Science,Gemma-4|Llama-3.2|Pixtral,1
mmmu,GLP,test_Chemistry_558,MiC,Gemma-4,1.0,0.9166666666666667,Science,Gemma-4|Llama-3.2|Pixtral,1
mmmu,GLP,test_Chemistry_563,MiC,Gemma-4,1.0,0.5,Science,Gemma-4|Llama-3.2|Pixtral,1
mmmu,GLP,test_Chemistry_586,CC,Gemma-4,1.0,0.0,Science,Gemma-4|Llama-3.2|Pixtral,1
mmmu,GLP,test_Chemistry_9,CC,Gemma-4,1.0,0.5,Science,Gemma-4|Llama-3.2|Pixtral,1
mmmu,GLP,test_Chemistry_95,CC,Gemma-4,1.0,1.0,Science,Gemma-4|Llama-3.2|Pixtral,1
mmmu,GLP,test_Clinical_Medicine_12,CC,Gemma-4,1.0,0.0,Health & Medicine,Gemma-4|Llama-3.2|Pixtral,1
mmmu,GLP,test_Clinical_Medicine_122,MiC,Pixtral,1.0,0.75,Health & Medicine,Gemma-4|Llama-3.2|Pixtral,2
mmmu,GLP,test_Clinical_Medicine_135,MiC,Pixtral,0.0,0.0,Health & Medicine,Gemma-4|Llama-3.2|Pixtral,2
mmmu,GLP,test_Clinical_Medicine_169,MiC,Gemma-4,0.0,0.9166666666666667,Health & Medicine,Gemma-4|Llama-3.2|Pixtral,1
mmmu,GLP,test_Clinical_Medicine_173,MiC,Gemma-4,1.0,0.5,Health & Medicine,Gemma-4|Llama-3.2|Pixtral,1
mmmu,GLP,test_Clinical_Medicine_182,MiC,Gemma-4,0.0,1.0,Health & Medicine,Gemma-4|Llama-3.2|Pixtral,1
mmmu,GLP,test_Clinical_Medicine_198,MiC,Gemma-4,1.0,0.0,Health & Medicine,Gemma-4|Llama-3.2|Pixtral,1
mmmu,GLP,test_Clinical_Medicine_23,CC,Gemma-4,1.0,1.0,Health & Medicine,Gemma-4|Llama-3.2|Pixtral,1
mmmu,GLP,test_Clinical_Medicine_259,CC,Gemma-4,0.0,0.5,Health & Medicine,Gemma-4|Llama-3.2|Pixtral,1
mmmu,GLP,test_Clinical_Medicine_271,MiC,Llama-3.2,1.0,0.0,Health & Medicine,Gemma-4|Llama-3.2|Pixtral,3
mmmu,GLP,test_Clinical_Medicine_40,CC,Gemma-4,1.0,0.0,Health & Medicine,Gemma-4|Llama-3.2|Pixtral,1
mmmu,GLP,test_Clinical_Medicine_75,MiC,Gemma-4,0.0,0.4166666666666667,Health & Medicine,Gemma-4|Llama-3.2|Pixtral,1
mmmu,GLP,test_Clinical_Medicine_81,MiC,Llama-3.2,0.0,1.0,Health & Medicine,Gemma-4|Llama-3.2|Pixtral,3
mmmu,GLP,test_Clinical_Medicine_85,CC,Pixtral,0.3333333333333333,0.5,Health & Medicine,Gemma-4|Llama-3.2|Pixtral,2
mmmu,GLP,test_Clinical_Medicine_9,CC,Gemma-4,1.0,1.0,Health & Medicine,Gemma-4|Llama-3.2|Pixtral,1
mmmu,GLP,test_Computer_Science_103,CC,Gemma-4,1.0,0.5,Tech & Engineering,Gemma-4|Llama-3.2|Pixtral,1
mmmu,GLP,test_Computer_Science_114,MiC,Llama-3.2,0.0,1.0,Tech & Engineering,Gemma-4|Llama-3.2|Pixtral,3
mmmu,GLP,test_Computer_Science_198,MiC,Gemma-4,1.0,0.0,Tech & Engineering,Gemma-4|Llama-3.2|Pixtral,1
mmmu,GLP,test_Computer_Science_220,CC,Gemma-4,1.0,0.4166666666666667,Tech & Engineering,Gemma-4|Llama-3.2|Pixtral,1
mmmu,GLP,test_Computer_Science_23,CC,Llama-3.2,0.0,0.25,Tech & Engineering,Gemma-4|Llama-3.2|Pixtral,3
mmmu,GLP,test_Computer_Science_268,MiC,Gemma-4,0.0,0.6666666666666666,Tech & Engineering,Gemma-4|Llama-3.2|Pixtral,1
mmmu,GLP,test_Computer_Science_271,MiC,Gemma-4,1.0,0.3333333333333333,Tech & Engineering,Gemma-4|Llama-3.2|Pixtral,1
mmmu,GLP,test_Computer_Science_327,MiC,Gemma-4,1.0,0.08333333333333333,Tech & Engineering,Gemma-4|Llama-3.2|Pixtral,1
mmmu,GLP,test_Computer_Science_344,MiC,Gemma-4,0.0,0.4166666666666667,Tech & Engineering,Gemma-4|Llama-3.2|Pixtral,1
mmmu,GLP,test_Computer_Science_367,MiC,Gemma-4,1.0,1.0,Tech & Engineering,Gemma-4|Llama-3.2|Pixtral,1
mmmu,GLP,test_Computer_Science_4,CC,Gemma-4,1.0,1.0,Tech & Engineering,Gemma-4|Llama-3.2|Pixtral,1
mmmu,GLP,test_Computer_Science_62,MiC,Llama-3.2,0.0,0.08333333333333333,Tech & Engineering,Gemma-4|Llama-3.2|Pixtral,3
mmmu,GLP,test_Computer_Science_69,CC,Gemma-4,1.0,1.0,Tech & Engineering,Gemma-4|Llama-3.2|Pixtral,1
mmmu,GLP,test_Design_117,MiC,Gemma-4,0.0,0.5,Art & Design,Gemma-4|Llama-3.2|Pixtral,1
mmmu,GLP,test_Design_44,MiC,Gemma-4,1.0,0.3333333333333333,Art & Design,Gemma-4|Llama-3.2|Pixtral,1
mmmu,GLP,test_Design_52,CC,Pixtral,1.0,0.5,Art & Design,Gemma-4|Llama-3.2|Pixtral,2
mmmu,GLP,test_Diagnostics_and_Laboratory_Medicine_101,MiC,Gemma-4,0.0,0.5,Health & Medicine,Gemma-4|Llama-3.2|Pixtral,1
mmmu,GLP,test_Diagnostics_and_Laboratory_Medicine_103,MiC,Pixtral,1.0,0.0,Health & Medicine,Gemma-4|Llama-3.2|Pixtral,2
mmmu,GLP,test_Diagnostics_and_Laboratory_Medicine_11,MiC,Llama-3.2,0.0,0.16666666666666666,Health & Medicine,Gemma-4|Llama-3.2|Pixtral,3
mmmu,GLP,test_Diagnostics_and_Laboratory_Medicine_121,CC,Llama-3.2,1.0,0.5,Health & Medicine,Gemma-4|Llama-3.2|Pixtral,3
mmmu,GLP,test_Diagnostics_and_Laboratory_Medicine_124,CC,Gemma-4,1.0,0.0,Health & Medicine,Gemma-4|Llama-3.2|Pixtral,1
mmmu,GLP,test_Diagnostics_and_Laboratory_Medicine_126,MiC,Pixtral,1.0,0.0,Health & Medicine,Gemma-4|Llama-3.2|Pixtral,2
mmmu,GLP,test_Diagnostics_and_Laboratory_Medicine_137,MiC,Pixtral,0.0,0.16666666666666666,Health & Medicine,Gemma-4|Llama-3.2|Pixtral,2
mmmu,GLP,test_Diagnostics_and_Laboratory_Medicine_14,CC,Pixtral,0.0,0.16666666666666666,Health & Medicine,Gemma-4|Llama-3.2|Pixtral,2
mmmu,GLP,test_Diagnostics_and_Laboratory_Medicine_140,MiC,Gemma-4,1.0,0.4166666666666667,Health & Medicine,Gemma-4|Llama-3.2|Pixtral,1
mmmu,GLP,test_Diagnostics_and_Laboratory_Medicine_144,MiC,Gemma-4,0.0,0.0,Health & Medicine,Gemma-4|Llama-3.2|Pixtral,1
mmmu,GLP,test_Diagnostics_and_Laboratory_Medicine_154,MiC,Llama-3.2,0.0,0.0,Health & Medicine,Gemma-4|Llama-3.2|Pixtral,3
mmmu,GLP,test_Diagnostics_and_Laboratory_Medicine_159,CC,Pixtral,0.0,0.5,Health & Medicine,Gemma-4|Llama-3.2|Pixtral,2
mmmu,GLP,test_Diagnostics_and_Laboratory_Medicine_23,CC,Gemma-4,0.3333333333333333,0.25,Health & Medicine,Gemma-4|Llama-3.2|Pixtral,1
mmmu,GLP,test_Diagnostics_and_Laboratory_Medicine_28,CC,Gemma-4,1.0,0.4166666666666667,Health & Medicine,Gemma-4|Llama-3.2|Pixtral,1
mmmu,GLP,test_Diagnostics_and_Laboratory_Medicine_42,MiC,Pixtral,1.0,0.25,Health & Medicine,Gemma-4|Llama-3.2|Pixtral,2
mmmu,GLP,test_Diagnostics_and_Laboratory_Medicine_5,CC,Llama-3.2,0.0,1.0,Health & Medicine,Gemma-4|Llama-3.2|Pixtral,3
mmmu,GLP,test_Diagnostics_and_Laboratory_Medicine_65,CC,Llama-3.2,0.0,0.0,Health & Medicine,Gemma-4|Llama-3.2|Pixtral,3
mmmu,GLP,test_Diagnostics_and_Laboratory_Medicine_83,CC,Gemma-4,1.0,0.6666666666666666,Health & Medicine,Gemma-4|Llama-3.2|Pixtral,1
mmmu,GLP,test_Diagnostics_and_Laboratory_Medicine_91,MiC,Gemma-4,0.0,0.9166666666666667,Health & Medicine,Gemma-4|Llama-3.2|Pixtral,1
mmmu,GLP,test_Diagnostics_and_Laboratory_Medicine_92,CC,Gemma-4,0.0,0.0,Health & Medicine,Gemma-4|Llama-3.2|Pixtral,1
mmmu,GLP,test_Diagnostics_and_Laboratory_Medicine_95,MiC,Pixtral,0.0,0.0,Health & Medicine,Gemma-4|Llama-3.2|Pixtral,2
mmmu,GLP,test_Diagnostics_and_Laboratory_Medicine_97,MiC,Llama-3.2,0.0,0.0,Health & Medicine,Gemma-4|Llama-3.2|Pixtral,3
mmmu,GLP,test_Economics_133,MiC,Gemma-4,1.0,1.0,Business,Gemma-4|Llama-3.2|Pixtral,1
mmmu,GLP,test_Economics_185,CC,Pixtral,1.0,0.16666666666666666,Business,Gemma-4|Llama-3.2|Pixtral,2
mmmu,GLP,test_Economics_226,MiC,Gemma-4,1.0,0.75,Business,Gemma-4|Llama-3.2|Pixtral,1
mmmu,GLP,test_Economics_249,CC,Gemma-4,1.0,0.5,Business,Gemma-4|Llama-3.2|Pixtral,1
mmmu,GLP,test_Economics_42,MiC,Gemma-4,1.0,1.0,Business,Gemma-4|Llama-3.2|Pixtral,1
mmmu,GLP,test_Economics_47,CC,Gemma-4,1.0,1.0,Business,Gemma-4|Llama-3.2|Pixtral,1
mmmu,GLP,test_Economics_51,MiC,Gemma-4,1.0,0.41666666666666663,Business,Gemma-4|Llama-3.2|Pixtral,1
mmmu,GLP,test_Electronics_116,MiC,Gemma-4,1.0,0.25,Tech & Engineering,Gemma-4|Llama-3.2|Pixtral,1
mmmu,GLP,test_Electronics_122,CC,Gemma-4,1.0,1.0,Tech & Engineering,Gemma-4|Llama-3.2|Pixtral,1
mmmu,GLP,test_Electronics_123,MiC,Gemma-4,0.3333333333333333,0.5,Tech & Engineering,Gemma-4|Llama-3.2|Pixtral,1
mmmu,GLP,test_Electronics_179,MiC,Gemma-4,1.0,0.75,Tech & Engineering,Gemma-4|Llama-3.2|Pixtral,1
mmmu,GLP,test_Electronics_2,CC,Gemma-4,1.0,1.0,Tech & Engineering,Gemma-4|Llama-3.2|Pixtral,1
mmmu,GLP,test_Electronics_210,MiC,Pixtral,1.0,0.5,Tech & Engineering,Gemma-4|Llama-3.2|Pixtral,2
mmmu,GLP,test_Electronics_213,CC,Gemma-4,0.3333333333333333,0.5,Tech & Engineering,Gemma-4|Llama-3.2|Pixtral,1
mmmu,GLP,test_Electronics_22,CC,Pixtral,1.0,0.5833333333333334,Tech & Engineering,Gemma-4|Llama-3.2|Pixtral,2
mmmu,GLP,test_Electronics_235,CC,Gemma-4,1.0,0.5,Tech & Engineering,Gemma-4|Llama-3.2|Pixtral,1
mmmu,GLP,test_Electronics_29,MiC,Gemma-4,1.0,1.0,Tech & Engineering,Gemma-4|Llama-3.2|Pixtral,1
mmmu,GLP,test_Electronics_67,CC,Gemma-4,1.0,0.75,Tech & Engineering,Gemma-4|Llama-3.2|Pixtral,1
mmmu,GLP,test_Electronics_93,MiC,Gemma-4,0.0,1.0,Tech & Engineering,Gemma-4|Llama-3.2|Pixtral,1
mmmu,GLP,test_Electronics_97,MiC,Llama-3.2,1.0,0.3333333333333333,Tech & Engineering,Gemma-4|Llama-3.2|Pixtral,3
mmmu,GLP,test_Energy_and_Power_139,CC,Gemma-4,1.0,1.0,Tech & Engineering,Gemma-4|Llama-3.2|Pixtral,1
mmmu,GLP,test_Energy_and_Power_171,MiC,Gemma-4,0.0,0.25,Tech & Engineering,Gemma-4|Llama-3.2|Pixtral,1
mmmu,GLP,test_Energy_and_Power_220,MiC,Gemma-4,1.0,0.75,Tech & Engineering,Gemma-4|Llama-3.2|Pixtral,1
mmmu,GLP,test_Energy_and_Power_234,CC,Gemma-4,1.0,0.41666666666666663,Tech & Engineering,Gemma-4|Llama-3.2|Pixtral,1
mmmu,GLP,test_Energy_and_Power_24,MiC,Llama-3.2,0.0,0.16666666666666666,Tech & Engineering,Gemma-4|Llama-3.2|Pixtral,3
mmmu,GLP,test_Energy_and_Power_246,CC,Pixtral,1.0,0.5,Tech & Engineering,Gemma-4|Llama-3.2|Pixtral,2
mmmu,GLP,test_Energy_and_Power_266,CC,Pixtral,0.0,0.41666666666666663,Tech & Engineering,Gemma-4|Llama-3.2|Pixtral,2
mmmu,GLP,test_Energy_and_Power_293,MiC,Gemma-4,1.0,0.41666666666666663,Tech & Engineering,Gemma-4|Llama-3.2|Pixtral,1
mmmu,GLP,test_Energy_and_Power_295,CC,Pixtral,1.0,0.4166666666666667,Tech & Engineering,Gemma-4|Llama-3.2|Pixtral,2
mmmu,GLP,test_Energy_and_Power_304,CC,Gemma-4,0.0,1.0,Tech & Engineering,Gemma-4|Llama-3.2|Pixtral,1
mmmu,GLP,test_Energy_and_Power_352,CC,Llama-3.2,1.0,0.6666666666666667,Tech & Engineering,Gemma-4|Llama-3.2|Pixtral,3
mmmu,GLP,test_Energy_and_Power_362,CC,Gemma-4,1.0,0.5,Tech & Engineering,Gemma-4|Llama-3.2|Pixtral,1
mmmu,GLP,test_Energy_and_Power_378,CC,Gemma-4,0.0,0.16666666666666666,Tech & Engineering,Gemma-4|Llama-3.2|Pixtral,1
mmmu,GLP,test_Energy_and_Power_389,MiC,Llama-3.2,0.0,0.5833333333333334,Tech & Engineering,Gemma-4|Llama-3.2|Pixtral,3
mmmu,GLP,test_Energy_and_Power_39,CC,Gemma-4,0.0,0.41666666666666663,Tech & Engineering,Gemma-4|Llama-3.2|Pixtral,1
mmmu,GLP,test_Energy_and_Power_401,MiC,Pixtral,1.0,0.6666666666666667,Tech & Engineering,Gemma-4|Llama-3.2|Pixtral,2
mmmu,GLP,test_Energy_and_Power_409,MiC,Gemma-4,0.0,1.0,Tech & Engineering,Gemma-4|Llama-3.2|Pixtral,1
mmmu,GLP,test_Energy_and_Power_43,CC,Llama-3.2,0.0,0.5833333333333333,Tech & Engineering,Gemma-4|Llama-3.2|Pixtral,3
mmmu,GLP,test_Energy_and_Power_47,CC,Gemma-4,1.0,0.41666666666666663,Tech & Engineering,Gemma-4|Llama-3.2|Pixtral,1
mmmu,GLP,test_Energy_and_Power_48,MiC,Gemma-4,0.0,0.8333333333333333,Tech & Engineering,Gemma-4|Llama-3.2|Pixtral,1
mmmu,GLP,test_Energy_and_Power_97,CC,Llama-3.2,0.3333333333333333,0.08333333333333333,Tech & Engineering,Gemma-4|Llama-3.2|Pixtral,3
mmmu,GLP,test_Finance_1,MiC,Gemma-4,1.0,0.6666666666666666,Business,Gemma-4|Llama-3.2|Pixtral,1
mmmu,GLP,test_Finance_145,MiC,Gemma-4,0.0,0.5,Business,Gemma-4|Llama-3.2|Pixtral,1
mmmu,GLP,test_Finance_154,MiC,Llama-3.2,0.0,0.08333333333333333,Business,Gemma-4|Llama-3.2|Pixtral,3
mmmu,GLP,test_Finance_177,MiC,Gemma-4,0.0,0.5,Business,Gemma-4|Llama-3.2|Pixtral,1
mmmu,GLP,test_Finance_192,MiC,Gemma-4,1.0,1.0,Business,Gemma-4|Llama-3.2|Pixtral,1
mmmu,GLP,test_Finance_193,MiC,Gemma-4,1.0,0.6666666666666666,Business,Gemma-4|Llama-3.2|Pixtral,1
mmmu,GLP,test_Finance_245,MiC,Gemma-4,0.0,0.5,Business,Gemma-4|Llama-3.2|Pixtral,1
mmmu,GLP,test_Finance_264,CC,Gemma-4,0.0,0.3333333333333333,Business,Gemma-4|Llama-3.2|Pixtral,1
mmmu,GLP,test_Finance_265,CC,Gemma-4,1.0,1.0,Business,Gemma-4|Llama-3.2|Pixtral,1
mmmu,GLP,test_Finance_276,MiC,Llama-3.2,0.0,0.4166666666666667,Business,Gemma-4|Llama-3.2|Pixtral,3
mmmu,GLP,test_Finance_30,MiC,Gemma-4,1.0,0.8333333333333333,Business,Gemma-4|Llama-3.2|Pixtral,1
mmmu,GLP,test_Finance_60,CC,Gemma-4,0.0,0.9166666666666667,Business,Gemma-4|Llama-3.2|Pixtral,1
mmmu,GLP,test_Finance_62,MiC,Gemma-4,1.0,1.0,Business,Gemma-4|Llama-3.2|Pixtral,1
mmmu,GLP,test_Finance_72,MiC,Gemma-4,0.0,0.75,Business,Gemma-4|Llama-3.2|Pixtral,1
mmmu,GLP,test_Geography_164,CC,Pixtral,0.0,0.0,Science,Gemma-4|Llama-3.2|Pixtral,2
mmmu,GLP,test_Geography_285,CC,Gemma-4,1.0,0.0,Science,Gemma-4|Llama-3.2|Pixtral,1
mmmu,GLP,test_Geography_297,CC,Gemma-4,1.0,0.25,Science,Gemma-4|Llama-3.2|Pixtral,1
mmmu,GLP,test_Geography_30,MiC,Gemma-4,0.0,0.41666666666666663,Science,Gemma-4|Llama-3.2|Pixtral,1
mmmu,GLP,test_Geography_319,MiC,Pixtral,0.0,0.08333333333333333,Science,Gemma-4|Llama-3.2|Pixtral,2
mmmu,GLP,test_Geography_404,MiC,Gemma-4,1.0,1.0,Science,Gemma-4|Llama-3.2|Pixtral,1
mmmu,GLP,test_Geography_442,MiC,Gemma-4,0.0,0.3333333333333333,Science,Gemma-4|Llama-3.2|Pixtral,1
mmmu,GLP,test_Geography_444,CC,Pixtral,0.0,0.5,Science,Gemma-4|Llama-3.2|Pixtral,2
mmmu,GLP,test_Geography_452,CC,Llama-3.2,0.0,1.0,Science,Gemma-4|Llama-3.2|Pixtral,3
mmmu,GLP,test_Geography_483,MiC,Llama-3.2,0.0,0.0,Science,Gemma-4|Llama-3.2|Pixtral,3
mmmu,GLP,test_Geography_514,CC,Llama-3.2,0.0,0.0,Science,Gemma-4|Llama-3.2|Pixtral,3
mmmu,GLP,test_Geography_561,MiC,Gemma-4,1.0,0.5,Science,Gemma-4|Llama-3.2|Pixtral,1
mmmu,GLP,test_Geography_66,MiC,Gemma-4,0.0,1.0,Science,Gemma-4|Llama-3.2|Pixtral,1
mmmu,GLP,test_History_130,CC,Gemma-4,1.0,1.0,Humanities & Social Science,Gemma-4|Llama-3.2|Pixtral,1
mmmu,GLP,test_History_209,MiC,Pixtral,0.0,0.0,Humanities & Social Science,Gemma-4|Llama-3.2|Pixtral,2
mmmu,GLP,test_History_210,CC,Gemma-4,1.0,1.0,Humanities & Social Science,Gemma-4|Llama-3.2|Pixtral,1
mmmu,GLP,test_History_268,CC,Gemma-4,1.0,0.0,Humanities & Social Science,Gemma-4|Llama-3.2|Pixtral,1
mmmu,GLP,test_Literature_47,MiC,Llama-3.2,0.0,0.6666666666666666,Humanities & Social Science,Gemma-4|Llama-3.2|Pixtral,3
mmmu,GLP,test_Literature_68,MiC,Llama-3.2,0.0,0.3333333333333333,Humanities & Social Science,Gemma-4|Llama-3.2|Pixtral,3
mmmu,GLP,test_Literature_85,MiC,Llama-3.2,0.0,0.5,Humanities & Social Science,Gemma-4|Llama-3.2|Pixtral,3
mmmu,GLP,test_Manage_100,MiC,Gemma-4,0.0,1.0,Business,Gemma-4|Llama-3.2|Pixtral,1
mmmu,GLP,test_Manage_121,CC,Gemma-4,1.0,1.0,Business,Gemma-4|Llama-3.2|Pixtral,1
mmmu,GLP,test_Manage_126,MiC,Llama-3.2,0.0,0.25,Business,Gemma-4|Llama-3.2|Pixtral,3
mmmu,GLP,test_Manage_156,MiC,Gemma-4,0.0,1.0,Business,Gemma-4|Llama-3.2|Pixtral,1
mmmu,GLP,test_Manage_168,CC,Gemma-4,1.0,0.08333333333333333,Business,Gemma-4|Llama-3.2|Pixtral,1
mmmu,GLP,test_Manage_72,MiC,Gemma-4,0.0,0.5,Business,Gemma-4|Llama-3.2|Pixtral,1
mmmu,GLP,test_Marketing_101,CC,Gemma-4,1.0,1.0,Business,Gemma-4|Llama-3.2|Pixtral,1
mmmu,GLP,test_Marketing_104,MiC,Pixtral,1.0,0.16666666666666666,Business,Gemma-4|Llama-3.2|Pixtral,2
mmmu,GLP,test_Marketing_15,MiC,Pixtral,0.0,0.5,Business,Gemma-4|Llama-3.2|Pixtral,2
mmmu,GLP,test_Marketing_150,MiC,Gemma-4,0.0,1.0,Business,Gemma-4|Llama-3.2|Pixtral,1
mmmu,GLP,test_Marketing_158,MiC,Gemma-4,0.0,1.0,Business,Gemma-4|Llama-3.2|Pixtral,1
mmmu,GLP,test_Marketing_37,MiC,Gemma-4,0.0,0.75,Business,Gemma-4|Llama-3.2|Pixtral,1
mmmu,GLP,test_Marketing_47,CC,Gemma-4,0.0,1.0,Business,Gemma-4|Llama-3.2|Pixtral,1
mmmu,GLP,test_Marketing_62,CC,Llama-3.2,0.0,0.5833333333333334,Business,Gemma-4|Llama-3.2|Pixtral,3
mmmu,GLP,test_Marketing_73,MiC,Gemma-4,0.0,1.0,Business,Gemma-4|Llama-3.2|Pixtral,1
mmmu,GLP,test_Marketing_78,CC,Llama-3.2,0.0,0.5,Business,Gemma-4|Llama-3.2|Pixtral,3
mmmu,GLP,test_Marketing_88,CC,Gemma-4,1.0,1.0,Business,Gemma-4|Llama-3.2|Pixtral,1
mmmu,GLP,test_Materials_130,MiC,Llama-3.2,0.0,0.08333333333333333,Tech & Engineering,Gemma-4|Llama-3.2|Pixtral,3
mmmu,GLP,test_Materials_133,CC,Gemma-4,1.0,0.25,Tech & Engineering,Gemma-4|Llama-3.2|Pixtral,1
mmmu,GLP,test_Materials_167,CC,Gemma-4,0.0,0.9166666666666667,Tech & Engineering,Gemma-4|Llama-3.2|Pixtral,1
mmmu,GLP,test_Materials_204,CC,Llama-3.2,0.0,0.4166666666666667,Tech & Engineering,Gemma-4|Llama-3.2|Pixtral,3
mmmu,GLP,test_Materials_235,MiC,Llama-3.2,0.0,0.16666666666666666,Tech & Engineering,Gemma-4|Llama-3.2|Pixtral,3
mmmu,GLP,test_Materials_277,CC,Gemma-4,1.0,0.25,Tech & Engineering,Gemma-4|Llama-3.2|Pixtral,1
mmmu,GLP,test_Materials_349,CC,Gemma-4,1.0,0.0,Tech & Engineering,Gemma-4|Llama-3.2|Pixtral,1
mmmu,GLP,test_Materials_363,CC,Gemma-4,1.0,1.0,Tech & Engineering,Gemma-4|Llama-3.2|Pixtral,1
mmmu,GLP,test_Materials_376,MiC,Gemma-4,0.0,0.4166666666666667,Tech & Engineering,Gemma-4|Llama-3.2|Pixtral,1
mmmu,GLP,test_Materials_400,MiC,Llama-3.2,0.0,0.9166666666666667,Tech & Engineering,Gemma-4|Llama-3.2|Pixtral,3
mmmu,GLP,test_Materials_41,CC,Gemma-4,0.0,0.25,Tech & Engineering,Gemma-4|Llama-3.2|Pixtral,1
mmmu,GLP,test_Materials_447,CC,Gemma-4,0.0,0.3333333333333333,Tech & Engineering,Gemma-4|Llama-3.2|Pixtral,1
mmmu,GLP,test_Materials_48,CC,Gemma-4,1.0,1.0,Tech & Engineering,Gemma-4|Llama-3.2|Pixtral,1
mmmu,GLP,test_Materials_49,CC,Gemma-4,0.0,0.6666666666666667,Tech & Engineering,Gemma-4|Llama-3.2|Pixtral,1
mmmu,GLP,test_Materials_50,CC,Gemma-4,1.0,0.3333333333333333,Tech & Engineering,Gemma-4|Llama-3.2|Pixtral,1
mmmu,GLP,test_Materials_63,MiC,Llama-3.2,0.0,0.0,Tech & Engineering,Gemma-4|Llama-3.2|Pixtral,3
mmmu,GLP,test_Materials_76,MiC,Gemma-4,0.0,0.3333333333333333,Tech & Engineering,Gemma-4|Llama-3.2|Pixtral,1
mmmu,GLP,test_Materials_88,MiC,Gemma-4,0.3333333333333333,1.0,Tech & Engineering,Gemma-4|Llama-3.2|Pixtral,1
mmmu,GLP,test_Materials_99,CC,Gemma-4,1.0,0.4166666666666667,Tech & Engineering,Gemma-4|Llama-3.2|Pixtral,1
mmmu,GLP,test_Math_133,CC,Gemma-4,1.0,1.0,Science,Gemma-4|Llama-3.2|Pixtral,1
mmmu,GLP,test_Math_164,CC,Gemma-4,1.0,0.6666666666666666,Science,Gemma-4|Llama-3.2|Pixtral,1
mmmu,GLP,test_Math_201,CC,Gemma-4,1.0,0.5,Science,Gemma-4|Llama-3.2|Pixtral,1
mmmu,GLP,test_Math_286,CC,Gemma-4,1.0,0.5,Science,Gemma-4|Llama-3.2|Pixtral,1
mmmu,GLP,test_Math_295,MiC,Gemma-4,1.0,1.0,Science,Gemma-4|Llama-3.2|Pixtral,1
mmmu,GLP,test_Math_327,CC,Gemma-4,1.0,1.0,Science,Gemma-4|Llama-3.2|Pixtral,1
mmmu,GLP,test_Math_41,CC,Gemma-4,1.0,1.0,Science,Gemma-4|Llama-3.2|Pixtral,1
mmmu,GLP,test_Math_466,CC,Pixtral,0.0,0.6666666666666666,Science,Gemma-4|Llama-3.2|Pixtral,2
mmmu,GLP,test_Math_47,CC,Pixtral,0.0,0.5833333333333334,Science,Gemma-4|Llama-3.2|Pixtral,2
mmmu,GLP,test_Math_484,CC,Gemma-4,1.0,0.25,Science,Gemma-4|Llama-3.2|Pixtral,1
mmmu,GLP,test_Math_57,MiC,Gemma-4,1.0,1.0,Science,Gemma-4|Llama-3.2|Pixtral,1
mmmu,GLP,test_Mechanical_Engineering_133,CC,Gemma-4,1.0,0.25,Tech & Engineering,Gemma-4|Llama-3.2|Pixtral,1
mmmu,GLP,test_Mechanical_Engineering_207,MiC,Llama-3.2,0.0,0.25,Tech & Engineering,Gemma-4|Llama-3.2|Pixtral,3
mmmu,GLP,test_Mechanical_Engineering_270,MiC,Gemma-4,0.0,0.75,Tech & Engineering,Gemma-4|Llama-3.2|Pixtral,1
mmmu,GLP,test_Mechanical_Engineering_272,CC,Llama-3.2,0.0,0.16666666666666666,Tech & Engineering,Gemma-4|Llama-3.2|Pixtral,3
mmmu,GLP,test_Mechanical_Engineering_343,MiC,Llama-3.2,0.0,0.0,Tech & Engineering,Gemma-4|Llama-3.2|Pixtral,3
mmmu,GLP,test_Mechanical_Engineering_349,MiC,Llama-3.2,0.0,0.5833333333333334,Tech & Engineering,Gemma-4|Llama-3.2|Pixtral,3
mmmu,GLP,test_Mechanical_Engineering_375,CC,Gemma-4,1.0,0.5,Tech & Engineering,Gemma-4|Llama-3.2|Pixtral,1
mmmu,GLP,test_Mechanical_Engineering_39,MiC,Gemma-4,0.0,0.6666666666666666,Tech & Engineering,Gemma-4|Llama-3.2|Pixtral,1
mmmu,GLP,test_Mechanical_Engineering_394,CC,Gemma-4,0.0,0.4166666666666667,Tech & Engineering,Gemma-4|Llama-3.2|Pixtral,1
mmmu,GLP,test_Mechanical_Engineering_424,MiC,Llama-3.2,0.0,0.25,Tech & Engineering,Gemma-4|Llama-3.2|Pixtral,3
mmmu,GLP,test_Mechanical_Engineering_43,CC,Gemma-4,0.0,0.25,Tech & Engineering,Gemma-4|Llama-3.2|Pixtral,1
mmmu,GLP,test_Mechanical_Engineering_44,MiC,Gemma-4,0.0,0.6666666666666667,Tech & Engineering,Gemma-4|Llama-3.2|Pixtral,1
mmmu,GLP,test_Mechanical_Engineering_46,CC,Llama-3.2,0.0,0.16666666666666666,Tech & Engineering,Gemma-4|Llama-3.2|Pixtral,3
mmmu,GLP,test_Mechanical_Engineering_60,CC,Gemma-4,1.0,1.0,Tech & Engineering,Gemma-4|Llama-3.2|Pixtral,1
mmmu,GLP,test_Mechanical_Engineering_81,CC,Llama-3.2,0.0,0.5,Tech & Engineering,Gemma-4|Llama-3.2|Pixtral,3
mmmu,GLP,test_Mechanical_Engineering_85,MiC,Pixtral,0.0,0.08333333333333333,Tech & Engineering,Gemma-4|Llama-3.2|Pixtral,2
mmmu,GLP,test_Music_100,CC,Pixtral,1.0,0.0,Art & Design,Gemma-4|Llama-3.2|Pixtral,2
mmmu,GLP,test_Music_136,MiC,Pixtral,0.0,0.3333333333333333,Art & Design,Gemma-4|Llama-3.2|Pixtral,2
mmmu,GLP,test_Music_186,MiC,Pixtral,0.0,0.3333333333333333,Art & Design,Gemma-4|Llama-3.2|Pixtral,2
mmmu,GLP,test_Music_21,MiC,Gemma-4,1.0,0.08333333333333333,Art & Design,Gemma-4|Llama-3.2|Pixtral,1
mmmu,GLP,test_Music_211,MiC,Llama-3.2,0.0,0.08333333333333333,Art & Design,Gemma-4|Llama-3.2|Pixtral,3
mmmu,GLP,test_Music_244,MiC,Gemma-4,0.0,0.3333333333333333,Art & Design,Gemma-4|Llama-3.2|Pixtral,1
mmmu,GLP,test_Music_245,MiC,Pixtral,0.0,0.0,Art & Design,Gemma-4|Llama-3.2|Pixtral,2
mmmu,GLP,test_Music_266,CC,Llama-3.2,0.0,0.16666666666666666,Art & Design,Gemma-4|Llama-3.2|Pixtral,3
mmmu,GLP,test_Music_290,CC,Llama-3.2,0.0,0.08333333333333333,Art & Design,Gemma-4|Llama-3.2|Pixtral,3
mmmu,GLP,test_Music_310,CC,Llama-3.2,0.0,0.5833333333333334,Art & Design,Gemma-4|Llama-3.2|Pixtral,3
mmmu,GLP,test_Music_322,CC,Gemma-4,1.0,0.08333333333333333,Art & Design,Gemma-4|Llama-3.2|Pixtral,1
mmmu,GLP,test_Music_39,CC,Llama-3.2,0.0,0.0,Art & Design,Gemma-4|Llama-3.2|Pixtral,3
mmmu,GLP,test_Music_60,CC,Gemma-4,1.0,0.5,Art & Design,Gemma-4|Llama-3.2|Pixtral,1
mmmu,GLP,test_Music_85,MiC,Llama-3.2,0.0,0.6666666666666666,Art & Design,Gemma-4|Llama-3.2|Pixtral,3
mmmu,GLP,test_Music_92,MiC,Gemma-4,0.3333333333333333,0.25,Art & Design,Gemma-4|Llama-3.2|Pixtral,1
mmmu,GLP,test_Music_99,MiC,Gemma-4,1.0,0.5,Art & Design,Gemma-4|Llama-3.2|Pixtral,1
mmmu,GLP,test_Pharmacy_112,MiC,Pixtral,0.0,0.0,Health & Medicine,Gemma-4|Llama-3.2|Pixtral,2
mmmu,GLP,test_Pharmacy_175,MiC,Gemma-4,0.0,0.5,Health & Medicine,Gemma-4|Llama-3.2|Pixtral,1
mmmu,GLP,test_Pharmacy_205,MiC,Gemma-4,1.0,0.5833333333333334,Health & Medicine,Gemma-4|Llama-3.2|Pixtral,1
mmmu,GLP,test_Pharmacy_239,MiC,Gemma-4,0.0,0.6666666666666666,Health & Medicine,Gemma-4|Llama-3.2|Pixtral,1
mmmu,GLP,test_Pharmacy_257,MiC,Gemma-4,0.0,1.0,Health & Medicine,Gemma-4|Llama-3.2|Pixtral,1
mmmu,GLP,test_Pharmacy_258,MiC,Gemma-4,0.0,0.5,Health & Medicine,Gemma-4|Llama-3.2|Pixtral,1
mmmu,GLP,test_Pharmacy_299,CC,Llama-3.2,1.0,0.08333333333333333,Health & Medicine,Gemma-4|Llama-3.2|Pixtral,3
mmmu,GLP,test_Pharmacy_321,MiC,Gemma-4,1.0,1.0,Health & Medicine,Gemma-4|Llama-3.2|Pixtral,1
mmmu,GLP,test_Pharmacy_350,MiC,Pixtral,0.0,0.0,Health & Medicine,Gemma-4|Llama-3.2|Pixtral,2
mmmu,GLP,test_Pharmacy_387,CC,Gemma-4,1.0,0.25,Health & Medicine,Gemma-4|Llama-3.2|Pixtral,1
mmmu,GLP,test_Physics_113,MiC,Gemma-4,0.0,0.5,Science,Gemma-4|Llama-3.2|Pixtral,1
mmmu,GLP,test_Physics_118,CC,Gemma-4,1.0,1.0,Science,Gemma-4|Llama-3.2|Pixtral,1
mmmu,GLP,test_Physics_121,MiC,Gemma-4,0.0,0.5,Science,Gemma-4|Llama-3.2|Pixtral,1
mmmu,GLP,test_Physics_126,MiC,Gemma-4,1.0,0.5,Science,Gemma-4|Llama-3.2|Pixtral,1
mmmu,GLP,test_Physics_150,CC,Gemma-4,1.0,1.0,Science,Gemma-4|Llama-3.2|Pixtral,1
mmmu,GLP,test_Physics_158,CC,Gemma-4,0.3333333333333333,0.6666666666666666,Science,Gemma-4|Llama-3.2|Pixtral,1
mmmu,GLP,test_Physics_167,MiC,Pixtral,0.0,0.0,Science,Gemma-4|Llama-3.2|Pixtral,2
mmmu,GLP,test_Physics_230,CC,Gemma-4,1.0,1.0,Science,Gemma-4|Llama-3.2|Pixtral,1
mmmu,GLP,test_Physics_258,CC,Gemma-4,1.0,0.6666666666666666,Science,Gemma-4|Llama-3.2|Pixtral,1
mmmu,GLP,test_Physics_271,MiC,Gemma-4,1.0,0.08333333333333333,Science,Gemma-4|Llama-3.2|Pixtral,1
mmmu,GLP,test_Physics_326,CC,Gemma-4,1.0,0.5,Science,Gemma-4|Llama-3.2|Pixtral,1
mmmu,GLP,test_Physics_350,MiC,Pixtral,0.0,0.3333333333333333,Science,Gemma-4|Llama-3.2|Pixtral,2
mmmu,GLP,test_Physics_389,MiC,Gemma-4,1.0,0.5,Science,Gemma-4|Llama-3.2|Pixtral,1
mmmu,GLP,test_Physics_394,CC,Llama-3.2,0.0,0.5833333333333334,Science,Gemma-4|Llama-3.2|Pixtral,3
mmmu,GLP,test_Physics_396,CC,Gemma-4,1.0,1.0,Science,Gemma-4|Llama-3.2|Pixtral,1
mmmu,GLP,test_Physics_404,MiC,Llama-3.2,1.0,1.0,Science,Gemma-4|Llama-3.2|Pixtral,3
mmmu,GLP,test_Physics_47,CC,Gemma-4,1.0,0.4166666666666667,Science,Gemma-4|Llama-3.2|Pixtral,1
mmmu,GLP,test_Physics_6,MiC,Gemma-4,1.0,1.0,Science,Gemma-4|Llama-3.2|Pixtral,1
mmmu,GLP,test_Psychology_105,MiC,Gemma-4,0.0,0.16666666666666666,Humanities & Social Science,Gemma-4|Llama-3.2|Pixtral,1
mmmu,GLP,test_Psychology_112,MiC,Gemma-4,1.0,0.3333333333333333,Humanities & Social Science,Gemma-4|Llama-3.2|Pixtral,1
mmmu,GLP,test_Psychology_135,MiC,Gemma-4,0.0,0.5,Humanities & Social Science,Gemma-4|Llama-3.2|Pixtral,1
mmmu,GLP,test_Psychology_138,CC,Gemma-4,1.0,0.5,Humanities & Social Science,Gemma-4|Llama-3.2|Pixtral,1
mmmu,GLP,test_Psychology_14,MiC,Llama-3.2,1.0,0.5,Humanities & Social Science,Gemma-4|Llama-3.2|Pixtral,3
mmmu,GLP,test_Psychology_172,MiC,Gemma-4,1.0,1.0,Humanities & Social Science,Gemma-4|Llama-3.2|Pixtral,1
mmmu,GLP,test_Psychology_266,CC,Gemma-4,1.0,1.0,Humanities & Social Science,Gemma-4|Llama-3.2|Pixtral,1
mmmu,GLP,test_Psychology_282,CC,Gemma-4,1.0,0.5,Humanities & Social Science,Gemma-4|Llama-3.2|Pixtral,1
mmmu,GLP,test_Psychology_287,CC,Pixtral,1.0,0.5,Humanities & Social Science,Gemma-4|Llama-3.2|Pixtral,2
mmmu,GLP,test_Psychology_288,MiC,Pixtral,1.0,0.5,Humanities & Social Science,Gemma-4|Llama-3.2|Pixtral,2
mmmu,GLP,test_Psychology_38,CC,Llama-3.2,1.0,0.0,Humanities & Social Science,Gemma-4|Llama-3.2|Pixtral,3
mmmu,GLP,test_Public_Health_112,MiC,Pixtral,0.0,0.08333333333333333,Health & Medicine,Gemma-4|Llama-3.2|Pixtral,2
mmmu,GLP,test_Public_Health_149,MiC,Gemma-4,0.0,1.0,Health & Medicine,Gemma-4|Llama-3.2|Pixtral,1
mmmu,GLP,test_Public_Health_190,MiC,Gemma-4,1.0,0.75,Health & Medicine,Gemma-4|Llama-3.2|Pixtral,1
mmmu,GLP,test_Public_Health_278,MiC,Pixtral,0.0,0.5833333333333334,Health & Medicine,Gemma-4|Llama-3.2|Pixtral,2
mmmu,GLP,test_Public_Health_324,CC,Gemma-4,1.0,1.0,Health & Medicine,Gemma-4|Llama-3.2|Pixtral,1
mmmu,GLP,test_Public_Health_325,CC,Pixtral,1.0,0.5,Health & Medicine,Gemma-4|Llama-3.2|Pixtral,2
mmmu,GLP,test_Public_Health_36,CC,Pixtral,1.0,0.0,Health & Medicine,Gemma-4|Llama-3.2|Pixtral,2
mmmu,GLP,test_Public_Health_40,MiC,Llama-3.2,0.0,0.5833333333333334,Health & Medicine,Gemma-4|Llama-3.2|Pixtral,3
mmmu,GLP,test_Public_Health_405,CC,Gemma-4,1.0,0.5,Health & Medicine,Gemma-4|Llama-3.2|Pixtral,1
mmmu,GLP,test_Public_Health_442,MiC,Gemma-4,1.0,0.5833333333333334,Health & Medicine,Gemma-4|Llama-3.2|Pixtral,1
mmmu,GLP,test_Public_Health_72,CC,Gemma-4,1.0,0.8333333333333333,Health & Medicine,Gemma-4|Llama-3.2|Pixtral,1
mmmu,GLP,test_Sociology_109,MiC,Pixtral,1.0,0.5,Humanities & Social Science,Gemma-4|Llama-3.2|Pixtral,2
mmmu,GLP,test_Sociology_147,MiC,Llama-3.2,0.0,0.5,Humanities & Social Science,Gemma-4|Llama-3.2|Pixtral,3
mmmu,GLP,test_Sociology_183,MiC,Llama-3.2,0.0,0.5,Humanities & Social Science,Gemma-4|Llama-3.2|Pixtral,3
mmmu,GLP,test_Sociology_193,MiC,Gemma-4,1.0,1.0,Humanities & Social Science,Gemma-4|Llama-3.2|Pixtral,1
mmmu,GLP,test_Sociology_75,CC,Gemma-4,0.0,0.6666666666666666,Humanities & Social Science,Gemma-4|Llama-3.2|Pixtral,1
mmmu,GLP,test_Sociology_90,CC,Pixtral,1.0,0.5,Humanities & Social Science,Gemma-4|Llama-3.2|Pixtral,2
mmmu,GLP,validation_Accounting_11,CC,Gemma-4,0.0,1.0,Business,Gemma-4|Llama-3.2|Pixtral,1
mmmu,GLP,validation_Accounting_18,CC,Gemma-4,0.0,1.0,Business,Gemma-4|Llama-3.2|Pixtral,1
mmmu,GLP,validation_Architecture_and_Engineering_3,CC,Gemma-4,0.0,0.25,Tech & Engineering,Gemma-4|Llama-3.2|Pixtral,1
mmmu,GLP,validation_Art_11,MiC,Gemma-4,0.0,0.9166666666666667,Art & Design,Gemma-4|Llama-3.2|Pixtral,1
mmmu,GLP,validation_Art_12,MiC,Llama-3.2,0.0,0.0,Art & Design,Gemma-4|Llama-3.2|Pixtral,3
mmmu,GLP,validation_Basic_Medical_Science_28,CC,Llama-3.2,0.0,0.5,Health & Medicine,Gemma-4|Llama-3.2|Pixtral,3
mmmu,GLP,validation_Biology_22,CC,Gemma-4,1.0,0.16666666666666666,Science,Gemma-4|Llama-3.2|Pixtral,1
mmmu,GLP,validation_Chemistry_28,CC,Pixtral,0.0,0.75,Science,Gemma-4|Llama-3.2|Pixtral,2
mmmu,GLP,validation_Chemistry_6,CC,Gemma-4,1.0,0.0,Science,Gemma-4|Llama-3.2|Pixtral,1
mmmu,GLP,validation_Design_11,CC,Gemma-4,1.0,1.0,Art & Design,Gemma-4|Llama-3.2|Pixtral,1
mmmu,GLP,validation_Design_25,MiC,Llama-3.2,0.0,1.0,Art & Design,Gemma-4|Llama-3.2|Pixtral,3
mmmu,GLP,validation_Diagnostics_and_Laboratory_Medicine_14,MiC,Pixtral,0.0,0.0,Health & Medicine,Gemma-4|Llama-3.2|Pixtral,2
mmmu,GLP,validation_Diagnostics_and_Laboratory_Medicine_21,MiC,Llama-3.2,0.0,0.16666666666666666,Health & Medicine,Gemma-4|Llama-3.2|Pixtral,3
mmmu,GLP,validation_Diagnostics_and_Laboratory_Medicine_28,MiC,Gemma-4,1.0,0.6666666666666667,Health & Medicine,Gemma-4|Llama-3.2|Pixtral,1
mmmu,GLP,validation_Diagnostics_and_Laboratory_Medicine_5,CC,Pixtral,1.0,1.0,Health & Medicine,Gemma-4|Llama-3.2|Pixtral,2
mmmu,GLP,validation_Electronics_7,MiC,Gemma-4,1.0,0.75,Tech & Engineering,Gemma-4|Llama-3.2|Pixtral,1
mmmu,GLP,validation_Finance_28,CC,Gemma-4,1.0,0.41666666666666663,Business,Gemma-4|Llama-3.2|Pixtral,1
mmmu,GLP,validation_Finance_9,MiC,Gemma-4,1.0,0.4166666666666667,Business,Gemma-4|Llama-3.2|Pixtral,1
mmmu,GLP,validation_Literature_26,CC,Gemma-4,0.0,0.5,Humanities & Social Science,Gemma-4|Llama-3.2|Pixtral,1
mmmu,GLP,validation_Manage_18,CC,Pixtral,0.0,0.4166666666666667,Business,Gemma-4|Llama-3.2|Pixtral,2
mmmu,GLP,validation_Marketing_13,MiC,Gemma-4,1.0,1.0,Business,Gemma-4|Llama-3.2|Pixtral,1
mmmu,GLP,validation_Materials_29,MiC,Gemma-4,1.0,1.0,Tech & Engineering,Gemma-4|Llama-3.2|Pixtral,1
mmmu,GLP,validation_Math_17,CC,Pixtral,1.0,0.0,Science,Gemma-4|Llama-3.2|Pixtral,2
mmmu,GLP,validation_Mechanical_Engineering_30,CC,Gemma-4,0.3333333333333333,0.0,Tech & Engineering,Gemma-4|Llama-3.2|Pixtral,1
mmmu,GLP,validation_Mechanical_Engineering_5,CC,Gemma-4,0.0,0.8333333333333334,Tech & Engineering,Gemma-4|Llama-3.2|Pixtral,1
mmmu,GLP,validation_Music_3,MiC,Pixtral,0.0,0.5,Art & Design,Gemma-4|Llama-3.2|Pixtral,2
mmmu,GLP,validation_Music_5,CC,Gemma-4,1.0,0.5,Art & Design,Gemma-4|Llama-3.2|Pixtral,1
mmmu,GLP,validation_Physics_27,CC,Gemma-4,1.0,0.9166666666666667,Science,Gemma-4|Llama-3.2|Pixtral,1
mmmu,GLP,validation_Physics_30,MiC,Gemma-4,1.0,0.9166666666666667,Science,Gemma-4|Llama-3.2|Pixtral,1
mmmu,GLP,validation_Public_Health_7,CC,Gemma-4,1.0,0.9166666666666667,Health & Medicine,Gemma-4|Llama-3.2|Pixtral,1
mmmu,GLQ,test_Accounting_169,CC,Qwen3.5,1.0,0.6666666666666666,Business,Gemma-4|Llama-3.2|Qwen3.5,2
mmmu,GLQ,test_Accounting_212,MiC,Gemma-4,1.0,0.08333333333333333,Business,Gemma-4|Llama-3.2|Qwen3.5,1
mmmu,GLQ,test_Accounting_364,CC,Gemma-4,1.0,0.4166666666666667,Business,Gemma-4|Llama-3.2|Qwen3.5,1
mmmu,GLQ,test_Accounting_60,MiC,Qwen3.5,1.0,0.5833333333333333,Business,Gemma-4|Llama-3.2|Qwen3.5,2
mmmu,GLQ,test_Accounting_84,CC,Qwen3.5,1.0,0.0,Business,Gemma-4|Llama-3.2|Qwen3.5,2
mmmu,GLQ,test_Agriculture_145,MiC,Qwen3.5,1.0,0.5,Tech & Engineering,Gemma-4|Llama-3.2|Qwen3.5,2
mmmu,GLQ,test_Agriculture_170,MiC,Qwen3.5,1.0,0.0,Tech & Engineering,Gemma-4|Llama-3.2|Qwen3.5,2
mmmu,GLQ,test_Agriculture_179,MiC,Qwen3.5,1.0,0.25,Tech & Engineering,Gemma-4|Llama-3.2|Qwen3.5,2
mmmu,GLQ,test_Agriculture_194,MiC,Llama-3.2,0.0,0.0,Tech & Engineering,Gemma-4|Llama-3.2|Qwen3.5,3
mmmu,GLQ,test_Agriculture_198,MiC,Qwen3.5,1.0,0.0,Tech & Engineering,Gemma-4|Llama-3.2|Qwen3.5,2
mmmu,GLQ,test_Agriculture_22,MiC,Gemma-4,1.0,0.0,Tech & Engineering,Gemma-4|Llama-3.2|Qwen3.5,1
mmmu,GLQ,test_Agriculture_268,CC,Gemma-4,1.0,0.5,Tech & Engineering,Gemma-4|Llama-3.2|Qwen3.5,1
mmmu,GLQ,test_Agriculture_30,CC,Qwen3.5,1.0,0.0,Tech & Engineering,Gemma-4|Llama-3.2|Qwen3.5,2
mmmu,GLQ,test_Agriculture_50,CC,Qwen3.5,1.0,0.0,Tech & Engineering,Gemma-4|Llama-3.2|Qwen3.5,2
mmmu,GLQ,test_Agriculture_87,CC,Llama-3.2,0.0,0.8333333333333333,Tech & Engineering,Gemma-4|Llama-3.2|Qwen3.5,3
mmmu,GLQ,test_Architecture_and_Engineering_115,MiC,Gemma-4,0.0,0.08333333333333333,Tech & Engineering,Gemma-4|Llama-3.2|Qwen3.5,1
mmmu,GLQ,test_Architecture_and_Engineering_230,MiC,Gemma-4,1.0,0.5,Tech & Engineering,Gemma-4|Llama-3.2|Qwen3.5,1
mmmu,GLQ,test_Architecture_and_Engineering_283,MiC,Qwen3.5,1.0,0.3333333333333333,Tech & Engineering,Gemma-4|Llama-3.2|Qwen3.5,2
mmmu,GLQ,test_Architecture_and_Engineering_290,CC,Qwen3.5,1.0,0.16666666666666666,Tech & Engineering,Gemma-4|Llama-3.2|Qwen3.5,2
mmmu,GLQ,test_Architecture_and_Engineering_460,CC,Llama-3.2,0.3333333333333333,0.25,Tech & Engineering,Gemma-4|Llama-3.2|Qwen3.5,3
mmmu,GLQ,test_Architecture_and_Engineering_49,MiC,Qwen3.5,1.0,0.8333333333333333,Tech & Engineering,Gemma-4|Llama-3.2|Qwen3.5,2
mmmu,GLQ,test_Architecture_and_Engineering_510,CC,Gemma-4,1.0,0.08333333333333333,Tech & Engineering,Gemma-4|Llama-3.2|Qwen3.5,1
mmmu,GLQ,test_Architecture_and_Engineering_532,CC,Llama-3.2,1.0,0.5,Tech & Engineering,Gemma-4|Llama-3.2|Qwen3.5,3
mmmu,GLQ,test_Architecture_and_Engineering_533,MiC,Llama-3.2,0.0,0.0,Tech & Engineering,Gemma-4|Llama-3.2|Qwen3.5,3
mmmu,GLQ,test_Architecture_and_Engineering_55,CC,Qwen3.5,1.0,0.0,Tech & Engineering,Gemma-4|Llama-3.2|Qwen3.5,2
mmmu,GLQ,test_Art_159,MiC,Gemma-4,0.0,0.5833333333333334,Art & Design,Gemma-4|Llama-3.2|Qwen3.5,1
mmmu,GLQ,test_Art_181,MiC,Qwen3.5,1.0,0.25,Art & Design,Gemma-4|Llama-3.2|Qwen3.5,2
mmmu,GLQ,test_Art_182,MiC,Gemma-4,0.0,0.6666666666666666,Art & Design,Gemma-4|Llama-3.2|Qwen3.5,1
mmmu,GLQ,test_Art_26,CC,Gemma-4,0.0,0.5,Art & Design,Gemma-4|Llama-3.2|Qwen3.5,1
mmmu,GLQ,test_Art_48,MiC,Llama-3.2,0.0,1.0,Art & Design,Gemma-4|Llama-3.2|Qwen3.5,3
mmmu,GLQ,test_Art_92,CC,Gemma-4,1.0,0.0,Art & Design,Gemma-4|Llama-3.2|Qwen3.5,1
mmmu,GLQ,test_Art_Theory_170,CC,Qwen3.5,0.0,0.5,Art & Design,Gemma-4|Llama-3.2|Qwen3.5,2
mmmu,GLQ,test_Art_Theory_346,CC,Gemma-4,1.0,0.8333333333333333,Art & Design,Gemma-4|Llama-3.2|Qwen3.5,1
mmmu,GLQ,test_Art_Theory_387,CC,Qwen3.5,1.0,1.0,Art & Design,Gemma-4|Llama-3.2|Qwen3.5,2
mmmu,GLQ,test_Basic_Medical_Science_177,MiC,Gemma-4,1.0,0.5,Health & Medicine,Gemma-4|Llama-3.2|Qwen3.5,1
mmmu,GLQ,test_Basic_Medical_Science_206,MiC,Llama-3.2,1.0,0.16666666666666666,Health & Medicine,Gemma-4|Llama-3.2|Qwen3.5,3
mmmu,GLQ,test_Basic_Medical_Science_23,CC,Llama-3.2,0.0,0.0,Health & Medicine,Gemma-4|Llama-3.2|Qwen3.5,3
mmmu,GLQ,test_Basic_Medical_Science_24,CC,Llama-3.2,0.0,0.0,Health & Medicine,Gemma-4|Llama-3.2|Qwen3.5,3
mmmu,GLQ,test_Basic_Medical_Science_25,CC,Gemma-4,1.0,0.5,Health & Medicine,Gemma-4|Llama-3.2|Qwen3.5,1
mmmu,GLQ,test_Basic_Medical_Science_254,MiC,Gemma-4,1.0,0.5833333333333334,Health & Medicine,Gemma-4|Llama-3.2|Qwen3.5,1
mmmu,GLQ,test_Basic_Medical_Science_274,MiC,Gemma-4,1.0,0.75,Health & Medicine,Gemma-4|Llama-3.2|Qwen3.5,1
mmmu,GLQ,test_Basic_Medical_Science_78,CC,Qwen3.5,1.0,0.5,Health & Medicine,Gemma-4|Llama-3.2|Qwen3.5,2
mmmu,GLQ,test_Basic_Medical_Science_94,MiC,Qwen3.5,1.0,0.8333333333333333,Health & Medicine,Gemma-4|Llama-3.2|Qwen3.5,2
mmmu,GLQ,test_Biology_103,CC,Gemma-4,0.0,0.16666666666666666,Science,Gemma-4|Llama-3.2|Qwen3.5,1
mmmu,GLQ,test_Biology_110,CC,Qwen3.5,0.0,0.0,Science,Gemma-4|Llama-3.2|Qwen3.5,2
mmmu,GLQ,test_Biology_12,CC,Gemma-4,1.0,0.0,Science,Gemma-4|Llama-3.2|Qwen3.5,1
mmmu,GLQ,test_Biology_154,MiC,Gemma-4,0.0,0.0,Science,Gemma-4|Llama-3.2|Qwen3.5,1
mmmu,GLQ,test_Biology_17,MiC,Gemma-4,1.0,0.25,Science,Gemma-4|Llama-3.2|Qwen3.5,1
mmmu,GLQ,test_Biology_183,CC,Gemma-4,1.0,0.5833333333333334,Science,Gemma-4|Llama-3.2|Qwen3.5,1
mmmu,GLQ,test_Biology_2,MiC,Llama-3.2,0.0,0.5,Science,Gemma-4|Llama-3.2|Qwen3.5,3
mmmu,GLQ,test_Biology_239,MiC,Llama-3.2,0.0,0.5,Science,Gemma-4|Llama-3.2|Qwen3.5,3
mmmu,GLQ,test_Biology_256,CC,Qwen3.5,1.0,0.25,Science,Gemma-4|Llama-3.2|Qwen3.5,2
mmmu,GLQ,test_Biology_287,MiC,Gemma-4,0.0,0.08333333333333333,Science,Gemma-4|Llama-3.2|Qwen3.5,1
mmmu,GLQ,test_Biology_337,CC,Llama-3.2,0.0,0.0,Science,Gemma-4|Llama-3.2|Qwen3.5,3
mmmu,GLQ,test_Biology_73,MiC,Qwen3.5,1.0,0.0,Science,Gemma-4|Llama-3.2|Qwen3.5,2
mmmu,GLQ,test_Chemistry_245,CC,Gemma-4,0.0,0.25,Science,Gemma-4|Llama-3.2|Qwen3.5,1
mmmu,GLQ,test_Chemistry_401,MiC,Llama-3.2,0.0,0.5833333333333334,Science,Gemma-4|Llama-3.2|Qwen3.5,3
mmmu,GLQ,test_Chemistry_466,CC,Qwen3.5,1.0,0.41666666666666663,Science,Gemma-4|Llama-3.2|Qwen3.5,2
mmmu,GLQ,test_Chemistry_540,CC,Gemma-4,1.0,0.0,Science,Gemma-4|Llama-3.2|Qwen3.5,1
mmmu,GLQ,test_Chemistry_571,CC,Gemma-4,1.0,1.0,Science,Gemma-4|Llama-3.2|Qwen3.5,1
mmmu,GLQ,test_Chemistry_586,CC,Gemma-4,0.0,0.0,Science,Gemma-4|Llama-3.2|Qwen3.5,1
mmmu,GLQ,test_Chemistry_68,CC,Qwen3.5,1.0,0.8333333333333333,Science,Gemma-4|Llama-3.2|Qwen3.5,2
mmmu,GLQ,test_Clinical_Medicine_12,CC,Gemma-4,1.0,0.3333333333333333,Health & Medicine,Gemma-4|Llama-3.2|Qwen3.5,1
mmmu,GLQ,test_Clinical_Medicine_131,CC,Llama-3.2,0.0,0.0,Health & Medicine,Gemma-4|Llama-3.2|Qwen3.5,3
mmmu,GLQ,test_Clinical_Medicine_169,MiC,Qwen3.5,1.0,0.5833333333333334,Health & Medicine,Gemma-4|Llama-3.2|Qwen3.5,2
mmmu,GLQ,test_Clinical_Medicine_197,MiC,Gemma-4,0.0,0.5,Health & Medicine,Gemma-4|Llama-3.2|Qwen3.5,1
mmmu,GLQ,test_Clinical_Medicine_198,CC,Gemma-4,1.0,0.0,Health & Medicine,Gemma-4|Llama-3.2|Qwen3.5,1
mmmu,GLQ,test_Clinical_Medicine_259,MiC,Gemma-4,1.0,0.5,Health & Medicine,Gemma-4|Llama-3.2|Qwen3.5,1
mmmu,GLQ,test_Clinical_Medicine_271,CC,Llama-3.2,0.0,0.0,Health & Medicine,Gemma-4|Llama-3.2|Qwen3.5,3
mmmu,GLQ,test_Clinical_Medicine_302,MiC,Llama-3.2,0.0,0.5,Health & Medicine,Gemma-4|Llama-3.2|Qwen3.5,3
mmmu,GLQ,test_Clinical_Medicine_40,MiC,Gemma-4,1.0,0.0,Health & Medicine,Gemma-4|Llama-3.2|Qwen3.5,1
mmmu,GLQ,test_Clinical_Medicine_42,MiC,Gemma-4,0.0,1.0,Health & Medicine,Gemma-4|Llama-3.2|Qwen3.5,1
mmmu,GLQ,test_Clinical_Medicine_75,MiC,Gemma-4,1.0,0.4166666666666667,Health & Medicine,Gemma-4|Llama-3.2|Qwen3.5,1
mmmu,GLQ,test_Clinical_Medicine_85,CC,Qwen3.5,1.0,0.4166666666666667,Health & Medicine,Gemma-4|Llama-3.2|Qwen3.5,2
mmmu,GLQ,test_Computer_Science_152,MiC,Llama-3.2,0.0,0.5,Tech & Engineering,Gemma-4|Llama-3.2|Qwen3.5,3
mmmu,GLQ,test_Computer_Science_229,MiC,Llama-3.2,0.0,1.0,Tech & Engineering,Gemma-4|Llama-3.2|Qwen3.5,3
mmmu,GLQ,test_Computer_Science_268,CC,Gemma-4,0.0,0.5,Tech & Engineering,Gemma-4|Llama-3.2|Qwen3.5,1
mmmu,GLQ,test_Computer_Science_294,CC,Qwen3.5,1.0,0.0,Tech & Engineering,Gemma-4|Llama-3.2|Qwen3.5,2
mmmu,GLQ,test_Computer_Science_327,CC,Gemma-4,1.0,0.16666666666666666,Tech & Engineering,Gemma-4|Llama-3.2|Qwen3.5,1
mmmu,GLQ,test_Computer_Science_344,MiC,Gemma-4,1.0,0.08333333333333333,Tech & Engineering,Gemma-4|Llama-3.2|Qwen3.5,1
mmmu,GLQ,test_Computer_Science_4,CC,Qwen3.5,1.0,0.5833333333333334,Tech & Engineering,Gemma-4|Llama-3.2|Qwen3.5,2
mmmu,GLQ,test_Computer_Science_62,MiC,Llama-3.2,0.0,0.08333333333333333,Tech & Engineering,Gemma-4|Llama-3.2|Qwen3.5,3
mmmu,GLQ,test_Design_44,MiC,Gemma-4,1.0,0.0,Art & Design,Gemma-4|Llama-3.2|Qwen3.5,1
mmmu,GLQ,test_Design_52,CC,Qwen3.5,1.0,0.5,Art & Design,Gemma-4|Llama-3.2|Qwen3.5,2
mmmu,GLQ,test_Diagnostics_and_Laboratory_Medicine_121,CC,Llama-3.2,0.0,0.5833333333333334,Health & Medicine,Gemma-4|Llama-3.2|Qwen3.5,3
mmmu,GLQ,test_Diagnostics_and_Laboratory_Medicine_124,CC,Gemma-4,0.0,0.0,Health & Medicine,Gemma-4|Llama-3.2|Qwen3.5,1
mmmu,GLQ,test_Diagnostics_and_Laboratory_Medicine_154,MiC,Llama-3.2,0.0,0.0,Health & Medicine,Gemma-4|Llama-3.2|Qwen3.5,3
mmmu,GLQ,test_Diagnostics_and_Laboratory_Medicine_23,CC,Gemma-4,1.0,0.0,Health & Medicine,Gemma-4|Llama-3.2|Qwen3.5,1
mmmu,GLQ,test_Diagnostics_and_Laboratory_Medicine_42,MiC,Qwen3.5,1.0,0.5,Health & Medicine,Gemma-4|Llama-3.2|Qwen3.5,2
mmmu,GLQ,test_Diagnostics_and_Laboratory_Medicine_92,MiC,Gemma-4,1.0,0.0,Health & Medicine,Gemma-4|Llama-3.2|Qwen3.5,1
mmmu,GLQ,test_Diagnostics_and_Laboratory_Medicine_95,MiC,Gemma-4,1.0,0.25,Health & Medicine,Gemma-4|Llama-3.2|Qwen3.5,1
mmmu,GLQ,test_Diagnostics_and_Laboratory_Medicine_97,CC,Llama-3.2,0.0,0.0,Health & Medicine,Gemma-4|Llama-3.2|Qwen3.5,3
mmmu,GLQ,test_Economics_11,CC,Gemma-4,1.0,0.75,Business,Gemma-4|Llama-3.2|Qwen3.5,1
mmmu,GLQ,test_Economics_179,CC,Qwen3.5,1.0,0.8333333333333333,Business,Gemma-4|Llama-3.2|Qwen3.5,2
mmmu,GLQ,test_Economics_195,MiC,Qwen3.5,1.0,0.5,Business,Gemma-4|Llama-3.2|Qwen3.5,2
mmmu,GLQ,test_Economics_252,CC,Llama-3.2,0.0,0.6666666666666666,Business,Gemma-4|Llama-3.2|Qwen3.5,3
mmmu,GLQ,test_Electronics_116,CC,Gemma-4,1.0,0.41666666666666663,Tech & Engineering,Gemma-4|Llama-3.2|Qwen3.5,1
mmmu,GLQ,test_Electronics_14,MiC,Gemma-4,1.0,0.41666666666666663,Tech & Engineering,Gemma-4|Llama-3.2|Qwen3.5,1
mmmu,GLQ,test_Electronics_169,MiC,Qwen3.5,1.0,0.3333333333333333,Tech & Engineering,Gemma-4|Llama-3.2|Qwen3.5,2
mmmu,GLQ,test_Electronics_179,CC,Qwen3.5,1.0,0.41666666666666663,Tech & Engineering,Gemma-4|Llama-3.2|Qwen3.5,2
mmmu,GLQ,test_Electronics_184,CC,Gemma-4,1.0,0.75,Tech & Engineering,Gemma-4|Llama-3.2|Qwen3.5,1
mmmu,GLQ,test_Electronics_22,MiC,Gemma-4,1.0,1.0,Tech & Engineering,Gemma-4|Llama-3.2|Qwen3.5,1
mmmu,GLQ,test_Electronics_248,CC,Qwen3.5,1.0,0.25,Tech & Engineering,Gemma-4|Llama-3.2|Qwen3.5,2
mmmu,GLQ,test_Electronics_29,MiC,Qwen3.5,1.0,0.5,Tech & Engineering,Gemma-4|Llama-3.2|Qwen3.5,2
mmmu,GLQ,test_Electronics_49,MiC,Llama-3.2,1.0,0.5833333333333333,Tech & Engineering,Gemma-4|Llama-3.2|Qwen3.5,3
mmmu,GLQ,test_Electronics_55,CC,Qwen3.5,1.0,0.9166666666666667,Tech & Engineering,Gemma-4|Llama-3.2|Qwen3.5,2
mmmu,GLQ,test_Electronics_6,CC,Gemma-4,1.0,0.25,Tech & Engineering,Gemma-4|Llama-3.2|Qwen3.5,1
mmmu,GLQ,test_Electronics_71,CC,Llama-3.2,0.0,0.16666666666666666,Tech & Engineering,Gemma-4|Llama-3.2|Qwen3.5,3
mmmu,GLQ,test_Electronics_97,CC,Llama-3.2,1.0,0.0,Tech & Engineering,Gemma-4|Llama-3.2|Qwen3.5,3
mmmu,GLQ,test_Energy_and_Power_125,CC,Gemma-4,1.0,0.5,Tech & Engineering,Gemma-4|Llama-3.2|Qwen3.5,1
mmmu,GLQ,test_Energy_and_Power_171,CC,Gemma-4,1.0,0.08333333333333333,Tech & Engineering,Gemma-4|Llama-3.2|Qwen3.5,1
mmmu,GLQ,test_Energy_and_Power_209,CC,Gemma-4,1.0,0.8333333333333333,Tech & Engineering,Gemma-4|Llama-3.2|Qwen3.5,1
mmmu,GLQ,test_Energy_and_Power_220,CC,Gemma-4,1.0,0.75,Tech & Engineering,Gemma-4|Llama-3.2|Qwen3.5,1
mmmu,GLQ,test_Energy_and_Power_24,CC,Llama-3.2,0.0,0.25,Tech & Engineering,Gemma-4|Llama-3.2|Qwen3.5,3
mmmu,GLQ,test_Energy_and_Power_266,CC,Gemma-4,0.0,0.5,Tech & Engineering,Gemma-4|Llama-3.2|Qwen3.5,1
mmmu,GLQ,test_Energy_and_Power_352,CC,Llama-3.2,1.0,0.5833333333333334,Tech & Engineering,Gemma-4|Llama-3.2|Qwen3.5,3
mmmu,GLQ,test_Energy_and_Power_389,MiC,Qwen3.5,1.0,0.3333333333333333,Tech & Engineering,Gemma-4|Llama-3.2|Qwen3.5,2
mmmu,GLQ,test_Energy_and_Power_39,CC,Gemma-4,1.0,0.6666666666666666,Tech & Engineering,Gemma-4|Llama-3.2|Qwen3.5,1
mmmu,GLQ,test_Energy_and_Power_401,MiC,Qwen3.5,0.0,0.5,Tech & Engineering,Gemma-4|Llama-3.2|Qwen3.5,2
mmmu,GLQ,test_Energy_and_Power_46,CC,Gemma-4,1.0,0.3333333333333333,Tech & Engineering,Gemma-4|Llama-3.2|Qwen3.5,1
mmmu,GLQ,test_Energy_and_Power_97,CC,Llama-3.2,0.0,0.16666666666666666,Tech & Engineering,Gemma-4|Llama-3.2|Qwen3.5,3
mmmu,GLQ,test_Finance_154,MiC,Llama-3.2,0.0,0.0,Business,Gemma-4|Llama-3.2|Qwen3.5,3
mmmu,GLQ,test_Finance_276,CC,Llama-3.2,0.0,0.5,Business,Gemma-4|Llama-3.2|Qwen3.5,3
mmmu,GLQ,test_Finance_304,MiC,Qwen3.5,1.0,0.5,Business,Gemma-4|Llama-3.2|Qwen3.5,2
mmmu,GLQ,test_Finance_346,CC,Gemma-4,1.0,0.6666666666666666,Business,Gemma-4|Llama-3.2|Qwen3.5,1
mmmu,GLQ,test_Finance_60,CC,Qwen3.5,1.0,0.5,Business,Gemma-4|Llama-3.2|Qwen3.5,2
mmmu,GLQ,test_Geography_285,MiC,Gemma-4,0.0,0.0,Science,Gemma-4|Llama-3.2|Qwen3.5,1
mmmu,GLQ,test_Geography_297,MiC,Gemma-4,0.0,0.0,Science,Gemma-4|Llama-3.2|Qwen3.5,1
mmmu,GLQ,test_Geography_30,CC,Gemma-4,1.0,0.3333333333333333,Science,Gemma-4|Llama-3.2|Qwen3.5,1
mmmu,GLQ,test_Geography_396,MiC,Qwen3.5,1.0,0.0,Science,Gemma-4|Llama-3.2|Qwen3.5,2
mmmu,GLQ,test_Geography_442,MiC,Gemma-4,0.0,0.0,Science,Gemma-4|Llama-3.2|Qwen3.5,1
mmmu,GLQ,test_Geography_444,CC,Gemma-4,0.0,1.0,Science,Gemma-4|Llama-3.2|Qwen3.5,1
mmmu,GLQ,test_Geography_483,MiC,Llama-3.2,0.0,0.0,Science,Gemma-4|Llama-3.2|Qwen3.5,3
mmmu,GLQ,test_Geography_514,CC,Llama-3.2,0.0,0.0,Science,Gemma-4|Llama-3.2|Qwen3.5,3
mmmu,GLQ,test_Geography_534,CC,Gemma-4,0.0,0.0,Science,Gemma-4|Llama-3.2|Qwen3.5,1
mmmu,GLQ,test_Geography_561,CC,Qwen3.5,1.0,0.0,Science,Gemma-4|Llama-3.2|Qwen3.5,2
mmmu,GLQ,test_Geography_58,MiC,Qwen3.5,1.0,0.0,Science,Gemma-4|Llama-3.2|Qwen3.5,2
mmmu,GLQ,test_History_14,MiC,Gemma-4,1.0,0.9166666666666667,Humanities & Social Science,Gemma-4|Llama-3.2|Qwen3.5,1
mmmu,GLQ,test_History_38,CC,Qwen3.5,0.0,1.0,Humanities & Social Science,Gemma-4|Llama-3.2|Qwen3.5,2
mmmu,GLQ,test_Literature_85,MiC,Llama-3.2,0.0,0.5,Humanities & Social Science,Gemma-4|Llama-3.2|Qwen3.5,3
mmmu,GLQ,test_Manage_168,CC,Gemma-4,1.0,0.25,Business,Gemma-4|Llama-3.2|Qwen3.5,1
mmmu,GLQ,test_Manage_217,MiC,Gemma-4,0.0,0.5833333333333333,Business,Gemma-4|Llama-3.2|Qwen3.5,1
mmmu,GLQ,test_Marketing_104,MiC,Qwen3.5,1.0,0.3333333333333333,Business,Gemma-4|Llama-3.2|Qwen3.5,2
mmmu,GLQ,test_Marketing_144,CC,Qwen3.5,1.0,0.5833333333333334,Business,Gemma-4|Llama-3.2|Qwen3.5,2
mmmu,GLQ,test_Marketing_39,CC,Gemma-4,1.0,0.08333333333333333,Business,Gemma-4|Llama-3.2|Qwen3.5,1
mmmu,GLQ,test_Materials_107,CC,Llama-3.2,1.0,0.5,Tech & Engineering,Gemma-4|Llama-3.2|Qwen3.5,3
mmmu,GLQ,test_Materials_130,MiC,Llama-3.2,0.0,0.08333333333333333,Tech & Engineering,Gemma-4|Llama-3.2|Qwen3.5,3
mmmu,GLQ,test_Materials_151,MiC,Qwen3.5,1.0,0.08333333333333333,Tech & Engineering,Gemma-4|Llama-3.2|Qwen3.5,2
mmmu,GLQ,test_Materials_204,MiC,Llama-3.2,0.0,0.5,Tech & Engineering,Gemma-4|Llama-3.2|Qwen3.5,3
mmmu,GLQ,test_Materials_222,CC,Qwen3.5,1.0,0.4166666666666667,Tech & Engineering,Gemma-4|Llama-3.2|Qwen3.5,2
mmmu,GLQ,test_Materials_24,CC,Gemma-4,1.0,0.6666666666666666,Tech & Engineering,Gemma-4|Llama-3.2|Qwen3.5,1
mmmu,GLQ,test_Materials_289,CC,Llama-3.2,0.0,0.0,Tech & Engineering,Gemma-4|Llama-3.2|Qwen3.5,3
mmmu,GLQ,test_Materials_315,MiC,Qwen3.5,1.0,0.6666666666666666,Tech & Engineering,Gemma-4|Llama-3.2|Qwen3.5,2
mmmu,GLQ,test_Materials_349,MiC,Gemma-4,1.0,0.25,Tech & Engineering,Gemma-4|Llama-3.2|Qwen3.5,1
mmmu,GLQ,test_Materials_377,CC,Gemma-4,0.0,0.4166666666666667,Tech & Engineering,Gemma-4|Llama-3.2|Qwen3.5,1
mmmu,GLQ,test_Materials_41,CC,Gemma-4,1.0,0.25,Tech & Engineering,Gemma-4|Llama-3.2|Qwen3.5,1
mmmu,GLQ,test_Materials_412,CC,Gemma-4,0.0,0.08333333333333333,Tech & Engineering,Gemma-4|Llama-3.2|Qwen3.5,1
mmmu,GLQ,test_Materials_420,MiC,Gemma-4,1.0,0.5,Tech & Engineering,Gemma-4|Llama-3.2|Qwen3.5,1
mmmu,GLQ,test_Materials_453,CC,Gemma-4,1.0,0.25,Tech & Engineering,Gemma-4|Llama-3.2|Qwen3.5,1
mmmu,GLQ,test_Materials_50,CC,Gemma-4,1.0,0.16666666666666666,Tech & Engineering,Gemma-4|Llama-3.2|Qwen3.5,1
mmmu,GLQ,test_Materials_76,CC,Gemma-4,1.0,0.41666666666666663,Tech & Engineering,Gemma-4|Llama-3.2|Qwen3.5,1
mmmu,GLQ,test_Materials_8,CC,Qwen3.5,1.0,0.0,Tech & Engineering,Gemma-4|Llama-3.2|Qwen3.5,2
mmmu,GLQ,test_Materials_99,MiC,Qwen3.5,1.0,0.08333333333333333,Tech & Engineering,Gemma-4|Llama-3.2|Qwen3.5,2
mmmu,GLQ,test_Math_164,MiC,Gemma-4,1.0,0.5833333333333334,Science,Gemma-4|Llama-3.2|Qwen3.5,1
mmmu,GLQ,test_Math_417,CC,Gemma-4,1.0,1.0,Science,Gemma-4|Llama-3.2|Qwen3.5,1
mmmu,GLQ,test_Math_466,CC,Qwen3.5,1.0,0.5,Science,Gemma-4|Llama-3.2|Qwen3.5,2
mmmu,GLQ,test_Math_51,CC,Qwen3.5,1.0,0.0,Science,Gemma-4|Llama-3.2|Qwen3.5,2
mmmu,GLQ,test_Mechanical_Engineering_116,CC,Qwen3.5,1.0,0.41666666666666663,Tech & Engineering,Gemma-4|Llama-3.2|Qwen3.5,2
mmmu,GLQ,test_Mechanical_Engineering_22,CC,Gemma-4,0.0,0.16666666666666666,Tech & Engineering,Gemma-4|Llama-3.2|Qwen3.5,1
mmmu,GLQ,test_Mechanical_Engineering_272,CC,Llama-3.2,1.0,0.16666666666666666,Tech & Engineering,Gemma-4|Llama-3.2|Qwen3.5,3
mmmu,GLQ,test_Mechanical_Engineering_309,CC,Gemma-4,1.0,0.25,Tech & Engineering,Gemma-4|Llama-3.2|Qwen3.5,1
mmmu,GLQ,test_Mechanical_Engineering_343,MiC,Llama-3.2,0.0,0.0,Tech & Engineering,Gemma-4|Llama-3.2|Qwen3.5,3
mmmu,GLQ,test_Mechanical_Engineering_349,MiC,Llama-3.2,0.0,0.75,Tech & Engineering,Gemma-4|Llama-3.2|Qwen3.5,3
mmmu,GLQ,test_Mechanical_Engineering_355,CC,Llama-3.2,0.0,0.5,Tech & Engineering,Gemma-4|Llama-3.2|Qwen3.5,3
mmmu,GLQ,test_Mechanical_Engineering_394,CC,Gemma-4,0.3333333333333333,0.5,Tech & Engineering,Gemma-4|Llama-3.2|Qwen3.5,1
mmmu,GLQ,test_Mechanical_Engineering_424,CC,Llama-3.2,1.0,0.5,Tech & Engineering,Gemma-4|Llama-3.2|Qwen3.5,3
mmmu,GLQ,test_Mechanical_Engineering_44,CC,Qwen3.5,1.0,0.25,Tech & Engineering,Gemma-4|Llama-3.2|Qwen3.5,2
mmmu,GLQ,test_Mechanical_Engineering_45,CC,Qwen3.5,0.0,0.08333333333333333,Tech & Engineering,Gemma-4|Llama-3.2|Qwen3.5,2
mmmu,GLQ,test_Mechanical_Engineering_46,CC,Llama-3.2,0.0,0.08333333333333333,Tech & Engineering,Gemma-4|Llama-3.2|Qwen3.5,3
mmmu,GLQ,test_Mechanical_Engineering_85,CC,Gemma-4,1.0,0.16666666666666666,Tech & Engineering,Gemma-4|Llama-3.2|Qwen3.5,1
mmmu,GLQ,test_Music_111,MiC,Llama-3.2,0.3333333333333333,0.3333333333333333,Art & Design,Gemma-4|Llama-3.2|Qwen3.5,3
mmmu,GLQ,test_Music_118,MiC,Llama-3.2,0.0,0.5833333333333334,Art & Design,Gemma-4|Llama-3.2|Qwen3.5,3
mmmu,GLQ,test_Music_136,MiC,Qwen3.5,1.0,0.08333333333333333,Art & Design,Gemma-4|Llama-3.2|Qwen3.5,2
mmmu,GLQ,test_Music_139,MiC,Llama-3.2,0.0,0.9166666666666667,Art & Design,Gemma-4|Llama-3.2|Qwen3.5,3
mmmu,GLQ,test_Music_155,MiC,Qwen3.5,1.0,0.16666666666666666,Art & Design,Gemma-4|Llama-3.2|Qwen3.5,2
mmmu,GLQ,test_Music_161,MiC,Qwen3.5,0.0,0.3333333333333333,Art & Design,Gemma-4|Llama-3.2|Qwen3.5,2
mmmu,GLQ,test_Music_172,MiC,Llama-3.2,1.0,0.4166666666666667,Art & Design,Gemma-4|Llama-3.2|Qwen3.5,3
mmmu,GLQ,test_Music_186,CC,Gemma-4,0.0,0.3333333333333333,Art & Design,Gemma-4|Llama-3.2|Qwen3.5,1
mmmu,GLQ,test_Music_21,CC,Gemma-4,0.0,0.25,Art & Design,Gemma-4|Llama-3.2|Qwen3.5,1
mmmu,GLQ,test_Music_211,MiC,Llama-3.2,0.0,0.0,Art & Design,Gemma-4|Llama-3.2|Qwen3.5,3
mmmu,GLQ,test_Music_266,MiC,Llama-3.2,0.0,0.0,Art & Design,Gemma-4|Llama-3.2|Qwen3.5,3
mmmu,GLQ,test_Music_274,CC,Llama-3.2,1.0,0.16666666666666666,Art & Design,Gemma-4|Llama-3.2|Qwen3.5,3
mmmu,GLQ,test_Music_291,CC,Qwen3.5,1.0,0.0,Art & Design,Gemma-4|Llama-3.2|Qwen3.5,2
mmmu,GLQ,test_Music_310,CC,Llama-3.2,0.0,0.75,Art & Design,Gemma-4|Llama-3.2|Qwen3.5,3
mmmu,GLQ,test_Music_319,MiC,Qwen3.5,1.0,0.6666666666666667,Art & Design,Gemma-4|Llama-3.2|Qwen3.5,2
mmmu,GLQ,test_Music_39,CC,Llama-3.2,0.0,0.0,Art & Design,Gemma-4|Llama-3.2|Qwen3.5,3
mmmu,GLQ,test_Music_5,CC,Qwen3.5,1.0,0.16666666666666666,Art & Design,Gemma-4|Llama-3.2|Qwen3.5,2
mmmu,GLQ,test_Music_56,CC,Qwen3.5,1.0,0.0,Art & Design,Gemma-4|Llama-3.2|Qwen3.5,2
mmmu,GLQ,test_Music_60,MiC,Gemma-4,1.0,0.5,Art & Design,Gemma-4|Llama-3.2|Qwen3.5,1
mmmu,GLQ,test_Music_92,MiC,Gemma-4,0.0,0.3333333333333333,Art & Design,Gemma-4|Llama-3.2|Qwen3.5,1
mmmu,GLQ,test_Music_99,CC,Gemma-4,0.0,0.5,Art & Design,Gemma-4|Llama-3.2|Qwen3.5,1
mmmu,GLQ,test_Pharmacy_119,MiC,Qwen3.5,1.0,0.8333333333333333,Health & Medicine,Gemma-4|Llama-3.2|Qwen3.5,2
mmmu,GLQ,test_Pharmacy_299,MiC,Llama-3.2,0.0,0.25,Health & Medicine,Gemma-4|Llama-3.2|Qwen3.5,3
mmmu,GLQ,test_Physics_127,MiC,Qwen3.5,0.0,0.0,Science,Gemma-4|Llama-3.2|Qwen3.5,2
mmmu,GLQ,test_Physics_271,CC,Gemma-4,0.0,0.08333333333333333,Science,Gemma-4|Llama-3.2|Qwen3.5,1
mmmu,GLQ,test_Psychology_105,MiC,Qwen3.5,0.0,0.0,Humanities & Social Science,Gemma-4|Llama-3.2|Qwen3.5,2
mmmu,GLQ,test_Psychology_14,MiC,Llama-3.2,0.0,0.5,Humanities & Social Science,Gemma-4|Llama-3.2|Qwen3.5,3
mmmu,GLQ,test_Psychology_287,MiC,Llama-3.2,1.0,1.0,Humanities & Social Science,Gemma-4|Llama-3.2|Qwen3.5,3
mmmu,GLQ,test_Psychology_298,CC,Gemma-4,0.0,0.5,Humanities & Social Science,Gemma-4|Llama-3.2|Qwen3.5,1
mmmu,GLQ,test_Psychology_38,MiC,Llama-3.2,0.0,0.3333333333333333,Humanities & Social Science,Gemma-4|Llama-3.2|Qwen3.5,3
mmmu,GLQ,test_Public_Health_174,CC,Llama-3.2,0.0,0.8333333333333334,Health & Medicine,Gemma-4|Llama-3.2|Qwen3.5,3
mmmu,GLQ,test_Public_Health_190,CC,Gemma-4,0.0,0.5,Health & Medicine,Gemma-4|Llama-3.2|Qwen3.5,1
mmmu,GLQ,test_Public_Health_278,MiC,Llama-3.2,0.0,0.6666666666666666,Health & Medicine,Gemma-4|Llama-3.2|Qwen3.5,3
mmmu,GLQ,test_Public_Health_40,CC,Llama-3.2,0.0,0.16666666666666666,Health & Medicine,Gemma-4|Llama-3.2|Qwen3.5,3
mmmu,GLQ,test_Public_Health_442,MiC,Qwen3.5,0.0,0.08333333333333333,Health & Medicine,Gemma-4|Llama-3.2|Qwen3.5,2
mmmu,GLQ,test_Sociology_166,MiC,Qwen3.5,0.0,0.0,Humanities & Social Science,Gemma-4|Llama-3.2|Qwen3.5,2
mmmu,GLQ,test_Sociology_183,MiC,Llama-3.2,0.0,0.8333333333333333,Humanities & Social Science,Gemma-4|Llama-3.2|Qwen3.5,3
mmmu,GLQ,test_Sociology_187,CC,Gemma-4,1.0,0.9166666666666667,Humanities & Social Science,Gemma-4|Llama-3.2|Qwen3.5,1
mmmu,GLQ,test_Sociology_206,MiC,Llama-3.2,0.0,0.9166666666666667,Humanities & Social Science,Gemma-4|Llama-3.2|Qwen3.5,3
mmmu,GLQ,test_Sociology_50,MiC,Qwen3.5,1.0,0.0,Humanities & Social Science,Gemma-4|Llama-3.2|Qwen3.5,2
mmmu,GLQ,test_Sociology_58,MiC,Llama-3.2,0.0,0.25,Humanities & Social Science,Gemma-4|Llama-3.2|Qwen3.5,3
mmmu,GLQ,validation_Agriculture_3,CC,Qwen3.5,0.0,0.08333333333333333,Tech & Engineering,Gemma-4|Llama-3.2|Qwen3.5,2
mmmu,GLQ,validation_Architecture_and_Engineering_3,CC,Gemma-4,1.0,0.41666666666666663,Tech & Engineering,Gemma-4|Llama-3.2|Qwen3.5,1
mmmu,GLQ,validation_Biology_14,CC,Qwen3.5,1.0,0.3333333333333333,Science,Gemma-4|Llama-3.2|Qwen3.5,2
mmmu,GLQ,validation_Biology_22,CC,Gemma-4,1.0,0.08333333333333333,Science,Gemma-4|Llama-3.2|Qwen3.5,1
mmmu,GLQ,validation_Chemistry_28,CC,Qwen3.5,1.0,0.8333333333333333,Science,Gemma-4|Llama-3.2|Qwen3.5,2
mmmu,GLQ,validation_Chemistry_6,MiC,Gemma-4,0.0,0.0,Science,Gemma-4|Llama-3.2|Qwen3.5,1
mmmu,GLQ,validation_Clinical_Medicine_5,MiC,Gemma-4,1.0,0.4166666666666667,Health & Medicine,Gemma-4|Llama-3.2|Qwen3.5,1
mmmu,GLQ,validation_Computer_Science_24,MiC,Gemma-4,1.0,0.5833333333333334,Tech & Engineering,Gemma-4|Llama-3.2|Qwen3.5,1
mmmu,GLQ,validation_Design_14,CC,Llama-3.2,0.0,0.3333333333333333,Art & Design,Gemma-4|Llama-3.2|Qwen3.5,3
mmmu,GLQ,validation_Diagnostics_and_Laboratory_Medicine_12,MiC,Llama-3.2,0.0,0.75,Health & Medicine,Gemma-4|Llama-3.2|Qwen3.5,3
mmmu,GLQ,validation_Diagnostics_and_Laboratory_Medicine_15,MiC,Qwen3.5,1.0,0.5,Health & Medicine,Gemma-4|Llama-3.2|Qwen3.5,2
mmmu,GLQ,validation_Diagnostics_and_Laboratory_Medicine_5,CC,Qwen3.5,1.0,1.0,Health & Medicine,Gemma-4|Llama-3.2|Qwen3.5,2
mmmu,GLQ,validation_Electronics_17,MiC,Qwen3.5,0.0,0.16666666666666666,Tech & Engineering,Gemma-4|Llama-3.2|Qwen3.5,2
mmmu,GLQ,validation_Electronics_7,CC,Gemma-4,1.0,0.75,Tech & Engineering,Gemma-4|Llama-3.2|Qwen3.5,1
mmmu,GLQ,validation_Finance_28,MiC,Gemma-4,1.0,0.5,Business,Gemma-4|Llama-3.2|Qwen3.5,1
mmmu,GLQ,validation_Geography_2,CC,Qwen3.5,1.0,0.8333333333333333,Science,Gemma-4|Llama-3.2|Qwen3.5,2
mmmu,GLQ,validation_Literature_26,CC,Gemma-4,0.0,0.5,Humanities & Social Science,Gemma-4|Llama-3.2|Qwen3.5,1
mmmu,GLQ,validation_Manage_18,CC,Qwen3.5,1.0,0.3333333333333333,Business,Gemma-4|Llama-3.2|Qwen3.5,2
mmmu,GLQ,validation_Math_30,CC,Qwen3.5,1.0,0.41666666666666663,Science,Gemma-4|Llama-3.2|Qwen3.5,2
mmmu,GLQ,validation_Mechanical_Engineering_27,MiC,Llama-3.2,1.0,0.75,Tech & Engineering,Gemma-4|Llama-3.2|Qwen3.5,3
mmmu,GLQ,validation_Mechanical_Engineering_30,CC,Gemma-4,1.0,0.0,Tech & Engineering,Gemma-4|Llama-3.2|Qwen3.5,1
mmmu,GLQ,validation_Music_26,MiC,Gemma-4,1.0,1.0,Art & Design,Gemma-4|Llama-3.2|Qwen3.5,1
mmmu,GLQ,validation_Pharmacy_28,CC,Qwen3.5,1.0,0.5,Health & Medicine,Gemma-4|Llama-3.2|Qwen3.5,2
mmmu,GLQ,validation_Public_Health_29,CC,Gemma-4,1.0,0.75,Health & Medicine,Gemma-4|Llama-3.2|Qwen3.5,1
mmmu,GPQ,dev_Diagnostics_and_Laboratory_Medicine_3,MiC,Pixtral,0.0,0.0,Health & Medicine,Gemma-4|Pixtral|Qwen3.5,3
mmmu,GPQ,test_Accounting_276,CC,Gemma-4,0.0,0.16666666666666666,Business,Gemma-4|Pixtral|Qwen3.5,1
mmmu,GPQ,test_Accounting_376,CC,Qwen3.5,1.0,0.08333333333333333,Business,Gemma-4|Pixtral|Qwen3.5,2
mmmu,GPQ,test_Accounting_43,MiC,Pixtral,0.0,0.0,Business,Gemma-4|Pixtral|Qwen3.5,3
mmmu,GPQ,test_Accounting_60,CC,Pixtral,1.0,0.25,Business,Gemma-4|Pixtral|Qwen3.5,3
mmmu,GPQ,test_Agriculture_125,MiC,Gemma-4,0.0,0.0,Tech & Engineering,Gemma-4|Pixtral|Qwen3.5,1
mmmu,GPQ,test_Agriculture_170,CC,Qwen3.5,1.0,0.0,Tech & Engineering,Gemma-4|Pixtral|Qwen3.5,2
mmmu,GPQ,test_Agriculture_181,CC,Qwen3.5,1.0,0.0,Tech & Engineering,Gemma-4|Pixtral|Qwen3.5,2
mmmu,GPQ,test_Agriculture_198,MiC,Qwen3.5,1.0,0.0,Tech & Engineering,Gemma-4|Pixtral|Qwen3.5,2
mmmu,GPQ,test_Agriculture_212,MiC,Pixtral,0.0,0.5,Tech & Engineering,Gemma-4|Pixtral|Qwen3.5,3
mmmu,GPQ,test_Agriculture_22,CC,Gemma-4,0.0,0.0,Tech & Engineering,Gemma-4|Pixtral|Qwen3.5,1
mmmu,GPQ,test_Agriculture_52,MiC,Pixtral,0.0,0.0,Tech & Engineering,Gemma-4|Pixtral|Qwen3.5,3
mmmu,GPQ,test_Agriculture_87,CC,Pixtral,1.0,0.75,Tech & Engineering,Gemma-4|Pixtral|Qwen3.5,3
mmmu,GPQ,test_Agriculture_9,MiC,Qwen3.5,0.0,0.5,Tech & Engineering,Gemma-4|Pixtral|Qwen3.5,2
mmmu,GPQ,test_Architecture_and_Engineering_115,CC,Gemma-4,0.0,0.08333333333333333,Tech & Engineering,Gemma-4|Pixtral|Qwen3.5,1
mmmu,GPQ,test_Architecture_and_Engineering_122,CC,Gemma-4,1.0,0.08333333333333333,Tech & Engineering,Gemma-4|Pixtral|Qwen3.5,1
mmmu,GPQ,test_Architecture_and_Engineering_125,CC,Qwen3.5,1.0,0.0,Tech & Engineering,Gemma-4|Pixtral|Qwen3.5,2
mmmu,GPQ,test_Architecture_and_Engineering_283,MiC,Qwen3.5,1.0,0.3333333333333333,Tech & Engineering,Gemma-4|Pixtral|Qwen3.5,2
mmmu,GPQ,test_Architecture_and_Engineering_284,MiC,Gemma-4,1.0,0.0,Tech & Engineering,Gemma-4|Pixtral|Qwen3.5,1
mmmu,GPQ,test_Architecture_and_Engineering_368,CC,Gemma-4,1.0,0.25,Tech & Engineering,Gemma-4|Pixtral|Qwen3.5,1
mmmu,GPQ,test_Architecture_and_Engineering_510,CC,Gemma-4,1.0,0.08333333333333333,Tech & Engineering,Gemma-4|Pixtral|Qwen3.5,1
mmmu,GPQ,test_Architecture_and_Engineering_532,MiC,Pixtral,1.0,0.5833333333333334,Tech & Engineering,Gemma-4|Pixtral|Qwen3.5,3
mmmu,GPQ,test_Architecture_and_Engineering_551,MiC,Pixtral,0.0,0.6666666666666666,Tech & Engineering,Gemma-4|Pixtral|Qwen3.5,3
mmmu,GPQ,test_Architecture_and_Engineering_56,MiC,Gemma-4,0.0,1.0,Tech & Engineering,Gemma-4|Pixtral|Qwen3.5,1
mmmu,GPQ,test_Architecture_and_Engineering_81,CC,Pixtral,1.0,0.3333333333333333,Tech & Engineering,Gemma-4|Pixtral|Qwen3.5,3
mmmu,GPQ,test_Architecture_and_Engineering_99,CC,Qwen3.5,0.0,0.4166666666666667,Tech & Engineering,Gemma-4|Pixtral|Qwen3.5,2
mmmu,GPQ,test_Art_103,MiC,Qwen3.5,1.0,0.9166666666666667,Art & Design,Gemma-4|Pixtral|Qwen3.5,2
mmmu,GPQ,test_Art_105,MiC,Pixtral,0.0,0.0,Art & Design,Gemma-4|Pixtral|Qwen3.5,3
mmmu,GPQ,test_Art_118,MiC,Pixtral,0.0,0.5,Art & Design,Gemma-4|Pixtral|Qwen3.5,3
mmmu,GPQ,test_Art_159,CC,Gemma-4,1.0,0.5,Art & Design,Gemma-4|Pixtral|Qwen3.5,1
mmmu,GPQ,test_Art_166,CC,Qwen3.5,1.0,0.0,Art & Design,Gemma-4|Pixtral|Qwen3.5,2
mmmu,GPQ,test_Art_176,MiC,Pixtral,0.0,0.5,Art & Design,Gemma-4|Pixtral|Qwen3.5,3
mmmu,GPQ,test_Art_181,CC,Qwen3.5,1.0,0.3333333333333333,Art & Design,Gemma-4|Pixtral|Qwen3.5,2
mmmu,GPQ,test_Art_48,MiC,Pixtral,0.0,1.0,Art & Design,Gemma-4|Pixtral|Qwen3.5,3
mmmu,GPQ,test_Art_82,MiC,Qwen3.5,1.0,1.0,Art & Design,Gemma-4|Pixtral|Qwen3.5,2
mmmu,GPQ,test_Art_92,MiC,Gemma-4,1.0,0.0,Art & Design,Gemma-4|Pixtral|Qwen3.5,1
mmmu,GPQ,test_Art_Theory_109,MiC,Qwen3.5,1.0,0.0,Art & Design,Gemma-4|Pixtral|Qwen3.5,2
mmmu,GPQ,test_Art_Theory_129,MiC,Pixtral,0.0,0.0,Art & Design,Gemma-4|Pixtral|Qwen3.5,3
mmmu,GPQ,test_Art_Theory_16,CC,Qwen3.5,1.0,1.0,Art & Design,Gemma-4|Pixtral|Qwen3.5,2
mmmu,GPQ,test_Art_Theory_213,MiC,Pixtral,0.0,0.0,Art & Design,Gemma-4|Pixtral|Qwen3.5,3
mmmu,GPQ,test_Art_Theory_248,CC,Qwen3.5,1.0,1.0,Art & Design,Gemma-4|Pixtral|Qwen3.5,2
mmmu,GPQ,test_Art_Theory_262,MiC,Gemma-4,1.0,1.0,Art & Design,Gemma-4|Pixtral|Qwen3.5,1
mmmu,GPQ,test_Art_Theory_346,MiC,Gemma-4,1.0,0.5,Art & Design,Gemma-4|Pixtral|Qwen3.5,1
mmmu,GPQ,test_Art_Theory_420,MiC,Qwen3.5,0.0,1.0,Art & Design,Gemma-4|Pixtral|Qwen3.5,2
mmmu,GPQ,test_Art_Theory_427,MiC,Gemma-4,0.0,0.5,Art & Design,Gemma-4|Pixtral|Qwen3.5,1
mmmu,GPQ,test_Basic_Medical_Science_123,MiC,Qwen3.5,1.0,1.0,Health & Medicine,Gemma-4|Pixtral|Qwen3.5,2
mmmu,GPQ,test_Basic_Medical_Science_13,CC,Qwen3.5,1.0,1.0,Health & Medicine,Gemma-4|Pixtral|Qwen3.5,2
mmmu,GPQ,test_Basic_Medical_Science_177,MiC,Gemma-4,1.0,0.5,Health & Medicine,Gemma-4|Pixtral|Qwen3.5,1
mmmu,GPQ,test_Basic_Medical_Science_25,CC,Gemma-4,1.0,0.5,Health & Medicine,Gemma-4|Pixtral|Qwen3.5,1
mmmu,GPQ,test_Basic_Medical_Science_278,MiC,Pixtral,1.0,0.0,Health & Medicine,Gemma-4|Pixtral|Qwen3.5,3
mmmu,GPQ,test_Basic_Medical_Science_305,MiC,Gemma-4,0.0,0.9166666666666667,Health & Medicine,Gemma-4|Pixtral|Qwen3.5,1
mmmu,GPQ,test_Basic_Medical_Science_78,CC,Qwen3.5,1.0,0.5,Health & Medicine,Gemma-4|Pixtral|Qwen3.5,2
mmmu,GPQ,test_Basic_Medical_Science_79,CC,Pixtral,0.0,0.0,Health & Medicine,Gemma-4|Pixtral|Qwen3.5,3
mmmu,GPQ,test_Basic_Medical_Science_80,MiC,Pixtral,0.0,0.5,Health & Medicine,Gemma-4|Pixtral|Qwen3.5,3
mmmu,GPQ,test_Biology_103,CC,Gemma-4,1.0,0.16666666666666666,Science,Gemma-4|Pixtral|Qwen3.5,1
mmmu,GPQ,test_Biology_119,MiC,Pixtral,0.0,0.0,Science,Gemma-4|Pixtral|Qwen3.5,3
mmmu,GPQ,test_Biology_12,MiC,Gemma-4,0.3333333333333333,0.0,Science,Gemma-4|Pixtral|Qwen3.5,1
mmmu,GPQ,test_Biology_154,MiC,Gemma-4,0.0,0.0,Science,Gemma-4|Pixtral|Qwen3.5,1
mmmu,GPQ,test_Biology_17,MiC,Gemma-4,0.0,0.0,Science,Gemma-4|Pixtral|Qwen3.5,1
mmmu,GPQ,test_Biology_255,CC,Qwen3.5,1.0,0.5833333333333334,Science,Gemma-4|Pixtral|Qwen3.5,2
mmmu,GPQ,test_Biology_256,CC,Qwen3.5,1.0,0.25,Science,Gemma-4|Pixtral|Qwen3.5,2
mmmu,GPQ,test_Biology_305,CC,Qwen3.5,1.0,0.0,Science,Gemma-4|Pixtral|Qwen3.5,2
mmmu,GPQ,test_Biology_306,MiC,Pixtral,0.0,0.0,Science,Gemma-4|Pixtral|Qwen3.5,3
mmmu,GPQ,test_Biology_73,MiC,Qwen3.5,1.0,0.0,Science,Gemma-4|Pixtral|Qwen3.5,2
mmmu,GPQ,test_Chemistry_100,CC,Pixtral,1.0,0.0,Science,Gemma-4|Pixtral|Qwen3.5,3
mmmu,GPQ,test_Chemistry_130,MiC,Gemma-4,1.0,0.16666666666666666,Science,Gemma-4|Pixtral|Qwen3.5,1
mmmu,GPQ,test_Chemistry_21,CC,Qwen3.5,1.0,0.0,Science,Gemma-4|Pixtral|Qwen3.5,2
mmmu,GPQ,test_Chemistry_38,MiC,Qwen3.5,0.0,0.5,Science,Gemma-4|Pixtral|Qwen3.5,2
mmmu,GPQ,test_Chemistry_586,CC,Gemma-4,0.0,0.0,Science,Gemma-4|Pixtral|Qwen3.5,1
mmmu,GPQ,test_Chemistry_63,MiC,Qwen3.5,1.0,0.08333333333333333,Science,Gemma-4|Pixtral|Qwen3.5,2
mmmu,GPQ,test_Clinical_Medicine_12,CC,Gemma-4,1.0,0.0,Health & Medicine,Gemma-4|Pixtral|Qwen3.5,1
mmmu,GPQ,test_Clinical_Medicine_198,CC,Gemma-4,0.0,0.0,Health & Medicine,Gemma-4|Pixtral|Qwen3.5,1
mmmu,GPQ,test_Clinical_Medicine_259,CC,Gemma-4,1.0,0.5,Health & Medicine,Gemma-4|Pixtral|Qwen3.5,1
mmmu,GPQ,test_Clinical_Medicine_302,MiC,Pixtral,1.0,0.4166666666666667,Health & Medicine,Gemma-4|Pixtral|Qwen3.5,3
mmmu,GPQ,test_Clinical_Medicine_40,CC,Gemma-4,1.0,0.0,Health & Medicine,Gemma-4|Pixtral|Qwen3.5,1
mmmu,GPQ,test_Clinical_Medicine_42,CC,Pixtral,0.0,0.5,Health & Medicine,Gemma-4|Pixtral|Qwen3.5,3
mmmu,GPQ,test_Clinical_Medicine_75,CC,Gemma-4,1.0,0.4166666666666667,Health & Medicine,Gemma-4|Pixtral|Qwen3.5,1
mmmu,GPQ,test_Clinical_Medicine_81,MiC,Qwen3.5,0.3333333333333333,0.9166666666666667,Health & Medicine,Gemma-4|Pixtral|Qwen3.5,2
mmmu,GPQ,test_Clinical_Medicine_83,CC,Gemma-4,0.0,1.0,Health & Medicine,Gemma-4|Pixtral|Qwen3.5,1
mmmu,GPQ,test_Computer_Science_114,MiC,Qwen3.5,0.0,1.0,Tech & Engineering,Gemma-4|Pixtral|Qwen3.5,2
mmmu,GPQ,test_Computer_Science_152,MiC,Pixtral,0.0,0.5,Tech & Engineering,Gemma-4|Pixtral|Qwen3.5,3
mmmu,GPQ,test_Computer_Science_195,MiC,Pixtral,0.0,0.4166666666666667,Tech & Engineering,Gemma-4|Pixtral|Qwen3.5,3
mmmu,GPQ,test_Computer_Science_199,MiC,Gemma-4,1.0,1.0,Tech & Engineering,Gemma-4|Pixtral|Qwen3.5,1
mmmu,GPQ,test_Computer_Science_229,CC,Pixtral,0.0,1.0,Tech & Engineering,Gemma-4|Pixtral|Qwen3.5,3
mmmu,GPQ,test_Computer_Science_268,MiC,Gemma-4,1.0,0.5,Tech & Engineering,Gemma-4|Pixtral|Qwen3.5,1
mmmu,GPQ,test_Computer_Science_367,MiC,Qwen3.5,0.0,0.5,Tech & Engineering,Gemma-4|Pixtral|Qwen3.5,2
mmmu,GPQ,test_Computer_Science_60,CC,Pixtral,1.0,0.08333333333333333,Tech & Engineering,Gemma-4|Pixtral|Qwen3.5,3
mmmu,GPQ,test_Design_34,MiC,Gemma-4,0.0,0.08333333333333333,Art & Design,Gemma-4|Pixtral|Qwen3.5,1
mmmu,GPQ,test_Diagnostics_and_Laboratory_Medicine_103,CC,Pixtral,0.0,0.0,Health & Medicine,Gemma-4|Pixtral|Qwen3.5,3
mmmu,GPQ,test_Diagnostics_and_Laboratory_Medicine_11,MiC,Qwen3.5,1.0,0.5,Health & Medicine,Gemma-4|Pixtral|Qwen3.5,2
mmmu,GPQ,test_Diagnostics_and_Laboratory_Medicine_124,CC,Gemma-4,0.0,0.0,Health & Medicine,Gemma-4|Pixtral|Qwen3.5,1
mmmu,GPQ,test_Diagnostics_and_Laboratory_Medicine_14,MiC,Pixtral,0.3333333333333333,0.16666666666666666,Health & Medicine,Gemma-4|Pixtral|Qwen3.5,3
mmmu,GPQ,test_Diagnostics_and_Laboratory_Medicine_143,CC,Qwen3.5,1.0,0.25,Health & Medicine,Gemma-4|Pixtral|Qwen3.5,2
mmmu,GPQ,test_Diagnostics_and_Laboratory_Medicine_23,CC,Gemma-4,1.0,0.0,Health & Medicine,Gemma-4|Pixtral|Qwen3.5,1
mmmu,GPQ,test_Diagnostics_and_Laboratory_Medicine_43,CC,Pixtral,0.0,0.0,Health & Medicine,Gemma-4|Pixtral|Qwen3.5,3
mmmu,GPQ,test_Diagnostics_and_Laboratory_Medicine_5,MiC,Qwen3.5,1.0,1.0,Health & Medicine,Gemma-4|Pixtral|Qwen3.5,2
mmmu,GPQ,test_Diagnostics_and_Laboratory_Medicine_92,CC,Gemma-4,0.0,0.0,Health & Medicine,Gemma-4|Pixtral|Qwen3.5,1
mmmu,GPQ,test_Diagnostics_and_Laboratory_Medicine_95,CC,Gemma-4,1.0,0.0,Health & Medicine,Gemma-4|Pixtral|Qwen3.5,1
mmmu,GPQ,test_Economics_185,CC,Pixtral,0.0,0.16666666666666666,Business,Gemma-4|Pixtral|Qwen3.5,3
mmmu,GPQ,test_Economics_194,MiC,Qwen3.5,1.0,0.5,Business,Gemma-4|Pixtral|Qwen3.5,2
mmmu,GPQ,test_Economics_195,MiC,Qwen3.5,1.0,0.4166666666666667,Business,Gemma-4|Pixtral|Qwen3.5,2
mmmu,GPQ,test_Economics_224,MiC,Qwen3.5,1.0,0.9166666666666667,Business,Gemma-4|Pixtral|Qwen3.5,2
mmmu,GPQ,test_Economics_252,CC,Gemma-4,1.0,1.0,Business,Gemma-4|Pixtral|Qwen3.5,1
mmmu,GPQ,test_Economics_51,MiC,Gemma-4,1.0,0.3333333333333333,Business,Gemma-4|Pixtral|Qwen3.5,1
mmmu,GPQ,test_Electronics_14,CC,Gemma-4,1.0,0.5833333333333333,Tech & Engineering,Gemma-4|Pixtral|Qwen3.5,1
mmmu,GPQ,test_Electronics_22,CC,Pixtral,1.0,0.75,Tech & Engineering,Gemma-4|Pixtral|Qwen3.5,3
mmmu,GPQ,test_Electronics_235,CC,Gemma-4,1.0,0.16666666666666666,Tech & Engineering,Gemma-4|Pixtral|Qwen3.5,1
mmmu,GPQ,test_Electronics_29,MiC,Qwen3.5,1.0,0.5,Tech & Engineering,Gemma-4|Pixtral|Qwen3.5,2
mmmu,GPQ,test_Electronics_71,CC,Pixtral,1.0,0.5,Tech & Engineering,Gemma-4|Pixtral|Qwen3.5,3
mmmu,GPQ,test_Energy_and_Power_221,CC,Pixtral,1.0,1.0,Tech & Engineering,Gemma-4|Pixtral|Qwen3.5,3
mmmu,GPQ,test_Energy_and_Power_234,CC,Gemma-4,1.0,0.08333333333333333,Tech & Engineering,Gemma-4|Pixtral|Qwen3.5,1
mmmu,GPQ,test_Energy_and_Power_295,CC,Pixtral,0.0,0.4166666666666667,Tech & Engineering,Gemma-4|Pixtral|Qwen3.5,3
mmmu,GPQ,test_Energy_and_Power_381,CC,Gemma-4,1.0,1.0,Tech & Engineering,Gemma-4|Pixtral|Qwen3.5,1
mmmu,GPQ,test_Energy_and_Power_397,CC,Pixtral,1.0,0.0,Tech & Engineering,Gemma-4|Pixtral|Qwen3.5,3
mmmu,GPQ,test_Energy_and_Power_420,CC,Gemma-4,1.0,0.9166666666666667,Tech & Engineering,Gemma-4|Pixtral|Qwen3.5,1
mmmu,GPQ,test_Energy_and_Power_427,CC,Pixtral,1.0,0.3333333333333333,Tech & Engineering,Gemma-4|Pixtral|Qwen3.5,3
mmmu,GPQ,test_Energy_and_Power_43,CC,Qwen3.5,0.3333333333333333,0.75,Tech & Engineering,Gemma-4|Pixtral|Qwen3.5,2
mmmu,GPQ,test_Energy_and_Power_45,MiC,Qwen3.5,0.0,0.08333333333333333,Tech & Engineering,Gemma-4|Pixtral|Qwen3.5,2
mmmu,GPQ,test_Finance_264,MiC,Gemma-4,1.0,0.16666666666666666,Business,Gemma-4|Pixtral|Qwen3.5,1
mmmu,GPQ,test_Finance_276,CC,Pixtral,0.0,0.9166666666666667,Business,Gemma-4|Pixtral|Qwen3.5,3
mmmu,GPQ,test_Geography_164,MiC,Pixtral,0.0,0.0,Science,Gemma-4|Pixtral|Qwen3.5,3
mmmu,GPQ,test_Geography_201,CC,Qwen3.5,0.0,0.16666666666666666,Science,Gemma-4|Pixtral|Qwen3.5,2
mmmu,GPQ,test_Geography_216,MiC,Gemma-4,1.0,0.5,Science,Gemma-4|Pixtral|Qwen3.5,1
mmmu,GPQ,test_Geography_244,MiC,Qwen3.5,1.0,1.0,Science,Gemma-4|Pixtral|Qwen3.5,2
mmmu,GPQ,test_Geography_319,MiC,Pixtral,0.0,0.0,Science,Gemma-4|Pixtral|Qwen3.5,3
mmmu,GPQ,test_Geography_376,CC,Qwen3.5,0.3333333333333333,0.0,Science,Gemma-4|Pixtral|Qwen3.5,2
mmmu,GPQ,test_Geography_434,CC,Qwen3.5,1.0,0.5833333333333334,Science,Gemma-4|Pixtral|Qwen3.5,2
mmmu,GPQ,test_Geography_444,CC,Pixtral,0.0,0.5,Science,Gemma-4|Pixtral|Qwen3.5,3
mmmu,GPQ,test_Geography_452,CC,Qwen3.5,1.0,1.0,Science,Gemma-4|Pixtral|Qwen3.5,2
mmmu,GPQ,test_Geography_512,CC,Gemma-4,1.0,1.0,Science,Gemma-4|Pixtral|Qwen3.5,1
mmmu,GPQ,test_Geography_534,CC,Qwen3.5,0.0,0.0,Science,Gemma-4|Pixtral|Qwen3.5,2
mmmu,GPQ,test_Geography_561,CC,Qwen3.5,1.0,0.0,Science,Gemma-4|Pixtral|Qwen3.5,2
mmmu,GPQ,test_Geography_58,CC,Qwen3.5,1.0,0.0,Science,Gemma-4|Pixtral|Qwen3.5,2
mmmu,GPQ,test_History_209,MiC,Pixtral,0.0,0.0,Humanities & Social Science,Gemma-4|Pixtral|Qwen3.5,3
mmmu,GPQ,test_History_268,MiC,Gemma-4,1.0,0.0,Humanities & Social Science,Gemma-4|Pixtral|Qwen3.5,1
mmmu,GPQ,test_History_271,CC,Qwen3.5,1.0,1.0,Humanities & Social Science,Gemma-4|Pixtral|Qwen3.5,2
mmmu,GPQ,test_Literature_47,MiC,Qwen3.5,1.0,0.6666666666666666,Humanities & Social Science,Gemma-4|Pixtral|Qwen3.5,2
mmmu,GPQ,test_Manage_172,CC,Gemma-4,1.0,0.5,Business,Gemma-4|Pixtral|Qwen3.5,1
mmmu,GPQ,test_Manage_217,MiC,Gemma-4,1.0,0.3333333333333333,Business,Gemma-4|Pixtral|Qwen3.5,1
mmmu,GPQ,test_Manage_50,CC,Pixtral,0.0,0.5,Business,Gemma-4|Pixtral|Qwen3.5,3
mmmu,GPQ,test_Marketing_144,CC,Qwen3.5,1.0,0.5,Business,Gemma-4|Pixtral|Qwen3.5,2
mmmu,GPQ,test_Marketing_37,MiC,Gemma-4,1.0,0.9166666666666667,Business,Gemma-4|Pixtral|Qwen3.5,1
mmmu,GPQ,test_Marketing_39,CC,Qwen3.5,1.0,0.08333333333333333,Business,Gemma-4|Pixtral|Qwen3.5,2
mmmu,GPQ,test_Marketing_40,MiC,Gemma-4,1.0,0.75,Business,Gemma-4|Pixtral|Qwen3.5,1
mmmu,GPQ,test_Materials_130,CC,Gemma-4,0.3333333333333333,0.5,Tech & Engineering,Gemma-4|Pixtral|Qwen3.5,1
mmmu,GPQ,test_Materials_133,MiC,Qwen3.5,1.0,0.0,Tech & Engineering,Gemma-4|Pixtral|Qwen3.5,2
mmmu,GPQ,test_Materials_182,CC,Gemma-4,1.0,0.75,Tech & Engineering,Gemma-4|Pixtral|Qwen3.5,1
mmmu,GPQ,test_Materials_235,CC,Gemma-4,1.0,0.5,Tech & Engineering,Gemma-4|Pixtral|Qwen3.5,1
mmmu,GPQ,test_Materials_376,CC,Gemma-4,1.0,0.0,Tech & Engineering,Gemma-4|Pixtral|Qwen3.5,1
mmmu,GPQ,test_Materials_412,CC,Gemma-4,0.3333333333333333,0.16666666666666666,Tech & Engineering,Gemma-4|Pixtral|Qwen3.5,1
mmmu,GPQ,test_Materials_447,CC,Gemma-4,1.0,0.08333333333333333,Tech & Engineering,Gemma-4|Pixtral|Qwen3.5,1
mmmu,GPQ,test_Materials_453,CC,Gemma-4,1.0,0.0,Tech & Engineering,Gemma-4|Pixtral|Qwen3.5,1
mmmu,GPQ,test_Materials_50,CC,Qwen3.5,1.0,0.0,Tech & Engineering,Gemma-4|Pixtral|Qwen3.5,2
mmmu,GPQ,test_Materials_51,MiC,Gemma-4,0.0,0.0,Tech & Engineering,Gemma-4|Pixtral|Qwen3.5,1
mmmu,GPQ,test_Materials_76,CC,Gemma-4,1.0,0.3333333333333333,Tech & Engineering,Gemma-4|Pixtral|Qwen3.5,1
mmmu,GPQ,test_Math_145,CC,Qwen3.5,1.0,0.16666666666666666,Science,Gemma-4|Pixtral|Qwen3.5,2
mmmu,GPQ,test_Math_165,CC,Gemma-4,1.0,0.4166666666666667,Science,Gemma-4|Pixtral|Qwen3.5,1
mmmu,GPQ,test_Math_179,CC,Pixtral,1.0,0.0,Science,Gemma-4|Pixtral|Qwen3.5,3
mmmu,GPQ,test_Math_207,CC,Gemma-4,0.0,0.16666666666666666,Science,Gemma-4|Pixtral|Qwen3.5,1
mmmu,GPQ,test_Math_430,CC,Pixtral,0.0,0.08333333333333333,Science,Gemma-4|Pixtral|Qwen3.5,3
mmmu,GPQ,test_Math_447,CC,Gemma-4,0.3333333333333333,0.3333333333333333,Science,Gemma-4|Pixtral|Qwen3.5,1
mmmu,GPQ,test_Math_457,MiC,Qwen3.5,1.0,0.0,Science,Gemma-4|Pixtral|Qwen3.5,2
mmmu,GPQ,test_Math_47,CC,Qwen3.5,0.0,0.5,Science,Gemma-4|Pixtral|Qwen3.5,2
mmmu,GPQ,test_Mechanical_Engineering_133,CC,Gemma-4,1.0,0.0,Tech & Engineering,Gemma-4|Pixtral|Qwen3.5,1
mmmu,GPQ,test_Mechanical_Engineering_181,MiC,Pixtral,0.0,0.4166666666666667,Tech & Engineering,Gemma-4|Pixtral|Qwen3.5,3
mmmu,GPQ,test_Mechanical_Engineering_199,CC,Qwen3.5,0.0,0.5,Tech & Engineering,Gemma-4|Pixtral|Qwen3.5,2
mmmu,GPQ,test_Mechanical_Engineering_207,CC,Pixtral,0.0,0.3333333333333333,Tech & Engineering,Gemma-4|Pixtral|Qwen3.5,3
mmmu,GPQ,test_Mechanical_Engineering_208,CC,Pixtral,1.0,0.8333333333333333,Tech & Engineering,Gemma-4|Pixtral|Qwen3.5,3
mmmu,GPQ,test_Mechanical_Engineering_272,CC,Gemma-4,0.3333333333333333,0.5833333333333334,Tech & Engineering,Gemma-4|Pixtral|Qwen3.5,1
mmmu,GPQ,test_Mechanical_Engineering_278,CC,Gemma-4,1.0,0.16666666666666666,Tech & Engineering,Gemma-4|Pixtral|Qwen3.5,1
mmmu,GPQ,test_Mechanical_Engineering_325,CC,Pixtral,1.0,0.08333333333333333,Tech & Engineering,Gemma-4|Pixtral|Qwen3.5,3
mmmu,GPQ,test_Mechanical_Engineering_349,MiC,Pixtral,0.0,1.0,Tech & Engineering,Gemma-4|Pixtral|Qwen3.5,3
mmmu,GPQ,test_Mechanical_Engineering_355,CC,Gemma-4,0.0,0.9166666666666667,Tech & Engineering,Gemma-4|Pixtral|Qwen3.5,1
mmmu,GPQ,test_Mechanical_Engineering_42,CC,Gemma-4,0.0,0.5833333333333334,Tech & Engineering,Gemma-4|Pixtral|Qwen3.5,1
mmmu,GPQ,test_Mechanical_Engineering_424,CC,Pixtral,1.0,0.5833333333333334,Tech & Engineering,Gemma-4|Pixtral|Qwen3.5,3
mmmu,GPQ,test_Mechanical_Engineering_43,CC,Gemma-4,1.0,0.41666666666666663,Tech & Engineering,Gemma-4|Pixtral|Qwen3.5,1
mmmu,GPQ,test_Mechanical_Engineering_44,CC,Qwen3.5,0.0,0.25,Tech & Engineering,Gemma-4|Pixtral|Qwen3.5,2
mmmu,GPQ,test_Mechanical_Engineering_46,MiC,Qwen3.5,0.0,0.5,Tech & Engineering,Gemma-4|Pixtral|Qwen3.5,2
mmmu,GPQ,test_Mechanical_Engineering_57,CC,Gemma-4,1.0,0.3333333333333333,Tech & Engineering,Gemma-4|Pixtral|Qwen3.5,1
mmmu,GPQ,test_Mechanical_Engineering_68,MiC,Pixtral,0.0,0.5,Tech & Engineering,Gemma-4|Pixtral|Qwen3.5,3
mmmu,GPQ,test_Mechanical_Engineering_81,MiC,Qwen3.5,1.0,0.5,Tech & Engineering,Gemma-4|Pixtral|Qwen3.5,2
mmmu,GPQ,test_Music_15,CC,Pixtral,0.3333333333333333,0.16666666666666666,Art & Design,Gemma-4|Pixtral|Qwen3.5,3
mmmu,GPQ,test_Music_168,CC,Gemma-4,1.0,0.16666666666666666,Art & Design,Gemma-4|Pixtral|Qwen3.5,1
mmmu,GPQ,test_Music_172,MiC,Pixtral,1.0,0.5,Art & Design,Gemma-4|Pixtral|Qwen3.5,3
mmmu,GPQ,test_Music_21,MiC,Gemma-4,1.0,0.0,Art & Design,Gemma-4|Pixtral|Qwen3.5,1
mmmu,GPQ,test_Music_211,MiC,Qwen3.5,1.0,0.5,Art & Design,Gemma-4|Pixtral|Qwen3.5,2
mmmu,GPQ,test_Music_244,MiC,Gemma-4,0.0,0.0,Art & Design,Gemma-4|Pixtral|Qwen3.5,1
mmmu,GPQ,test_Music_274,CC,Gemma-4,0.3333333333333333,0.5833333333333334,Art & Design,Gemma-4|Pixtral|Qwen3.5,1
mmmu,GPQ,test_Music_291,MiC,Qwen3.5,1.0,0.0,Art & Design,Gemma-4|Pixtral|Qwen3.5,2
mmmu,GPQ,test_Music_322,CC,Gemma-4,1.0,0.0,Art & Design,Gemma-4|Pixtral|Qwen3.5,1
mmmu,GPQ,test_Music_78,CC,Pixtral,0.0,0.08333333333333333,Art & Design,Gemma-4|Pixtral|Qwen3.5,3
mmmu,GPQ,test_Music_99,MiC,Gemma-4,0.0,0.5,Art & Design,Gemma-4|Pixtral|Qwen3.5,1
mmmu,GPQ,test_Pharmacy_112,MiC,Pixtral,0.0,0.0,Health & Medicine,Gemma-4|Pixtral|Qwen3.5,3
mmmu,GPQ,test_Pharmacy_193,MiC,Qwen3.5,0.0,0.25,Health & Medicine,Gemma-4|Pixtral|Qwen3.5,2
mmmu,GPQ,test_Pharmacy_350,MiC,Pixtral,0.0,0.0,Health & Medicine,Gemma-4|Pixtral|Qwen3.5,3
mmmu,GPQ,test_Pharmacy_387,CC,Gemma-4,0.0,0.08333333333333333,Health & Medicine,Gemma-4|Pixtral|Qwen3.5,1
mmmu,GPQ,test_Pharmacy_410,CC,Qwen3.5,1.0,0.25,Health & Medicine,Gemma-4|Pixtral|Qwen3.5,2
mmmu,GPQ,test_Pharmacy_417,MiC,Gemma-4,0.0,1.0,Health & Medicine,Gemma-4|Pixtral|Qwen3.5,1
mmmu,GPQ,test_Physics_127,MiC,Qwen3.5,0.0,0.0,Science,Gemma-4|Pixtral|Qwen3.5,2
mmmu,GPQ,test_Physics_167,MiC,Pixtral,0.0,0.08333333333333333,Science,Gemma-4|Pixtral|Qwen3.5,3
mmmu,GPQ,test_Physics_238,CC,Qwen3.5,0.0,0.08333333333333333,Science,Gemma-4|Pixtral|Qwen3.5,2
mmmu,GPQ,test_Physics_271,CC,Gemma-4,0.3333333333333333,0.0,Science,Gemma-4|Pixtral|Qwen3.5,1
mmmu,GPQ,test_Physics_87,CC,Gemma-4,1.0,0.5,Science,Gemma-4|Pixtral|Qwen3.5,1
mmmu,GPQ,test_Psychology_105,MiC,Gemma-4,0.0,0.0,Humanities & Social Science,Gemma-4|Pixtral|Qwen3.5,1
mmmu,GPQ,test_Psychology_287,MiC,Pixtral,1.0,0.6666666666666666,Humanities & Social Science,Gemma-4|Pixtral|Qwen3.5,3
mmmu,GPQ,test_Psychology_298,CC,Gemma-4,0.3333333333333333,0.08333333333333333,Humanities & Social Science,Gemma-4|Pixtral|Qwen3.5,1
mmmu,GPQ,test_Psychology_38,MiC,Pixtral,0.0,0.5,Humanities & Social Science,Gemma-4|Pixtral|Qwen3.5,3
mmmu,GPQ,test_Public_Health_112,CC,Gemma-4,0.0,0.08333333333333333,Health & Medicine,Gemma-4|Pixtral|Qwen3.5,1
mmmu,GPQ,test_Public_Health_130,MiC,Gemma-4,1.0,1.0,Health & Medicine,Gemma-4|Pixtral|Qwen3.5,1
mmmu,GPQ,test_Public_Health_190,CC,Gemma-4,0.0,0.5,Health & Medicine,Gemma-4|Pixtral|Qwen3.5,1
mmmu,GPQ,test_Public_Health_307,MiC,Qwen3.5,1.0,0.5833333333333334,Health & Medicine,Gemma-4|Pixtral|Qwen3.5,2
mmmu,GPQ,test_Public_Health_313,MiC,Qwen3.5,0.0,0.0,Health & Medicine,Gemma-4|Pixtral|Qwen3.5,2
mmmu,GPQ,test_Public_Health_36,MiC,Pixtral,0.0,0.0,Health & Medicine,Gemma-4|Pixtral|Qwen3.5,3
mmmu,GPQ,test_Public_Health_40,CC,Qwen3.5,0.0,0.6666666666666666,Health & Medicine,Gemma-4|Pixtral|Qwen3.5,2
mmmu,GPQ,test_Sociology_166,CC,Qwen3.5,0.0,0.0,Humanities & Social Science,Gemma-4|Pixtral|Qwen3.5,2
mmmu,GPQ,test_Sociology_183,MiC,Pixtral,0.0,1.0,Humanities & Social Science,Gemma-4|Pixtral|Qwen3.5,3
mmmu,GPQ,test_Sociology_206,MiC,Pixtral,0.0,0.9166666666666667,Humanities & Social Science,Gemma-4|Pixtral|Qwen3.5,3
mmmu,GPQ,test_Sociology_215,CC,Gemma-4,1.0,1.0,Humanities & Social Science,Gemma-4|Pixtral|Qwen3.5,1
mmmu,GPQ,test_Sociology_217,CC,Pixtral,1.0,0.5,Humanities & Social Science,Gemma-4|Pixtral|Qwen3.5,3
mmmu,GPQ,test_Sociology_50,CC,Qwen3.5,1.0,0.0,Humanities & Social Science,Gemma-4|Pixtral|Qwen3.5,2
mmmu,GPQ,test_Sociology_58,MiC,Pixtral,0.0,0.5,Humanities & Social Science,Gemma-4|Pixtral|Qwen3.5,3
mmmu,GPQ,test_Sociology_75,MiC,Gemma-4,0.0,0.3333333333333333,Humanities & Social Science,Gemma-4|Pixtral|Qwen3.5,1
mmmu,GPQ,validation_Agriculture_3,CC,Qwen3.5,0.3333333333333333,0.08333333333333333,Tech & Engineering,Gemma-4|Pixtral|Qwen3.5,2
mmmu,GPQ,validation_Art_26,CC,Pixtral,0.0,0.5,Art & Design,Gemma-4|Pixtral|Qwen3.5,3
mmmu,GPQ,validation_Basic_Medical_Science_1,CC,Gemma-4,0.0,1.0,Health & Medicine,Gemma-4|Pixtral|Qwen3.5,1
mmmu,GPQ,validation_Chemistry_6,CC,Gemma-4,0.0,0.0,Science,Gemma-4|Pixtral|Qwen3.5,1
mmmu,GPQ,validation_Clinical_Medicine_5,CC,Gemma-4,1.0,0.0,Health & Medicine,Gemma-4|Pixtral|Qwen3.5,1
mmmu,GPQ,validation_Computer_Science_1,CC,Qwen3.5,1.0,0.0,Tech & Engineering,Gemma-4|Pixtral|Qwen3.5,2
mmmu,GPQ,validation_Computer_Science_24,MiC,Gemma-4,1.0,0.5,Tech & Engineering,Gemma-4|Pixtral|Qwen3.5,1
mmmu,GPQ,validation_Design_12,MiC,Qwen3.5,0.0,0.5,Art & Design,Gemma-4|Pixtral|Qwen3.5,2
mmmu,GPQ,validation_Design_25,MiC,Qwen3.5,0.0,1.0,Art & Design,Gemma-4|Pixtral|Qwen3.5,2
mmmu,GPQ,validation_Diagnostics_and_Laboratory_Medicine_12,MiC,Pixtral,0.0,1.0,Health & Medicine,Gemma-4|Pixtral|Qwen3.5,3
mmmu,GPQ,validation_Electronics_17,CC,Qwen3.5,0.0,0.08333333333333333,Tech & Engineering,Gemma-4|Pixtral|Qwen3.5,2
mmmu,GPQ,validation_Electronics_22,CC,Pixtral,1.0,0.9166666666666667,Tech & Engineering,Gemma-4|Pixtral|Qwen3.5,3
mmmu,GPQ,validation_Finance_28,MiC,Gemma-4,1.0,0.3333333333333333,Business,Gemma-4|Pixtral|Qwen3.5,1
mmmu,GPQ,validation_Literature_26,MiC,Gemma-4,0.0,0.5,Humanities & Social Science,Gemma-4|Pixtral|Qwen3.5,1
mmmu,GPQ,validation_Manage_13,CC,Gemma-4,1.0,1.0,Business,Gemma-4|Pixtral|Qwen3.5,1
mmmu,GPQ,validation_Math_17,CC,Pixtral,1.0,0.0,Science,Gemma-4|Pixtral|Qwen3.5,3
mmmu,GPQ,validation_Mechanical_Engineering_27,CC,Pixtral,0.3333333333333333,1.0,Tech & Engineering,Gemma-4|Pixtral|Qwen3.5,3
mmmu,GPQ,validation_Mechanical_Engineering_5,CC,Gemma-4,1.0,0.4166666666666667,Tech & Engineering,Gemma-4|Pixtral|Qwen3.5,1
mmmu,GPQ,validation_Music_3,MiC,Pixtral,1.0,0.5,Art & Design,Gemma-4|Pixtral|Qwen3.5,3
mmmu,GPQ,validation_Pharmacy_28,CC,Qwen3.5,1.0,0.5,Health & Medicine,Gemma-4|Pixtral|Qwen3.5,2
mmmu,GPQ,validation_Sociology_1,CC,Gemma-4,0.3333333333333333,0.8333333333333333,Humanities & Social Science,Gemma-4|Pixtral|Qwen3.5,1
mmmu,GPQ,validation_Sociology_5,CC,Pixtral,0.0,0.5,Humanities & Social Science,Gemma-4|Pixtral|Qwen3.5,3
mmmu,ILP,dev_Diagnostics_and_Laboratory_Medicine_3,MiC,Pixtral,0.0,0.08333333333333333,Health & Medicine,InternVL|Llama-3.2|Pixtral,2
mmmu,ILP,dev_Energy_and_Power_1,CC,InternVL,0.0,1.0,Tech & Engineering,InternVL|Llama-3.2|Pixtral,1
mmmu,ILP,test_Accounting_100,CC,InternVL,1.0,0.6666666666666666,Business,InternVL|Llama-3.2|Pixtral,1
mmmu,ILP,test_Accounting_110,CC,InternVL,1.0,1.0,Business,InternVL|Llama-3.2|Pixtral,1
mmmu,ILP,test_Accounting_141,CC,InternVL,0.0,1.0,Business,InternVL|Llama-3.2|Pixtral,1
mmmu,ILP,test_Accounting_150,CC,Llama-3.2,0.3333333333333333,1.0,Business,InternVL|Llama-3.2|Pixtral,3
mmmu,ILP,test_Accounting_169,MiC,InternVL,1.0,0.8333333333333333,Business,InternVL|Llama-3.2|Pixtral,1
mmmu,ILP,test_Accounting_196,MiC,InternVL,1.0,1.0,Business,InternVL|Llama-3.2|Pixtral,1
mmmu,ILP,test_Accounting_21,CC,InternVL,1.0,1.0,Business,InternVL|Llama-3.2|Pixtral,1
mmmu,ILP,test_Accounting_238,MiC,Llama-3.2,0.0,0.75,Business,InternVL|Llama-3.2|Pixtral,3
mmmu,ILP,test_Accounting_285,MiC,Llama-3.2,0.0,0.75,Business,InternVL|Llama-3.2|Pixtral,3
mmmu,ILP,test_Accounting_355,MiC,InternVL,0.0,1.0,Business,InternVL|Llama-3.2|Pixtral,1
mmmu,ILP,test_Accounting_357,CC,InternVL,1.0,1.0,Business,InternVL|Llama-3.2|Pixtral,1
mmmu,ILP,test_Accounting_364,MiC,Pixtral,0.0,0.5833333333333333,Business,InternVL|Llama-3.2|Pixtral,2
mmmu,ILP,test_Accounting_49,MiC,Pixtral,0.0,1.0,Business,InternVL|Llama-3.2|Pixtral,2
mmmu,ILP,test_Accounting_71,MiC,InternVL,1.0,1.0,Business,InternVL|Llama-3.2|Pixtral,1
mmmu,ILP,test_Agriculture_107,CC,InternVL,0.0,0.0,Tech & Engineering,InternVL|Llama-3.2|Pixtral,1
mmmu,ILP,test_Agriculture_111,CC,Pixtral,0.3333333333333333,0.75,Tech & Engineering,InternVL|Llama-3.2|Pixtral,2
mmmu,ILP,test_Agriculture_125,MiC,Pixtral,1.0,0.5833333333333334,Tech & Engineering,InternVL|Llama-3.2|Pixtral,2
mmmu,ILP,test_Agriculture_13,CC,Pixtral,1.0,1.0,Tech & Engineering,InternVL|Llama-3.2|Pixtral,2
mmmu,ILP,test_Agriculture_145,MiC,InternVL,0.0,0.6666666666666666,Tech & Engineering,InternVL|Llama-3.2|Pixtral,1
mmmu,ILP,test_Agriculture_161,CC,InternVL,0.0,1.0,Tech & Engineering,InternVL|Llama-3.2|Pixtral,1
mmmu,ILP,test_Agriculture_194,CC,Llama-3.2,0.0,0.0,Tech & Engineering,InternVL|Llama-3.2|Pixtral,3
mmmu,ILP,test_Agriculture_212,MiC,Llama-3.2,0.0,0.16666666666666666,Tech & Engineering,InternVL|Llama-3.2|Pixtral,3
mmmu,ILP,test_Agriculture_228,CC,Pixtral,0.0,0.8333333333333333,Tech & Engineering,InternVL|Llama-3.2|Pixtral,2
mmmu,ILP,test_Agriculture_268,MiC,Pixtral,1.0,0.5,Tech & Engineering,InternVL|Llama-3.2|Pixtral,2
mmmu,ILP,test_Agriculture_52,CC,Pixtral,1.0,0.0,Tech & Engineering,InternVL|Llama-3.2|Pixtral,2
mmmu,ILP,test_Agriculture_9,MiC,Llama-3.2,0.0,0.5,Tech & Engineering,InternVL|Llama-3.2|Pixtral,3
mmmu,ILP,test_Architecture_and_Engineering_114,MiC,InternVL,0.0,0.9166666666666667,Tech & Engineering,InternVL|Llama-3.2|Pixtral,1
mmmu,ILP,test_Architecture_and_Engineering_115,CC,InternVL,0.0,0.5833333333333334,Tech & Engineering,InternVL|Llama-3.2|Pixtral,1
mmmu,ILP,test_Architecture_and_Engineering_145,CC,Pixtral,0.0,0.9166666666666667,Tech & Engineering,InternVL|Llama-3.2|Pixtral,2
mmmu,ILP,test_Architecture_and_Engineering_230,MiC,InternVL,0.3333333333333333,0.8333333333333333,Tech & Engineering,InternVL|Llama-3.2|Pixtral,1
mmmu,ILP,test_Architecture_and_Engineering_283,CC,InternVL,0.0,0.41666666666666663,Tech & Engineering,InternVL|Llama-3.2|Pixtral,1
mmmu,ILP,test_Architecture_and_Engineering_290,CC,InternVL,0.0,0.25,Tech & Engineering,InternVL|Llama-3.2|Pixtral,1
mmmu,ILP,test_Architecture_and_Engineering_294,CC,InternVL,0.3333333333333333,0.0,Tech & Engineering,InternVL|Llama-3.2|Pixtral,1
mmmu,ILP,test_Architecture_and_Engineering_342,CC,InternVL,0.0,1.0,Tech & Engineering,InternVL|Llama-3.2|Pixtral,1
mmmu,ILP,test_Architecture_and_Engineering_457,CC,InternVL,1.0,0.8333333333333333,Tech & Engineering,InternVL|Llama-3.2|Pixtral,1
mmmu,ILP,test_Architecture_and_Engineering_460,CC,Llama-3.2,0.3333333333333333,0.0,Tech & Engineering,InternVL|Llama-3.2|Pixtral,3
mmmu,ILP,test_Architecture_and_Engineering_48,MiC,Llama-3.2,0.0,0.5833333333333334,Tech & Engineering,InternVL|Llama-3.2|Pixtral,3
mmmu,ILP,test_Architecture_and_Engineering_49,MiC,Pixtral,1.0,0.6666666666666667,Tech & Engineering,InternVL|Llama-3.2|Pixtral,2
mmmu,ILP,test_Architecture_and_Engineering_533,CC,Llama-3.2,0.0,0.08333333333333333,Tech & Engineering,InternVL|Llama-3.2|Pixtral,3
mmmu,ILP,test_Architecture_and_Engineering_546,CC,InternVL,1.0,0.08333333333333333,Tech & Engineering,InternVL|Llama-3.2|Pixtral,1
mmmu,ILP,test_Architecture_and_Engineering_85,MiC,Pixtral,0.0,0.9166666666666667,Tech & Engineering,InternVL|Llama-3.2|Pixtral,2
mmmu,ILP,test_Architecture_and_Engineering_99,MiC,Llama-3.2,0.0,0.41666666666666663,Tech & Engineering,InternVL|Llama-3.2|Pixtral,3
mmmu,ILP,test_Art_105,MiC,Pixtral,1.0,0.0,Art & Design,InternVL|Llama-3.2|Pixtral,2
mmmu,ILP,test_Art_12,MiC,InternVL,0.0,0.0,Art & Design,InternVL|Llama-3.2|Pixtral,1
mmmu,ILP,test_Art_159,CC,InternVL,0.3333333333333333,0.75,Art & Design,InternVL|Llama-3.2|Pixtral,1
mmmu,ILP,test_Art_166,CC,Pixtral,1.0,0.5833333333333334,Art & Design,InternVL|Llama-3.2|Pixtral,2
mmmu,ILP,test_Art_182,MiC,InternVL,0.0,0.5,Art & Design,InternVL|Llama-3.2|Pixtral,1
mmmu,ILP,test_Art_225,MiC,Llama-3.2,0.0,1.0,Art & Design,InternVL|Llama-3.2|Pixtral,3
mmmu,ILP,test_Art_26,CC,InternVL,0.3333333333333333,0.5833333333333334,Art & Design,InternVL|Llama-3.2|Pixtral,1
mmmu,ILP,test_Art_84,CC,InternVL,0.0,1.0,Art & Design,InternVL|Llama-3.2|Pixtral,1
mmmu,ILP,test_Art_Theory_170,CC,Pixtral,1.0,0.75,Art & Design,InternVL|Llama-3.2|Pixtral,2
mmmu,ILP,test_Art_Theory_213,MiC,Pixtral,0.0,0.0,Art & Design,InternVL|Llama-3.2|Pixtral,2
mmmu,ILP,test_Art_Theory_229,CC,InternVL,0.3333333333333333,0.0,Art & Design,InternVL|Llama-3.2|Pixtral,1
mmmu,ILP,test_Art_Theory_346,CC,InternVL,0.0,0.5833333333333334,Art & Design,InternVL|Llama-3.2|Pixtral,1
mmmu,ILP,test_Art_Theory_427,MiC,Llama-3.2,0.0,0.5833333333333334,Art & Design,InternVL|Llama-3.2|Pixtral,3
mmmu,ILP,test_Basic_Medical_Science_124,CC,InternVL,0.3333333333333333,1.0,Health & Medicine,InternVL|Llama-3.2|Pixtral,1
mmmu,ILP,test_Basic_Medical_Science_155,CC,InternVL,0.0,1.0,Health & Medicine,InternVL|Llama-3.2|Pixtral,1
mmmu,ILP,test_Basic_Medical_Science_177,MiC,InternVL,0.0,0.4166666666666667,Health & Medicine,InternVL|Llama-3.2|Pixtral,1
mmmu,ILP,test_Basic_Medical_Science_206,CC,Llama-3.2,0.0,0.08333333333333333,Health & Medicine,InternVL|Llama-3.2|Pixtral,3
mmmu,ILP,test_Basic_Medical_Science_222,CC,Pixtral,1.0,0.16666666666666666,Health & Medicine,InternVL|Llama-3.2|Pixtral,2
mmmu,ILP,test_Basic_Medical_Science_23,MiC,Llama-3.2,0.0,0.08333333333333333,Health & Medicine,InternVL|Llama-3.2|Pixtral,3
mmmu,ILP,test_Basic_Medical_Science_24,CC,Llama-3.2,0.3333333333333333,0.0,Health & Medicine,InternVL|Llama-3.2|Pixtral,3
mmmu,ILP,test_Basic_Medical_Science_25,MiC,InternVL,0.0,0.6666666666666666,Health & Medicine,InternVL|Llama-3.2|Pixtral,1
mmmu,ILP,test_Basic_Medical_Science_263,MiC,Pixtral,0.0,1.0,Health & Medicine,InternVL|Llama-3.2|Pixtral,2
mmmu,ILP,test_Basic_Medical_Science_278,CC,Pixtral,1.0,0.3333333333333333,Health & Medicine,InternVL|Llama-3.2|Pixtral,2
mmmu,ILP,test_Basic_Medical_Science_286,CC,Pixtral,0.3333333333333333,1.0,Health & Medicine,InternVL|Llama-3.2|Pixtral,2
mmmu,ILP,test_Basic_Medical_Science_78,MiC,InternVL,0.0,0.5,Health & Medicine,InternVL|Llama-3.2|Pixtral,1
mmmu,ILP,test_Basic_Medical_Science_89,CC,InternVL,0.0,1.0,Health & Medicine,InternVL|Llama-3.2|Pixtral,1
mmmu,ILP,test_Basic_Medical_Science_94,CC,InternVL,0.0,0.5833333333333334,Health & Medicine,InternVL|Llama-3.2|Pixtral,1
mmmu,ILP,test_Biology_119,MiC,Pixtral,0.0,0.08333333333333333,Science,InternVL|Llama-3.2|Pixtral,2
mmmu,ILP,test_Biology_17,MiC,Pixtral,0.0,0.5,Science,InternVL|Llama-3.2|Pixtral,2
mmmu,ILP,test_Biology_174,CC,Llama-3.2,0.0,1.0,Science,InternVL|Llama-3.2|Pixtral,3
mmmu,ILP,test_Biology_183,MiC,Pixtral,0.0,0.8333333333333333,Science,InternVL|Llama-3.2|Pixtral,2
mmmu,ILP,test_Biology_220,CC,Pixtral,1.0,1.0,Science,InternVL|Llama-3.2|Pixtral,2
mmmu,ILP,test_Biology_235,MiC,InternVL,0.0,1.0,Science,InternVL|Llama-3.2|Pixtral,1
mmmu,ILP,test_Biology_256,MiC,InternVL,1.0,0.6666666666666666,Science,InternVL|Llama-3.2|Pixtral,1
mmmu,ILP,test_Biology_295,MiC,InternVL,0.0,0.8333333333333333,Science,InternVL|Llama-3.2|Pixtral,1
mmmu,ILP,test_Biology_301,CC,Pixtral,1.0,0.8333333333333333,Science,InternVL|Llama-3.2|Pixtral,2
mmmu,ILP,test_Biology_305,MiC,Pixtral,0.0,0.6666666666666666,Science,InternVL|Llama-3.2|Pixtral,2
mmmu,ILP,test_Biology_306,MiC,Pixtral,0.0,0.0,Science,InternVL|Llama-3.2|Pixtral,2
mmmu,ILP,test_Biology_32,MiC,Llama-3.2,0.0,1.0,Science,InternVL|Llama-3.2|Pixtral,3
mmmu,ILP,test_Biology_330,CC,Llama-3.2,0.0,0.41666666666666663,Science,InternVL|Llama-3.2|Pixtral,3
mmmu,ILP,test_Biology_333,CC,Llama-3.2,1.0,1.0,Science,InternVL|Llama-3.2|Pixtral,3
mmmu,ILP,test_Biology_337,CC,Llama-3.2,0.3333333333333333,0.0,Science,InternVL|Llama-3.2|Pixtral,3
mmmu,ILP,test_Biology_39,CC,InternVL,0.0,0.6666666666666667,Science,InternVL|Llama-3.2|Pixtral,1
mmmu,ILP,test_Chemistry_22,MiC,InternVL,1.0,1.0,Science,InternVL|Llama-3.2|Pixtral,1
mmmu,ILP,test_Chemistry_245,CC,Pixtral,0.3333333333333333,0.6666666666666667,Science,InternVL|Llama-3.2|Pixtral,2
mmmu,ILP,test_Chemistry_34,CC,Pixtral,0.3333333333333333,0.75,Science,InternVL|Llama-3.2|Pixtral,2
mmmu,ILP,test_Chemistry_38,CC,InternVL,0.3333333333333333,0.8333333333333333,Science,InternVL|Llama-3.2|Pixtral,1
mmmu,ILP,test_Chemistry_380,MiC,InternVL,1.0,1.0,Science,InternVL|Llama-3.2|Pixtral,1
mmmu,ILP,test_Chemistry_425,CC,InternVL,0.3333333333333333,1.0,Science,InternVL|Llama-3.2|Pixtral,1
mmmu,ILP,test_Chemistry_502,MiC,Pixtral,0.0,0.5833333333333334,Science,InternVL|Llama-3.2|Pixtral,2
mmmu,ILP,test_Chemistry_558,MiC,InternVL,0.0,1.0,Science,InternVL|Llama-3.2|Pixtral,1
mmmu,ILP,test_Chemistry_563,CC,Pixtral,0.0,1.0,Science,InternVL|Llama-3.2|Pixtral,2
mmmu,ILP,test_Clinical_Medicine_12,MiC,Pixtral,1.0,0.5,Health & Medicine,InternVL|Llama-3.2|Pixtral,2
mmmu,ILP,test_Clinical_Medicine_131,CC,Llama-3.2,0.3333333333333333,0.0,Health & Medicine,InternVL|Llama-3.2|Pixtral,3
mmmu,ILP,test_Clinical_Medicine_182,MiC,InternVL,0.0,1.0,Health & Medicine,InternVL|Llama-3.2|Pixtral,1
mmmu,ILP,test_Clinical_Medicine_229,CC,Llama-3.2,0.0,0.6666666666666666,Health & Medicine,InternVL|Llama-3.2|Pixtral,3
mmmu,ILP,test_Clinical_Medicine_23,CC,InternVL,0.0,1.0,Health & Medicine,InternVL|Llama-3.2|Pixtral,1
mmmu,ILP,test_Clinical_Medicine_242,CC,Pixtral,0.3333333333333333,0.75,Health & Medicine,InternVL|Llama-3.2|Pixtral,2
mmmu,ILP,test_Clinical_Medicine_259,CC,InternVL,0.3333333333333333,0.5,Health & Medicine,InternVL|Llama-3.2|Pixtral,1
mmmu,ILP,test_Clinical_Medicine_271,MiC,Llama-3.2,0.0,0.0,Health & Medicine,InternVL|Llama-3.2|Pixtral,3
mmmu,ILP,test_Clinical_Medicine_75,MiC,InternVL,0.0,0.5,Health & Medicine,InternVL|Llama-3.2|Pixtral,1
mmmu,ILP,test_Clinical_Medicine_85,MiC,Pixtral,1.0,0.6666666666666666,Health & Medicine,InternVL|Llama-3.2|Pixtral,2
mmmu,ILP,test_Clinical_Medicine_9,CC,InternVL,1.0,0.9166666666666667,Health & Medicine,InternVL|Llama-3.2|Pixtral,1
mmmu,ILP,test_Computer_Science_103,CC,Pixtral,0.0,1.0,Tech & Engineering,InternVL|Llama-3.2|Pixtral,2
mmmu,ILP,test_Computer_Science_110,CC,Pixtral,0.3333333333333333,1.0,Tech & Engineering,InternVL|Llama-3.2|Pixtral,2
mmmu,ILP,test_Computer_Science_171,MiC,Llama-3.2,0.0,1.0,Tech & Engineering,InternVL|Llama-3.2|Pixtral,3
mmmu,ILP,test_Computer_Science_174,MiC,Llama-3.2,0.0,0.9166666666666667,Tech & Engineering,InternVL|Llama-3.2|Pixtral,3
mmmu,ILP,test_Computer_Science_175,CC,Llama-3.2,0.0,1.0,Tech & Engineering,InternVL|Llama-3.2|Pixtral,3
mmmu,ILP,test_Computer_Science_195,CC,InternVL,1.0,0.0,Tech & Engineering,InternVL|Llama-3.2|Pixtral,1
mmmu,ILP,test_Computer_Science_23,MiC,Llama-3.2,0.0,0.5833333333333333,Tech & Engineering,InternVL|Llama-3.2|Pixtral,3
mmmu,ILP,test_Computer_Science_268,MiC,InternVL,0.0,0.6666666666666666,Tech & Engineering,InternVL|Llama-3.2|Pixtral,1
mmmu,ILP,test_Computer_Science_287,MiC,InternVL,1.0,1.0,Tech & Engineering,InternVL|Llama-3.2|Pixtral,1
mmmu,ILP,test_Computer_Science_321,CC,InternVL,0.3333333333333333,0.25,Tech & Engineering,InternVL|Llama-3.2|Pixtral,1
mmmu,ILP,test_Computer_Science_367,MiC,InternVL,0.0,0.8333333333333333,Tech & Engineering,InternVL|Llama-3.2|Pixtral,1
mmmu,ILP,test_Computer_Science_60,CC,Pixtral,0.0,0.3333333333333333,Tech & Engineering,InternVL|Llama-3.2|Pixtral,2
mmmu,ILP,test_Design_167,MiC,Llama-3.2,0.0,0.8333333333333333,Art & Design,InternVL|Llama-3.2|Pixtral,3
mmmu,ILP,test_Design_34,MiC,Pixtral,1.0,0.25,Art & Design,InternVL|Llama-3.2|Pixtral,2
mmmu,ILP,test_Design_52,CC,Pixtral,1.0,0.5,Art & Design,InternVL|Llama-3.2|Pixtral,2
mmmu,ILP,test_Design_59,CC,InternVL,0.3333333333333333,0.0,Art & Design,InternVL|Llama-3.2|Pixtral,1
mmmu,ILP,test_Diagnostics_and_Laboratory_Medicine_103,MiC,Pixtral,1.0,0.0,Health & Medicine,InternVL|Llama-3.2|Pixtral,2
mmmu,ILP,test_Diagnostics_and_Laboratory_Medicine_106,MiC,Llama-3.2,0.0,0.5,Health & Medicine,InternVL|Llama-3.2|Pixtral,3
mmmu,ILP,test_Diagnostics_and_Laboratory_Medicine_11,MiC,Llama-3.2,0.0,0.16666666666666666,Health & Medicine,InternVL|Llama-3.2|Pixtral,3
mmmu,ILP,test_Diagnostics_and_Laboratory_Medicine_14,CC,Pixtral,1.0,0.0,Health & Medicine,InternVL|Llama-3.2|Pixtral,2
mmmu,ILP,test_Diagnostics_and_Laboratory_Medicine_144,CC,Pixtral,0.3333333333333333,0.3333333333333333,Health & Medicine,InternVL|Llama-3.2|Pixtral,2
mmmu,ILP,test_Diagnostics_and_Laboratory_Medicine_147,MiC,Pixtral,0.0,0.0,Health & Medicine,InternVL|Llama-3.2|Pixtral,2
mmmu,ILP,test_Diagnostics_and_Laboratory_Medicine_154,MiC,Llama-3.2,0.0,0.0,Health & Medicine,InternVL|Llama-3.2|Pixtral,3
mmmu,ILP,test_Diagnostics_and_Laboratory_Medicine_159,CC,Pixtral,1.0,0.5,Health & Medicine,InternVL|Llama-3.2|Pixtral,2
mmmu,ILP,test_Diagnostics_and_Laboratory_Medicine_41,CC,Llama-3.2,0.0,0.9166666666666667,Health & Medicine,InternVL|Llama-3.2|Pixtral,3
mmmu,ILP,test_Diagnostics_and_Laboratory_Medicine_42,MiC,Pixtral,1.0,0.25,Health & Medicine,InternVL|Llama-3.2|Pixtral,2
mmmu,ILP,test_Diagnostics_and_Laboratory_Medicine_81,CC,InternVL,1.0,0.0,Health & Medicine,InternVL|Llama-3.2|Pixtral,1
mmmu,ILP,test_Diagnostics_and_Laboratory_Medicine_91,MiC,InternVL,0.0,1.0,Health & Medicine,InternVL|Llama-3.2|Pixtral,1
mmmu,ILP,test_Diagnostics_and_Laboratory_Medicine_97,CC,Llama-3.2,0.0,0.0,Health & Medicine,InternVL|Llama-3.2|Pixtral,3
mmmu,ILP,test_Economics_11,CC,Pixtral,0.3333333333333333,0.75,Business,InternVL|Llama-3.2|Pixtral,2
mmmu,ILP,test_Economics_114,MiC,Pixtral,1.0,1.0,Business,InternVL|Llama-3.2|Pixtral,2
mmmu,ILP,test_Economics_130,MiC,InternVL,0.0,1.0,Business,InternVL|Llama-3.2|Pixtral,1
mmmu,ILP,test_Economics_133,CC,InternVL,0.3333333333333333,1.0,Business,InternVL|Llama-3.2|Pixtral,1
mmmu,ILP,test_Economics_201,CC,Llama-3.2,0.0,0.9166666666666667,Business,InternVL|Llama-3.2|Pixtral,3
mmmu,ILP,test_Economics_249,MiC,Pixtral,0.0,1.0,Business,InternVL|Llama-3.2|Pixtral,2
mmmu,ILP,test_Economics_254,MiC,Pixtral,0.0,1.0,Business,InternVL|Llama-3.2|Pixtral,2
mmmu,ILP,test_Economics_42,MiC,InternVL,0.0,1.0,Business,InternVL|Llama-3.2|Pixtral,1
mmmu,ILP,test_Economics_47,MiC,InternVL,1.0,1.0,Business,InternVL|Llama-3.2|Pixtral,1
mmmu,ILP,test_Economics_49,MiC,Llama-3.2,1.0,1.0,Business,InternVL|Llama-3.2|Pixtral,3
mmmu,ILP,test_Economics_51,MiC,InternVL,0.0,0.41666666666666663,Business,InternVL|Llama-3.2|Pixtral,1
mmmu,ILP,test_Electronics_116,CC,Pixtral,0.3333333333333333,0.6666666666666666,Tech & Engineering,InternVL|Llama-3.2|Pixtral,2
mmmu,ILP,test_Electronics_122,CC,InternVL,0.0,1.0,Tech & Engineering,InternVL|Llama-3.2|Pixtral,1
mmmu,ILP,test_Electronics_155,CC,Llama-3.2,0.0,0.9166666666666667,Tech & Engineering,InternVL|Llama-3.2|Pixtral,3
mmmu,ILP,test_Electronics_169,MiC,InternVL,0.0,0.4166666666666667,Tech & Engineering,InternVL|Llama-3.2|Pixtral,1
mmmu,ILP,test_Electronics_29,MiC,InternVL,0.0,0.6666666666666666,Tech & Engineering,InternVL|Llama-3.2|Pixtral,1
mmmu,ILP,test_Electronics_67,MiC,InternVL,0.0,1.0,Tech & Engineering,InternVL|Llama-3.2|Pixtral,1
mmmu,ILP,test_Electronics_71,MiC,Llama-3.2,0.0,0.08333333333333333,Tech & Engineering,InternVL|Llama-3.2|Pixtral,3
mmmu,ILP,test_Electronics_93,CC,InternVL,1.0,0.9166666666666667,Tech & Engineering,InternVL|Llama-3.2|Pixtral,1
mmmu,ILP,test_Electronics_97,CC,Llama-3.2,0.3333333333333333,0.3333333333333333,Tech & Engineering,InternVL|Llama-3.2|Pixtral,3
mmmu,ILP,test_Energy_and_Power_125,MiC,Pixtral,0.0,0.5,Tech & Engineering,InternVL|Llama-3.2|Pixtral,2
mmmu,ILP,test_Energy_and_Power_139,MiC,InternVL,1.0,1.0,Tech & Engineering,InternVL|Llama-3.2|Pixtral,1
mmmu,ILP,test_Energy_and_Power_234,MiC,Pixtral,0.0,0.8333333333333333,Tech & Engineering,InternVL|Llama-3.2|Pixtral,2
mmmu,ILP,test_Energy_and_Power_246,MiC,Llama-3.2,0.0,0.5833333333333334,Tech & Engineering,InternVL|Llama-3.2|Pixtral,3
mmmu,ILP,test_Energy_and_Power_268,CC,Llama-3.2,0.0,1.0,Tech & Engineering,InternVL|Llama-3.2|Pixtral,3
mmmu,ILP,test_Energy_and_Power_304,CC,InternVL,1.0,1.0,Tech & Engineering,InternVL|Llama-3.2|Pixtral,1
mmmu,ILP,test_Energy_and_Power_352,CC,Llama-3.2,0.3333333333333333,0.25,Tech & Engineering,InternVL|Llama-3.2|Pixtral,3
mmmu,ILP,test_Energy_and_Power_362,CC,InternVL,1.0,0.25,Tech & Engineering,InternVL|Llama-3.2|Pixtral,1
mmmu,ILP,test_Energy_and_Power_389,MiC,Pixtral,1.0,0.5,Tech & Engineering,InternVL|Llama-3.2|Pixtral,2
mmmu,ILP,test_Energy_and_Power_401,MiC,InternVL,0.0,0.3333333333333333,Tech & Engineering,InternVL|Llama-3.2|Pixtral,1
mmmu,ILP,test_Energy_and_Power_41,MiC,InternVL,0.0,1.0,Tech & Engineering,InternVL|Llama-3.2|Pixtral,1
mmmu,ILP,test_Energy_and_Power_420,CC,InternVL,0.0,0.5833333333333334,Tech & Engineering,InternVL|Llama-3.2|Pixtral,1
mmmu,ILP,test_Energy_and_Power_427,CC,InternVL,1.0,0.08333333333333333,Tech & Engineering,InternVL|Llama-3.2|Pixtral,1
mmmu,ILP,test_Energy_and_Power_43,CC,Llama-3.2,0.0,0.3333333333333333,Tech & Engineering,InternVL|Llama-3.2|Pixtral,3
mmmu,ILP,test_Energy_and_Power_45,CC,Pixtral,0.0,0.16666666666666666,Tech & Engineering,InternVL|Llama-3.2|Pixtral,2
mmmu,ILP,test_Energy_and_Power_48,CC,Pixtral,0.3333333333333333,1.0,Tech & Engineering,InternVL|Llama-3.2|Pixtral,2
mmmu,ILP,test_Finance_12,CC,InternVL,0.0,1.0,Business,InternVL|Llama-3.2|Pixtral,1
mmmu,ILP,test_Finance_154,MiC,Llama-3.2,0.0,0.08333333333333333,Business,InternVL|Llama-3.2|Pixtral,3
mmmu,ILP,test_Finance_192,CC,InternVL,0.0,1.0,Business,InternVL|Llama-3.2|Pixtral,1
mmmu,ILP,test_Finance_25,MiC,InternVL,0.0,1.0,Business,InternVL|Llama-3.2|Pixtral,1
mmmu,ILP,test_Finance_304,MiC,Pixtral,1.0,0.75,Business,InternVL|Llama-3.2|Pixtral,2
mmmu,ILP,test_Finance_346,CC,InternVL,0.0,0.9166666666666667,Business,InternVL|Llama-3.2|Pixtral,1
mmmu,ILP,test_Finance_60,MiC,InternVL,1.0,0.75,Business,InternVL|Llama-3.2|Pixtral,1
mmmu,ILP,test_Finance_62,MiC,InternVL,1.0,1.0,Business,InternVL|Llama-3.2|Pixtral,1
mmmu,ILP,test_Finance_68,MiC,Pixtral,1.0,1.0,Business,InternVL|Llama-3.2|Pixtral,2
mmmu,ILP,test_Geography_145,CC,Llama-3.2,0.0,1.0,Science,InternVL|Llama-3.2|Pixtral,3
mmmu,ILP,test_Geography_150,CC,InternVL,0.0,0.8333333333333334,Science,InternVL|Llama-3.2|Pixtral,1
mmmu,ILP,test_Geography_164,MiC,Pixtral,1.0,0.08333333333333333,Science,InternVL|Llama-3.2|Pixtral,2
mmmu,ILP,test_Geography_200,CC,Pixtral,1.0,1.0,Science,InternVL|Llama-3.2|Pixtral,2
mmmu,ILP,test_Geography_276,CC,Pixtral,0.3333333333333333,1.0,Science,InternVL|Llama-3.2|Pixtral,2
mmmu,ILP,test_Geography_30,MiC,InternVL,0.0,0.6666666666666666,Science,InternVL|Llama-3.2|Pixtral,1
mmmu,ILP,test_Geography_315,MiC,Llama-3.2,1.0,1.0,Science,InternVL|Llama-3.2|Pixtral,3
mmmu,ILP,test_Geography_319,MiC,Pixtral,0.0,0.08333333333333333,Science,InternVL|Llama-3.2|Pixtral,2
mmmu,ILP,test_Geography_434,MiC,InternVL,0.0,0.5833333333333333,Science,InternVL|Llama-3.2|Pixtral,1
mmmu,ILP,test_Geography_483,MiC,Llama-3.2,0.0,0.0,Science,InternVL|Llama-3.2|Pixtral,3
mmmu,ILP,test_Geography_514,CC,Llama-3.2,0.0,0.0,Science,InternVL|Llama-3.2|Pixtral,3
mmmu,ILP,test_Geography_66,CC,InternVL,1.0,0.75,Science,InternVL|Llama-3.2|Pixtral,1
mmmu,ILP,test_History_130,CC,InternVL,1.0,1.0,Humanities & Social Science,InternVL|Llama-3.2|Pixtral,1
mmmu,ILP,test_History_209,CC,Pixtral,0.0,0.0,Humanities & Social Science,InternVL|Llama-3.2|Pixtral,2
mmmu,ILP,test_History_210,CC,InternVL,0.0,1.0,Humanities & Social Science,InternVL|Llama-3.2|Pixtral,1
mmmu,ILP,test_History_261,MiC,Pixtral,1.0,1.0,Humanities & Social Science,InternVL|Llama-3.2|Pixtral,2
mmmu,ILP,test_History_62,CC,Llama-3.2,0.0,0.6666666666666666,Humanities & Social Science,InternVL|Llama-3.2|Pixtral,3
mmmu,ILP,test_Literature_47,MiC,Llama-3.2,1.0,0.5,Humanities & Social Science,InternVL|Llama-3.2|Pixtral,3
mmmu,ILP,test_Literature_68,MiC,Llama-3.2,0.0,0.3333333333333333,Humanities & Social Science,InternVL|Llama-3.2|Pixtral,3
mmmu,ILP,test_Manage_100,MiC,InternVL,0.0,1.0,Business,InternVL|Llama-3.2|Pixtral,1
mmmu,ILP,test_Manage_115,CC,Pixtral,0.3333333333333333,1.0,Business,InternVL|Llama-3.2|Pixtral,2
mmmu,ILP,test_Manage_120,MiC,InternVL,1.0,0.0,Business,InternVL|Llama-3.2|Pixtral,1
mmmu,ILP,test_Manage_121,CC,InternVL,0.3333333333333333,1.0,Business,InternVL|Llama-3.2|Pixtral,1
mmmu,ILP,test_Manage_125,MiC,Pixtral,0.0,0.0,Business,InternVL|Llama-3.2|Pixtral,2
mmmu,ILP,test_Manage_126,CC,Llama-3.2,0.3333333333333333,0.5833333333333333,Business,InternVL|Llama-3.2|Pixtral,3
mmmu,ILP,test_Manage_156,MiC,InternVL,0.0,1.0,Business,InternVL|Llama-3.2|Pixtral,1
mmmu,ILP,test_Manage_172,CC,Llama-3.2,1.0,0.5,Business,InternVL|Llama-3.2|Pixtral,3
mmmu,ILP,test_Manage_207,MiC,Pixtral,1.0,1.0,Business,InternVL|Llama-3.2|Pixtral,2
mmmu,ILP,test_Manage_22,MiC,Pixtral,0.0,0.0,Business,InternVL|Llama-3.2|Pixtral,2
mmmu,ILP,test_Manage_41,MiC,InternVL,1.0,1.0,Business,InternVL|Llama-3.2|Pixtral,1
mmmu,ILP,test_Marketing_101,CC,InternVL,0.3333333333333333,1.0,Business,InternVL|Llama-3.2|Pixtral,1
mmmu,ILP,test_Marketing_144,MiC,InternVL,1.0,0.5,Business,InternVL|Llama-3.2|Pixtral,1
mmmu,ILP,test_Marketing_15,MiC,InternVL,0.0,0.0,Business,InternVL|Llama-3.2|Pixtral,1
mmmu,ILP,test_Marketing_150,CC,InternVL,1.0,1.0,Business,InternVL|Llama-3.2|Pixtral,1
mmmu,ILP,test_Marketing_158,MiC,InternVL,1.0,1.0,Business,InternVL|Llama-3.2|Pixtral,1
mmmu,ILP,test_Marketing_31,MiC,InternVL,0.0,1.0,Business,InternVL|Llama-3.2|Pixtral,1
mmmu,ILP,test_Marketing_73,MiC,InternVL,1.0,1.0,Business,InternVL|Llama-3.2|Pixtral,1
mmmu,ILP,test_Marketing_78,MiC,Llama-3.2,0.0,0.5,Business,InternVL|Llama-3.2|Pixtral,3
mmmu,ILP,test_Marketing_88,CC,InternVL,1.0,1.0,Business,InternVL|Llama-3.2|Pixtral,1
mmmu,ILP,test_Materials_130,MiC,Llama-3.2,0.0,0.16666666666666666,Tech & Engineering,InternVL|Llama-3.2|Pixtral,3
mmmu,ILP,test_Materials_167,CC,InternVL,0.3333333333333333,0.9166666666666667,Tech & Engineering,InternVL|Llama-3.2|Pixtral,1
mmmu,ILP,test_Materials_182,CC,InternVL,1.0,0.6666666666666667,Tech & Engineering,InternVL|Llama-3.2|Pixtral,1
mmmu,ILP,test_Materials_222,CC,Pixtral,0.0,0.5833333333333333,Tech & Engineering,InternVL|Llama-3.2|Pixtral,2
mmmu,ILP,test_Materials_263,MiC,InternVL,1.0,1.0,Tech & Engineering,InternVL|Llama-3.2|Pixtral,1
mmmu,ILP,test_Materials_275,CC,Llama-3.2,0.3333333333333333,0.75,Tech & Engineering,InternVL|Llama-3.2|Pixtral,3
mmmu,ILP,test_Materials_315,CC,InternVL,1.0,0.75,Tech & Engineering,InternVL|Llama-3.2|Pixtral,1
mmmu,ILP,test_Materials_377,CC,Pixtral,1.0,0.16666666666666666,Tech & Engineering,InternVL|Llama-3.2|Pixtral,2
mmmu,ILP,test_Materials_41,CC,InternVL,1.0,0.5833333333333334,Tech & Engineering,InternVL|Llama-3.2|Pixtral,1
mmmu,ILP,test_Materials_420,CC,Pixtral,1.0,0.6666666666666667,Tech & Engineering,InternVL|Llama-3.2|Pixtral,2
mmmu,ILP,test_Materials_43,CC,Llama-3.2,0.0,0.5,Tech & Engineering,InternVL|Llama-3.2|Pixtral,3
mmmu,ILP,test_Materials_431,CC,InternVL,1.0,0.9166666666666667,Tech & Engineering,InternVL|Llama-3.2|Pixtral,1
mmmu,ILP,test_Materials_44,CC,Llama-3.2,0.0,0.4166666666666667,Tech & Engineering,InternVL|Llama-3.2|Pixtral,3
mmmu,ILP,test_Materials_447,MiC,InternVL,1.0,0.75,Tech & Engineering,InternVL|Llama-3.2|Pixtral,1
mmmu,ILP,test_Materials_48,CC,InternVL,1.0,1.0,Tech & Engineering,InternVL|Llama-3.2|Pixtral,1
mmmu,ILP,test_Materials_76,CC,InternVL,1.0,0.3333333333333333,Tech & Engineering,InternVL|Llama-3.2|Pixtral,1
mmmu,ILP,test_Materials_92,CC,Llama-3.2,0.0,1.0,Tech & Engineering,InternVL|Llama-3.2|Pixtral,3
mmmu,ILP,test_Math_110,MiC,Llama-3.2,0.0,0.9166666666666667,Science,InternVL|Llama-3.2|Pixtral,3
mmmu,ILP,test_Math_116,MiC,Pixtral,0.0,0.3333333333333333,Science,InternVL|Llama-3.2|Pixtral,2
mmmu,ILP,test_Math_133,CC,InternVL,1.0,1.0,Science,InternVL|Llama-3.2|Pixtral,1
mmmu,ILP,test_Math_164,CC,InternVL,1.0,0.6666666666666666,Science,InternVL|Llama-3.2|Pixtral,1
mmmu,ILP,test_Math_179,MiC,Pixtral,1.0,0.08333333333333333,Science,InternVL|Llama-3.2|Pixtral,2
mmmu,ILP,test_Math_207,CC,Pixtral,0.0,0.75,Science,InternVL|Llama-3.2|Pixtral,2
mmmu,ILP,test_Math_236,CC,Pixtral,0.0,1.0,Science,InternVL|Llama-3.2|Pixtral,2
mmmu,ILP,test_Math_285,CC,Llama-3.2,0.0,1.0,Science,InternVL|Llama-3.2|Pixtral,3
mmmu,ILP,test_Math_286,CC,Pixtral,1.0,1.0,Science,InternVL|Llama-3.2|Pixtral,2
mmmu,ILP,test_Math_295,MiC,InternVL,1.0,1.0,Science,InternVL|Llama-3.2|Pixtral,1
mmmu,ILP,test_Math_327,CC,InternVL,0.0,1.0,Science,InternVL|Llama-3.2|Pixtral,1
mmmu,ILP,test_Math_41,CC,InternVL,1.0,1.0,Science,InternVL|Llama-3.2|Pixtral,1
mmmu,ILP,test_Math_466,CC,InternVL,0.0,0.3333333333333333,Science,InternVL|Llama-3.2|Pixtral,1
mmmu,ILP,test_Math_47,CC,InternVL,1.0,0.08333333333333333,Science,InternVL|Llama-3.2|Pixtral,1
mmmu,ILP,test_Math_484,MiC,InternVL,1.0,0.08333333333333333,Science,InternVL|Llama-3.2|Pixtral,1
mmmu,ILP,test_Math_499,MiC,Llama-3.2,0.0,1.0,Science,InternVL|Llama-3.2|Pixtral,3
mmmu,ILP,test_Math_50,MiC,Llama-3.2,0.0,0.75,Science,InternVL|Llama-3.2|Pixtral,3
mmmu,ILP,test_Math_57,CC,InternVL,0.0,1.0,Science,InternVL|Llama-3.2|Pixtral,1
mmmu,ILP,test_Mechanical_Engineering_105,CC,Pixtral,0.0,0.08333333333333333,Tech & Engineering,InternVL|Llama-3.2|Pixtral,2
mmmu,ILP,test_Mechanical_Engineering_116,MiC,InternVL,0.0,0.41666666666666663,Tech & Engineering,InternVL|Llama-3.2|Pixtral,1
mmmu,ILP,test_Mechanical_Engineering_160,MiC,Llama-3.2,0.0,0.5,Tech & Engineering,InternVL|Llama-3.2|Pixtral,3
mmmu,ILP,test_Mechanical_Engineering_181,MiC,InternVL,0.0,0.16666666666666666,Tech & Engineering,InternVL|Llama-3.2|Pixtral,1
mmmu,ILP,test_Mechanical_Engineering_278,CC,InternVL,1.0,0.5833333333333334,Tech & Engineering,InternVL|Llama-3.2|Pixtral,1
mmmu,ILP,test_Mechanical_Engineering_343,CC,Llama-3.2,0.0,0.0,Tech & Engineering,InternVL|Llama-3.2|Pixtral,3
mmmu,ILP,test_Mechanical_Engineering_344,MiC,InternVL,0.3333333333333333,0.08333333333333333,Tech & Engineering,InternVL|Llama-3.2|Pixtral,1
mmmu,ILP,test_Mechanical_Engineering_375,CC,Pixtral,0.0,1.0,Tech & Engineering,InternVL|Llama-3.2|Pixtral,2
mmmu,ILP,test_Mechanical_Engineering_394,MiC,InternVL,0.0,0.4166666666666667,Tech & Engineering,InternVL|Llama-3.2|Pixtral,1
mmmu,ILP,test_Mechanical_Engineering_43,MiC,InternVL,0.0,0.4166666666666667,Tech & Engineering,InternVL|Llama-3.2|Pixtral,1
mmmu,ILP,test_Mechanical_Engineering_44,MiC,InternVL,0.0,0.5833333333333334,Tech & Engineering,InternVL|Llama-3.2|Pixtral,1
mmmu,ILP,test_Mechanical_Engineering_46,CC,Llama-3.2,0.0,0.16666666666666666,Tech & Engineering,InternVL|Llama-3.2|Pixtral,3
mmmu,ILP,test_Mechanical_Engineering_57,CC,InternVL,0.0,0.41666666666666663,Tech & Engineering,InternVL|Llama-3.2|Pixtral,1
mmmu,ILP,test_Mechanical_Engineering_60,CC,InternVL,0.0,1.0,Tech & Engineering,InternVL|Llama-3.2|Pixtral,1
mmmu,ILP,test_Mechanical_Engineering_68,MiC,InternVL,1.0,0.0,Tech & Engineering,InternVL|Llama-3.2|Pixtral,1
mmmu,ILP,test_Mechanical_Engineering_81,MiC,Llama-3.2,0.0,0.5833333333333334,Tech & Engineering,InternVL|Llama-3.2|Pixtral,3
mmmu,ILP,test_Mechanical_Engineering_85,MiC,Pixtral,0.0,0.25,Tech & Engineering,InternVL|Llama-3.2|Pixtral,2
mmmu,ILP,test_Music_111,MiC,Llama-3.2,1.0,0.08333333333333333,Art & Design,InternVL|Llama-3.2|Pixtral,3
mmmu,ILP,test_Music_15,MiC,Pixtral,0.0,0.08333333333333333,Art & Design,InternVL|Llama-3.2|Pixtral,2
mmmu,ILP,test_Music_155,CC,InternVL,0.0,0.16666666666666666,Art & Design,InternVL|Llama-3.2|Pixtral,1
mmmu,ILP,test_Music_161,MiC,InternVL,0.0,0.5,Art & Design,InternVL|Llama-3.2|Pixtral,1
mmmu,ILP,test_Music_167,MiC,Llama-3.2,0.0,0.6666666666666667,Art & Design,InternVL|Llama-3.2|Pixtral,3
mmmu,ILP,test_Music_172,MiC,Llama-3.2,0.0,0.0,Art & Design,InternVL|Llama-3.2|Pixtral,3
mmmu,ILP,test_Music_21,MiC,Pixtral,0.0,0.5833333333333334,Art & Design,InternVL|Llama-3.2|Pixtral,2
mmmu,ILP,test_Music_211,MiC,Llama-3.2,1.0,0.08333333333333333,Art & Design,InternVL|Llama-3.2|Pixtral,3
mmmu,ILP,test_Music_245,MiC,Pixtral,0.0,0.0,Art & Design,InternVL|Llama-3.2|Pixtral,2
mmmu,ILP,test_Music_266,MiC,Llama-3.2,0.0,0.16666666666666666,Art & Design,InternVL|Llama-3.2|Pixtral,3
mmmu,ILP,test_Music_274,MiC,Llama-3.2,0.0,0.16666666666666666,Art & Design,InternVL|Llama-3.2|Pixtral,3
mmmu,ILP,test_Music_290,CC,Llama-3.2,0.3333333333333333,0.08333333333333333,Art & Design,InternVL|Llama-3.2|Pixtral,3
mmmu,ILP,test_Music_319,MiC,Pixtral,1.0,0.8333333333333333,Art & Design,InternVL|Llama-3.2|Pixtral,2
mmmu,ILP,test_Music_39,CC,Llama-3.2,0.0,0.08333333333333333,Art & Design,InternVL|Llama-3.2|Pixtral,3
mmmu,ILP,test_Music_5,MiC,Llama-3.2,0.0,0.16666666666666666,Art & Design,InternVL|Llama-3.2|Pixtral,3
mmmu,ILP,test_Music_59,MiC,InternVL,1.0,0.3333333333333333,Art & Design,InternVL|Llama-3.2|Pixtral,1
mmmu,ILP,test_Music_60,CC,InternVL,1.0,0.3333333333333333,Art & Design,InternVL|Llama-3.2|Pixtral,1
mmmu,ILP,test_Music_78,CC,Pixtral,1.0,0.16666666666666666,Art & Design,InternVL|Llama-3.2|Pixtral,2
mmmu,ILP,test_Music_92,MiC,InternVL,0.0,0.5,Art & Design,InternVL|Llama-3.2|Pixtral,1
mmmu,ILP,test_Music_99,MiC,InternVL,0.3333333333333333,0.5,Art & Design,InternVL|Llama-3.2|Pixtral,1
mmmu,ILP,test_Pharmacy_112,MiC,Pixtral,0.0,0.0,Health & Medicine,InternVL|Llama-3.2|Pixtral,2
mmmu,ILP,test_Pharmacy_193,MiC,InternVL,0.0,0.3333333333333333,Health & Medicine,InternVL|Llama-3.2|Pixtral,1
mmmu,ILP,test_Pharmacy_21,CC,InternVL,1.0,1.0,Health & Medicine,InternVL|Llama-3.2|Pixtral,1
mmmu,ILP,test_Pharmacy_239,MiC,InternVL,1.0,1.0,Health & Medicine,InternVL|Llama-3.2|Pixtral,1
mmmu,ILP,test_Pharmacy_257,MiC,InternVL,0.0,1.0,Health & Medicine,InternVL|Llama-3.2|Pixtral,1
mmmu,ILP,test_Pharmacy_288,MiC,InternVL,1.0,1.0,Health & Medicine,InternVL|Llama-3.2|Pixtral,1
mmmu,ILP,test_Pharmacy_350,MiC,Pixtral,0.0,0.0,Health & Medicine,InternVL|Llama-3.2|Pixtral,2
mmmu,ILP,test_Pharmacy_410,CC,InternVL,0.0,0.4166666666666667,Health & Medicine,InternVL|Llama-3.2|Pixtral,1
mmmu,ILP,test_Pharmacy_77,CC,InternVL,0.0,0.0,Health & Medicine,InternVL|Llama-3.2|Pixtral,1
mmmu,ILP,test_Physics_118,CC,InternVL,0.3333333333333333,1.0,Science,InternVL|Llama-3.2|Pixtral,1
mmmu,ILP,test_Physics_150,CC,InternVL,0.0,1.0,Science,InternVL|Llama-3.2|Pixtral,1
mmmu,ILP,test_Physics_158,MiC,Llama-3.2,0.0,1.0,Science,InternVL|Llama-3.2|Pixtral,3
mmmu,ILP,test_Physics_169,MiC,InternVL,1.0,0.3333333333333333,Science,InternVL|Llama-3.2|Pixtral,1
mmmu,ILP,test_Physics_192,MiC,Pixtral,0.0,0.0,Science,InternVL|Llama-3.2|Pixtral,2
mmmu,ILP,test_Physics_211,CC,Llama-3.2,0.0,0.9166666666666667,Science,InternVL|Llama-3.2|Pixtral,3
mmmu,ILP,test_Physics_350,MiC,Pixtral,0.0,0.16666666666666666,Science,InternVL|Llama-3.2|Pixtral,2
mmmu,ILP,test_Physics_396,CC,InternVL,1.0,0.9166666666666667,Science,InternVL|Llama-3.2|Pixtral,1
mmmu,ILP,test_Physics_404,MiC,InternVL,0.0,0.8333333333333333,Science,InternVL|Llama-3.2|Pixtral,1
mmmu,ILP,test_Physics_42,MiC,Pixtral,0.0,0.8333333333333333,Science,InternVL|Llama-3.2|Pixtral,2
mmmu,ILP,test_Physics_6,CC,InternVL,0.0,1.0,Science,InternVL|Llama-3.2|Pixtral,1
mmmu,ILP,test_Psychology_112,CC,Pixtral,1.0,0.6666666666666666,Humanities & Social Science,InternVL|Llama-3.2|Pixtral,2
mmmu,ILP,test_Psychology_172,MiC,InternVL,0.0,1.0,Humanities & Social Science,InternVL|Llama-3.2|Pixtral,1
mmmu,ILP,test_Psychology_266,CC,InternVL,0.0,1.0,Humanities & Social Science,InternVL|Llama-3.2|Pixtral,1
mmmu,ILP,test_Psychology_288,MiC,Pixtral,1.0,0.5833333333333334,Humanities & Social Science,InternVL|Llama-3.2|Pixtral,2
mmmu,ILP,test_Psychology_298,MiC,Pixtral,0.0,0.5,Humanities & Social Science,InternVL|Llama-3.2|Pixtral,2
mmmu,ILP,test_Psychology_5,CC,Pixtral,1.0,1.0,Humanities & Social Science,InternVL|Llama-3.2|Pixtral,2
mmmu,ILP,test_Psychology_83,CC,InternVL,0.0,1.0,Humanities & Social Science,InternVL|Llama-3.2|Pixtral,1
mmmu,ILP,test_Public_Health_112,CC,Pixtral,0.0,0.08333333333333333,Health & Medicine,InternVL|Llama-3.2|Pixtral,2
mmmu,ILP,test_Public_Health_149,CC,InternVL,0.0,1.0,Health & Medicine,InternVL|Llama-3.2|Pixtral,1
mmmu,ILP,test_Public_Health_161,MiC,Pixtral,1.0,1.0,Health & Medicine,InternVL|Llama-3.2|Pixtral,2
mmmu,ILP,test_Public_Health_171,CC,InternVL,1.0,1.0,Health & Medicine,InternVL|Llama-3.2|Pixtral,1
mmmu,ILP,test_Public_Health_190,MiC,InternVL,0.0,0.75,Health & Medicine,InternVL|Llama-3.2|Pixtral,1
mmmu,ILP,test_Public_Health_22,MiC,Pixtral,1.0,0.8333333333333333,Health & Medicine,InternVL|Llama-3.2|Pixtral,2
mmmu,ILP,test_Public_Health_278,MiC,InternVL,0.0,0.08333333333333333,Health & Medicine,InternVL|Llama-3.2|Pixtral,1
mmmu,ILP,test_Public_Health_324,CC,InternVL,1.0,1.0,Health & Medicine,InternVL|Llama-3.2|Pixtral,1
mmmu,ILP,test_Public_Health_72,CC,InternVL,1.0,0.8333333333333333,Health & Medicine,InternVL|Llama-3.2|Pixtral,1
mmmu,ILP,test_Sociology_109,CC,InternVL,0.0,0.0,Humanities & Social Science,InternVL|Llama-3.2|Pixtral,1
mmmu,ILP,test_Sociology_162,MiC,InternVL,0.0,0.0,Humanities & Social Science,InternVL|Llama-3.2|Pixtral,1
mmmu,ILP,test_Sociology_187,CC,InternVL,0.0,0.3333333333333333,Humanities & Social Science,InternVL|Llama-3.2|Pixtral,1
mmmu,ILP,test_Sociology_58,MiC,Llama-3.2,0.0,0.0,Humanities & Social Science,InternVL|Llama-3.2|Pixtral,3
mmmu,ILP,test_Sociology_75,CC,InternVL,0.0,0.8333333333333333,Humanities & Social Science,InternVL|Llama-3.2|Pixtral,1
mmmu,ILP,validation_Architecture_and_Engineering_6,CC,InternVL,1.0,0.9166666666666667,Tech & Engineering,InternVL|Llama-3.2|Pixtral,1
mmmu,ILP,validation_Architecture_and_Engineering_7,MiC,Pixtral,0.0,0.75,Tech & Engineering,InternVL|Llama-3.2|Pixtral,2
mmmu,ILP,validation_Art_12,MiC,Llama-3.2,0.0,0.0,Art & Design,InternVL|Llama-3.2|Pixtral,3
mmmu,ILP,validation_Basic_Medical_Science_23,CC,InternVL,0.0,0.0,Health & Medicine,InternVL|Llama-3.2|Pixtral,1
mmmu,ILP,validation_Biology_14,CC,Pixtral,0.0,0.5833333333333334,Science,InternVL|Llama-3.2|Pixtral,2
mmmu,ILP,validation_Chemistry_28,CC,Pixtral,0.0,0.4166666666666667,Science,InternVL|Llama-3.2|Pixtral,2
mmmu,ILP,validation_Clinical_Medicine_5,CC,Pixtral,0.0,0.5,Health & Medicine,InternVL|Llama-3.2|Pixtral,2
mmmu,ILP,validation_Computer_Science_24,MiC,InternVL,0.0,0.5,Tech & Engineering,InternVL|Llama-3.2|Pixtral,1
mmmu,ILP,validation_Design_12,MiC,InternVL,0.0,0.3333333333333333,Art & Design,InternVL|Llama-3.2|Pixtral,1
mmmu,ILP,validation_Design_14,MiC,Llama-3.2,0.0,0.3333333333333333,Art & Design,InternVL|Llama-3.2|Pixtral,3
mmmu,ILP,validation_Diagnostics_and_Laboratory_Medicine_15,MiC,InternVL,0.0,0.4166666666666667,Health & Medicine,InternVL|Llama-3.2|Pixtral,1
mmmu,ILP,validation_Diagnostics_and_Laboratory_Medicine_21,MiC,Llama-3.2,0.0,0.16666666666666666,Health & Medicine,InternVL|Llama-3.2|Pixtral,3
mmmu,ILP,validation_Diagnostics_and_Laboratory_Medicine_28,MiC,InternVL,0.0,0.9166666666666667,Health & Medicine,InternVL|Llama-3.2|Pixtral,1
mmmu,ILP,validation_Economics_29,MiC,InternVL,0.0,1.0,Business,InternVL|Llama-3.2|Pixtral,1
mmmu,ILP,validation_Electronics_23,MiC,InternVL,0.0,1.0,Tech & Engineering,InternVL|Llama-3.2|Pixtral,1
mmmu,ILP,validation_Electronics_7,CC,Pixtral,0.0,0.75,Tech & Engineering,InternVL|Llama-3.2|Pixtral,2
mmmu,ILP,validation_Energy_and_Power_5,CC,InternVL,1.0,1.0,Tech & Engineering,InternVL|Llama-3.2|Pixtral,1
mmmu,ILP,validation_Finance_28,MiC,Pixtral,0.0,0.5833333333333334,Business,InternVL|Llama-3.2|Pixtral,2
mmmu,ILP,validation_Literature_26,CC,InternVL,0.0,0.5,Humanities & Social Science,InternVL|Llama-3.2|Pixtral,1
mmmu,ILP,validation_Manage_18,CC,Pixtral,1.0,0.4166666666666667,Business,InternVL|Llama-3.2|Pixtral,2
mmmu,ILP,validation_Marketing_15,CC,Pixtral,1.0,1.0,Business,InternVL|Llama-3.2|Pixtral,2
mmmu,ILP,validation_Marketing_5,MiC,InternVL,0.0,1.0,Business,InternVL|Llama-3.2|Pixtral,1
mmmu,ILP,validation_Materials_29,MiC,InternVL,0.0,0.8333333333333333,Tech & Engineering,InternVL|Llama-3.2|Pixtral,1
mmmu,ILP,validation_Materials_5,CC,Llama-3.2,0.0,1.0,Tech & Engineering,InternVL|Llama-3.2|Pixtral,3
mmmu,ILP,validation_Math_17,MiC,Pixtral,1.0,0.0,Science,InternVL|Llama-3.2|Pixtral,2
mmmu,ILP,validation_Math_7,MiC,Pixtral,0.0,0.0,Science,InternVL|Llama-3.2|Pixtral,2
mmmu,ILP,validation_Mechanical_Engineering_5,CC,InternVL,0.3333333333333333,0.9166666666666667,Tech & Engineering,InternVL|Llama-3.2|Pixtral,1
mmmu,ILP,validation_Music_25,MiC,Pixtral,1.0,0.0,Art & Design,InternVL|Llama-3.2|Pixtral,2
mmmu,ILP,validation_Pharmacy_28,CC,InternVL,0.0,0.5,Health & Medicine,InternVL|Llama-3.2|Pixtral,1
mmmu,ILP,validation_Physics_27,CC,InternVL,0.0,0.9166666666666667,Science,InternVL|Llama-3.2|Pixtral,1
mmmu,ILP,validation_Physics_30,MiC,InternVL,0.0,1.0,Science,InternVL|Llama-3.2|Pixtral,1
mmmu,ILP,validation_Psychology_6,MiC,InternVL,0.0,0.0,Humanities & Social Science,InternVL|Llama-3.2|Pixtral,1
mmmu,ILP,validation_Public_Health_7,MiC,InternVL,1.0,1.0,Health & Medicine,InternVL|Llama-3.2|Pixtral,1
mmmu,ILQ,dev_Architecture_and_Engineering_3,MiC,Qwen3.5,0.0,0.0,Tech & Engineering,InternVL|Llama-3.2|Qwen3.5,1
mmmu,ILQ,dev_Chemistry_1,MiC,Qwen3.5,1.0,0.5,Science,InternVL|Llama-3.2|Qwen3.5,1
mmmu,ILQ,dev_Public_Health_3,MiC,Qwen3.5,1.0,0.4166666666666667,Health & Medicine,InternVL|Llama-3.2|Qwen3.5,1
mmmu,ILQ,test_Accounting_100,CC,InternVL,1.0,0.5,Business,InternVL|Llama-3.2|Qwen3.5,2
mmmu,ILQ,test_Accounting_237,CC,Qwen3.5,1.0,0.8333333333333333,Business,InternVL|Llama-3.2|Qwen3.5,1
mmmu,ILQ,test_Accounting_238,CC,Llama-3.2,1.0,0.6666666666666666,Business,InternVL|Llama-3.2|Qwen3.5,3
mmmu,ILQ,test_Accounting_285,CC,Llama-3.2,1.0,0.6666666666666666,Business,InternVL|Llama-3.2|Qwen3.5,3
mmmu,ILQ,test_Accounting_360,CC,Qwen3.5,1.0,0.5,Business,InternVL|Llama-3.2|Qwen3.5,1
mmmu,ILQ,test_Accounting_39,CC,Qwen3.5,1.0,0.5,Business,InternVL|Llama-3.2|Qwen3.5,1
mmmu,ILQ,test_Accounting_84,CC,Qwen3.5,1.0,0.08333333333333333,Business,InternVL|Llama-3.2|Qwen3.5,1
mmmu,ILQ,test_Agriculture_111,CC,Qwen3.5,1.0,0.9166666666666667,Tech & Engineering,InternVL|Llama-3.2|Qwen3.5,1
mmmu,ILQ,test_Agriculture_13,CC,Qwen3.5,1.0,0.9166666666666667,Tech & Engineering,InternVL|Llama-3.2|Qwen3.5,1
mmmu,ILQ,test_Agriculture_145,MiC,InternVL,1.0,0.3333333333333333,Tech & Engineering,InternVL|Llama-3.2|Qwen3.5,2
mmmu,ILQ,test_Agriculture_181,MiC,Qwen3.5,1.0,0.08333333333333333,Tech & Engineering,InternVL|Llama-3.2|Qwen3.5,1
mmmu,ILQ,test_Agriculture_194,MiC,Llama-3.2,0.0,0.0,Tech & Engineering,InternVL|Llama-3.2|Qwen3.5,3
mmmu,ILQ,test_Agriculture_198,MiC,Qwen3.5,1.0,0.0,Tech & Engineering,InternVL|Llama-3.2|Qwen3.5,1
mmmu,ILQ,test_Agriculture_212,MiC,Llama-3.2,0.0,0.25,Tech & Engineering,InternVL|Llama-3.2|Qwen3.5,3
mmmu,ILQ,test_Agriculture_228,CC,Qwen3.5,1.0,0.5833333333333333,Tech & Engineering,InternVL|Llama-3.2|Qwen3.5,1
mmmu,ILQ,test_Agriculture_252,MiC,InternVL,0.0,1.0,Tech & Engineering,InternVL|Llama-3.2|Qwen3.5,2
mmmu,ILQ,test_Agriculture_30,CC,Qwen3.5,1.0,0.0,Tech & Engineering,InternVL|Llama-3.2|Qwen3.5,1
mmmu,ILQ,test_Agriculture_45,MiC,Qwen3.5,0.0,0.8333333333333333,Tech & Engineering,InternVL|Llama-3.2|Qwen3.5,1
mmmu,ILQ,test_Agriculture_50,CC,Qwen3.5,1.0,0.0,Tech & Engineering,InternVL|Llama-3.2|Qwen3.5,1
mmmu,ILQ,test_Agriculture_87,CC,Llama-3.2,0.0,0.5,Tech & Engineering,InternVL|Llama-3.2|Qwen3.5,3
mmmu,ILQ,test_Architecture_and_Engineering_115,MiC,Qwen3.5,0.0,0.4166666666666667,Tech & Engineering,InternVL|Llama-3.2|Qwen3.5,1
mmmu,ILQ,test_Architecture_and_Engineering_125,CC,Qwen3.5,1.0,0.41666666666666663,Tech & Engineering,InternVL|Llama-3.2|Qwen3.5,1
mmmu,ILQ,test_Architecture_and_Engineering_145,CC,Qwen3.5,0.0,0.75,Tech & Engineering,InternVL|Llama-3.2|Qwen3.5,1
mmmu,ILQ,test_Architecture_and_Engineering_283,MiC,Qwen3.5,1.0,0.16666666666666666,Tech & Engineering,InternVL|Llama-3.2|Qwen3.5,1
mmmu,ILQ,test_Architecture_and_Engineering_294,CC,InternVL,1.0,0.0,Tech & Engineering,InternVL|Llama-3.2|Qwen3.5,2
mmmu,ILQ,test_Architecture_and_Engineering_387,CC,Qwen3.5,1.0,0.4166666666666667,Tech & Engineering,InternVL|Llama-3.2|Qwen3.5,1
mmmu,ILQ,test_Architecture_and_Engineering_460,CC,Llama-3.2,0.0,0.08333333333333333,Tech & Engineering,InternVL|Llama-3.2|Qwen3.5,3
mmmu,ILQ,test_Architecture_and_Engineering_510,CC,InternVL,1.0,0.5,Tech & Engineering,InternVL|Llama-3.2|Qwen3.5,2
mmmu,ILQ,test_Architecture_and_Engineering_532,CC,Llama-3.2,1.0,0.5833333333333333,Tech & Engineering,InternVL|Llama-3.2|Qwen3.5,3
mmmu,ILQ,test_Architecture_and_Engineering_533,CC,Llama-3.2,0.0,0.0,Tech & Engineering,InternVL|Llama-3.2|Qwen3.5,3
mmmu,ILQ,test_Architecture_and_Engineering_549,CC,InternVL,0.0,0.16666666666666666,Tech & Engineering,InternVL|Llama-3.2|Qwen3.5,2
mmmu,ILQ,test_Architecture_and_Engineering_99,CC,Qwen3.5,0.0,0.16666666666666666,Tech & Engineering,InternVL|Llama-3.2|Qwen3.5,1
mmmu,ILQ,test_Art_118,MiC,Llama-3.2,0.0,0.8333333333333333,Art & Design,InternVL|Llama-3.2|Qwen3.5,3
mmmu,ILQ,test_Art_12,CC,InternVL,0.3333333333333333,0.0,Art & Design,InternVL|Llama-3.2|Qwen3.5,2
mmmu,ILQ,test_Art_166,CC,Qwen3.5,0.3333333333333333,0.16666666666666666,Art & Design,InternVL|Llama-3.2|Qwen3.5,1
mmmu,ILQ,test_Art_176,MiC,Llama-3.2,0.0,0.3333333333333333,Art & Design,InternVL|Llama-3.2|Qwen3.5,3
mmmu,ILQ,test_Art_182,MiC,InternVL,0.0,0.5833333333333334,Art & Design,InternVL|Llama-3.2|Qwen3.5,2
mmmu,ILQ,test_Art_26,CC,InternVL,0.0,0.5,Art & Design,InternVL|Llama-3.2|Qwen3.5,2
mmmu,ILQ,test_Art_Theory_170,CC,Qwen3.5,1.0,0.75,Art & Design,InternVL|Llama-3.2|Qwen3.5,1
mmmu,ILQ,test_Art_Theory_229,CC,InternVL,0.0,0.0,Art & Design,InternVL|Llama-3.2|Qwen3.5,2
mmmu,ILQ,test_Art_Theory_263,MiC,Llama-3.2,0.0,0.75,Art & Design,InternVL|Llama-3.2|Qwen3.5,3
mmmu,ILQ,test_Art_Theory_275,MiC,Qwen3.5,1.0,0.5,Art & Design,InternVL|Llama-3.2|Qwen3.5,1
mmmu,ILQ,test_Art_Theory_346,CC,InternVL,0.0,0.8333333333333333,Art & Design,InternVL|Llama-3.2|Qwen3.5,2
mmmu,ILQ,test_Art_Theory_427,MiC,Llama-3.2,0.0,0.5833333333333334,Art & Design,InternVL|Llama-3.2|Qwen3.5,3
mmmu,ILQ,test_Basic_Medical_Science_177,MiC,InternVL,0.0,0.4166666666666667,Health & Medicine,InternVL|Llama-3.2|Qwen3.5,2
mmmu,ILQ,test_Basic_Medical_Science_216,MiC,Qwen3.5,0.0,0.8333333333333333,Health & Medicine,InternVL|Llama-3.2|Qwen3.5,1
mmmu,ILQ,test_Basic_Medical_Science_23,MiC,Llama-3.2,1.0,0.0,Health & Medicine,InternVL|Llama-3.2|Qwen3.5,3
mmmu,ILQ,test_Basic_Medical_Science_24,MiC,Llama-3.2,0.0,0.0,Health & Medicine,InternVL|Llama-3.2|Qwen3.5,3
mmmu,ILQ,test_Basic_Medical_Science_25,CC,InternVL,0.0,0.5,Health & Medicine,InternVL|Llama-3.2|Qwen3.5,2
mmmu,ILQ,test_Basic_Medical_Science_263,MiC,Qwen3.5,1.0,1.0,Health & Medicine,InternVL|Llama-3.2|Qwen3.5,1
mmmu,ILQ,test_Basic_Medical_Science_274,MiC,InternVL,0.0,0.75,Health & Medicine,InternVL|Llama-3.2|Qwen3.5,2
mmmu,ILQ,test_Basic_Medical_Science_286,CC,Qwen3.5,1.0,1.0,Health & Medicine,InternVL|Llama-3.2|Qwen3.5,1
mmmu,ILQ,test_Basic_Medical_Science_80,MiC,Llama-3.2,0.0,0.6666666666666666,Health & Medicine,InternVL|Llama-3.2|Qwen3.5,3
mmmu,ILQ,test_Biology_103,CC,InternVL,0.0,0.3333333333333333,Science,InternVL|Llama-3.2|Qwen3.5,2
mmmu,ILQ,test_Biology_110,MiC,Qwen3.5,1.0,0.4166666666666667,Science,InternVL|Llama-3.2|Qwen3.5,1
mmmu,ILQ,test_Biology_113,CC,Llama-3.2,0.0,0.5833333333333334,Science,InternVL|Llama-3.2|Qwen3.5,3
mmmu,ILQ,test_Biology_2,CC,Llama-3.2,0.0,0.5,Science,InternVL|Llama-3.2|Qwen3.5,3
mmmu,ILQ,test_Biology_220,MiC,Qwen3.5,1.0,0.6666666666666666,Science,InternVL|Llama-3.2|Qwen3.5,1
mmmu,ILQ,test_Biology_256,MiC,Qwen3.5,1.0,0.16666666666666666,Science,InternVL|Llama-3.2|Qwen3.5,1
mmmu,ILQ,test_Biology_301,CC,Qwen3.5,0.0,0.5,Science,InternVL|Llama-3.2|Qwen3.5,1
mmmu,ILQ,test_Biology_305,MiC,Qwen3.5,1.0,0.25,Science,InternVL|Llama-3.2|Qwen3.5,1
mmmu,ILQ,test_Biology_330,CC,Llama-3.2,0.0,0.3333333333333333,Science,InternVL|Llama-3.2|Qwen3.5,3
mmmu,ILQ,test_Biology_337,CC,Llama-3.2,0.0,0.0,Science,InternVL|Llama-3.2|Qwen3.5,3
mmmu,ILQ,test_Biology_73,MiC,Qwen3.5,1.0,0.0,Science,InternVL|Llama-3.2|Qwen3.5,1
mmmu,ILQ,test_Chemistry_100,CC,Qwen3.5,1.0,0.16666666666666666,Science,InternVL|Llama-3.2|Qwen3.5,1
mmmu,ILQ,test_Chemistry_114,MiC,Qwen3.5,1.0,0.5,Science,InternVL|Llama-3.2|Qwen3.5,1
mmmu,ILQ,test_Chemistry_163,MiC,Qwen3.5,1.0,0.5,Science,InternVL|Llama-3.2|Qwen3.5,1
mmmu,ILQ,test_Chemistry_21,CC,Qwen3.5,1.0,0.08333333333333333,Science,InternVL|Llama-3.2|Qwen3.5,1
mmmu,ILQ,test_Chemistry_22,MiC,Qwen3.5,1.0,0.5,Science,InternVL|Llama-3.2|Qwen3.5,1
mmmu,ILQ,test_Chemistry_245,CC,Qwen3.5,0.0,0.6666666666666667,Science,InternVL|Llama-3.2|Qwen3.5,1
mmmu,ILQ,test_Chemistry_309,MiC,Qwen3.5,1.0,0.5833333333333334,Science,InternVL|Llama-3.2|Qwen3.5,1
mmmu,ILQ,test_Chemistry_326,MiC,Qwen3.5,1.0,0.75,Science,InternVL|Llama-3.2|Qwen3.5,1
mmmu,ILQ,test_Chemistry_34,CC,Qwen3.5,1.0,0.9166666666666667,Science,InternVL|Llama-3.2|Qwen3.5,1
mmmu,ILQ,test_Chemistry_445,CC,Qwen3.5,1.0,0.5,Science,InternVL|Llama-3.2|Qwen3.5,1
mmmu,ILQ,test_Chemistry_502,CC,Qwen3.5,0.3333333333333333,0.41666666666666663,Science,InternVL|Llama-3.2|Qwen3.5,1
mmmu,ILQ,test_Chemistry_540,CC,Qwen3.5,1.0,0.5,Science,InternVL|Llama-3.2|Qwen3.5,1
mmmu,ILQ,test_Chemistry_563,CC,Qwen3.5,0.3333333333333333,0.75,Science,InternVL|Llama-3.2|Qwen3.5,1
mmmu,ILQ,test_Chemistry_63,CC,Qwen3.5,1.0,0.0,Science,InternVL|Llama-3.2|Qwen3.5,1
mmmu,ILQ,test_Chemistry_68,CC,InternVL,0.0,0.5833333333333333,Science,InternVL|Llama-3.2|Qwen3.5,2
mmmu,ILQ,test_Chemistry_9,CC,Qwen3.5,0.0,0.5,Science,InternVL|Llama-3.2|Qwen3.5,1
mmmu,ILQ,test_Clinical_Medicine_122,MiC,InternVL,0.0,0.25,Health & Medicine,InternVL|Llama-3.2|Qwen3.5,2
mmmu,ILQ,test_Clinical_Medicine_169,MiC,InternVL,0.0,0.41666666666666663,Health & Medicine,InternVL|Llama-3.2|Qwen3.5,2
mmmu,ILQ,test_Clinical_Medicine_173,MiC,Qwen3.5,0.0,0.4166666666666667,Health & Medicine,InternVL|Llama-3.2|Qwen3.5,1
mmmu,ILQ,test_Clinical_Medicine_22,CC,Llama-3.2,0.0,0.9166666666666667,Health & Medicine,InternVL|Llama-3.2|Qwen3.5,3
mmmu,ILQ,test_Clinical_Medicine_229,MiC,Llama-3.2,0.0,0.5,Health & Medicine,InternVL|Llama-3.2|Qwen3.5,3
mmmu,ILQ,test_Clinical_Medicine_242,CC,Qwen3.5,1.0,1.0,Health & Medicine,InternVL|Llama-3.2|Qwen3.5,1
mmmu,ILQ,test_Clinical_Medicine_259,MiC,InternVL,0.0,0.5,Health & Medicine,InternVL|Llama-3.2|Qwen3.5,2
mmmu,ILQ,test_Clinical_Medicine_271,CC,Llama-3.2,0.0,0.0,Health & Medicine,InternVL|Llama-3.2|Qwen3.5,3
mmmu,ILQ,test_Clinical_Medicine_42,MiC,InternVL,0.0,0.9166666666666667,Health & Medicine,InternVL|Llama-3.2|Qwen3.5,2
mmmu,ILQ,test_Clinical_Medicine_75,MiC,InternVL,0.0,0.5,Health & Medicine,InternVL|Llama-3.2|Qwen3.5,2
mmmu,ILQ,test_Clinical_Medicine_85,MiC,Qwen3.5,1.0,0.5833333333333334,Health & Medicine,InternVL|Llama-3.2|Qwen3.5,1
mmmu,ILQ,test_Computer_Science_103,CC,Qwen3.5,1.0,0.5833333333333334,Tech & Engineering,InternVL|Llama-3.2|Qwen3.5,1
mmmu,ILQ,test_Computer_Science_110,CC,Qwen3.5,1.0,0.8333333333333333,Tech & Engineering,InternVL|Llama-3.2|Qwen3.5,1
mmmu,ILQ,test_Computer_Science_152,MiC,Llama-3.2,0.0,0.5,Tech & Engineering,InternVL|Llama-3.2|Qwen3.5,3
mmmu,ILQ,test_Computer_Science_195,CC,InternVL,0.0,0.25,Tech & Engineering,InternVL|Llama-3.2|Qwen3.5,2
mmmu,ILQ,test_Computer_Science_23,CC,Llama-3.2,1.0,0.3333333333333333,Tech & Engineering,InternVL|Llama-3.2|Qwen3.5,3
mmmu,ILQ,test_Computer_Science_271,MiC,Qwen3.5,0.0,0.5,Tech & Engineering,InternVL|Llama-3.2|Qwen3.5,1
mmmu,ILQ,test_Computer_Science_294,MiC,Qwen3.5,1.0,0.25,Tech & Engineering,InternVL|Llama-3.2|Qwen3.5,1
mmmu,ILQ,test_Computer_Science_321,CC,InternVL,0.0,0.08333333333333333,Tech & Engineering,InternVL|Llama-3.2|Qwen3.5,2
mmmu,ILQ,test_Computer_Science_327,MiC,Qwen3.5,1.0,0.5,Tech & Engineering,InternVL|Llama-3.2|Qwen3.5,1
mmmu,ILQ,test_Computer_Science_341,MiC,Llama-3.2,0.0,1.0,Tech & Engineering,InternVL|Llama-3.2|Qwen3.5,3
mmmu,ILQ,test_Computer_Science_344,MiC,Qwen3.5,1.0,0.5833333333333334,Tech & Engineering,InternVL|Llama-3.2|Qwen3.5,1
mmmu,ILQ,test_Computer_Science_62,MiC,Llama-3.2,0.0,0.0,Tech & Engineering,InternVL|Llama-3.2|Qwen3.5,3
mmmu,ILQ,test_Design_104,MiC,Llama-3.2,1.0,1.0,Art & Design,InternVL|Llama-3.2|Qwen3.5,3
mmmu,ILQ,test_Design_117,CC,Qwen3.5,1.0,0.5,Art & Design,InternVL|Llama-3.2|Qwen3.5,1
mmmu,ILQ,test_Design_52,CC,Qwen3.5,0.0,0.5,Art & Design,InternVL|Llama-3.2|Qwen3.5,1
mmmu,ILQ,test_Design_59,MiC,InternVL,0.0,0.08333333333333333,Art & Design,InternVL|Llama-3.2|Qwen3.5,2
mmmu,ILQ,test_Diagnostics_and_Laboratory_Medicine_101,CC,Qwen3.5,1.0,0.5,Health & Medicine,InternVL|Llama-3.2|Qwen3.5,1
mmmu,ILQ,test_Diagnostics_and_Laboratory_Medicine_106,MiC,Llama-3.2,0.0,0.8333333333333333,Health & Medicine,InternVL|Llama-3.2|Qwen3.5,3
mmmu,ILQ,test_Diagnostics_and_Laboratory_Medicine_11,CC,Llama-3.2,0.0,0.08333333333333333,Health & Medicine,InternVL|Llama-3.2|Qwen3.5,3
mmmu,ILQ,test_Diagnostics_and_Laboratory_Medicine_140,MiC,Qwen3.5,1.0,0.3333333333333333,Health & Medicine,InternVL|Llama-3.2|Qwen3.5,1
mmmu,ILQ,test_Diagnostics_and_Laboratory_Medicine_143,MiC,InternVL,0.0,0.0,Health & Medicine,InternVL|Llama-3.2|Qwen3.5,2
mmmu,ILQ,test_Diagnostics_and_Laboratory_Medicine_154,MiC,Llama-3.2,0.0,0.0,Health & Medicine,InternVL|Llama-3.2|Qwen3.5,3
mmmu,ILQ,test_Diagnostics_and_Laboratory_Medicine_159,CC,Qwen3.5,1.0,0.4166666666666667,Health & Medicine,InternVL|Llama-3.2|Qwen3.5,1
mmmu,ILQ,test_Diagnostics_and_Laboratory_Medicine_23,MiC,Qwen3.5,0.0,0.5,Health & Medicine,InternVL|Llama-3.2|Qwen3.5,1
mmmu,ILQ,test_Diagnostics_and_Laboratory_Medicine_81,MiC,InternVL,0.0,0.0,Health & Medicine,InternVL|Llama-3.2|Qwen3.5,2
mmmu,ILQ,test_Diagnostics_and_Laboratory_Medicine_97,MiC,Llama-3.2,0.0,0.0,Health & Medicine,InternVL|Llama-3.2|Qwen3.5,3
mmmu,ILQ,test_Diagnostics_and_Laboratory_Medicine_98,CC,Llama-3.2,1.0,0.9166666666666667,Health & Medicine,InternVL|Llama-3.2|Qwen3.5,3
mmmu,ILQ,test_Economics_114,MiC,Qwen3.5,1.0,1.0,Business,InternVL|Llama-3.2|Qwen3.5,1
mmmu,ILQ,test_Economics_195,MiC,Qwen3.5,1.0,0.08333333333333333,Business,InternVL|Llama-3.2|Qwen3.5,1
mmmu,ILQ,test_Economics_249,MiC,Qwen3.5,1.0,0.6666666666666666,Business,InternVL|Llama-3.2|Qwen3.5,1
mmmu,ILQ,test_Electronics_123,CC,Qwen3.5,1.0,0.5,Tech & Engineering,InternVL|Llama-3.2|Qwen3.5,1
mmmu,ILQ,test_Electronics_169,MiC,Qwen3.5,1.0,0.08333333333333333,Tech & Engineering,InternVL|Llama-3.2|Qwen3.5,1
mmmu,ILQ,test_Electronics_184,MiC,InternVL,1.0,0.8333333333333333,Tech & Engineering,InternVL|Llama-3.2|Qwen3.5,2
mmmu,ILQ,test_Electronics_210,MiC,InternVL,1.0,0.5,Tech & Engineering,InternVL|Llama-3.2|Qwen3.5,2
mmmu,ILQ,test_Electronics_213,CC,Qwen3.5,0.3333333333333333,0.5833333333333334,Tech & Engineering,InternVL|Llama-3.2|Qwen3.5,1
mmmu,ILQ,test_Electronics_248,CC,Qwen3.5,1.0,0.41666666666666663,Tech & Engineering,InternVL|Llama-3.2|Qwen3.5,1
mmmu,ILQ,test_Electronics_30,CC,Qwen3.5,1.0,0.16666666666666666,Tech & Engineering,InternVL|Llama-3.2|Qwen3.5,1
mmmu,ILQ,test_Electronics_35,MiC,Qwen3.5,1.0,0.9166666666666667,Tech & Engineering,InternVL|Llama-3.2|Qwen3.5,1
mmmu,ILQ,test_Electronics_6,CC,InternVL,1.0,0.08333333333333333,Tech & Engineering,InternVL|Llama-3.2|Qwen3.5,2
mmmu,ILQ,test_Electronics_67,CC,Qwen3.5,0.3333333333333333,0.5,Tech & Engineering,InternVL|Llama-3.2|Qwen3.5,1
mmmu,ILQ,test_Electronics_71,CC,Llama-3.2,1.0,0.25,Tech & Engineering,InternVL|Llama-3.2|Qwen3.5,3
mmmu,ILQ,test_Electronics_72,CC,Llama-3.2,1.0,0.5833333333333334,Tech & Engineering,InternVL|Llama-3.2|Qwen3.5,3
mmmu,ILQ,test_Energy_and_Power_209,CC,InternVL,1.0,0.8333333333333333,Tech & Engineering,InternVL|Llama-3.2|Qwen3.5,2
mmmu,ILQ,test_Energy_and_Power_220,MiC,InternVL,1.0,0.75,Tech & Engineering,InternVL|Llama-3.2|Qwen3.5,2
mmmu,ILQ,test_Energy_and_Power_24,CC,Llama-3.2,1.0,0.16666666666666666,Tech & Engineering,InternVL|Llama-3.2|Qwen3.5,3
mmmu,ILQ,test_Energy_and_Power_266,MiC,InternVL,1.0,0.41666666666666663,Tech & Engineering,InternVL|Llama-3.2|Qwen3.5,2
mmmu,ILQ,test_Energy_and_Power_293,MiC,Qwen3.5,0.0,0.5833333333333334,Tech & Engineering,InternVL|Llama-3.2|Qwen3.5,1
mmmu,ILQ,test_Energy_and_Power_295,CC,InternVL,1.0,0.5833333333333334,Tech & Engineering,InternVL|Llama-3.2|Qwen3.5,2
mmmu,ILQ,test_Energy_and_Power_362,MiC,InternVL,0.0,0.08333333333333333,Tech & Engineering,InternVL|Llama-3.2|Qwen3.5,2
mmmu,ILQ,test_Energy_and_Power_378,MiC,Llama-3.2,0.0,0.8333333333333333,Tech & Engineering,InternVL|Llama-3.2|Qwen3.5,3
mmmu,ILQ,test_Energy_and_Power_389,MiC,Qwen3.5,1.0,0.25,Tech & Engineering,InternVL|Llama-3.2|Qwen3.5,1
mmmu,ILQ,test_Energy_and_Power_39,CC,InternVL,1.0,0.75,Tech & Engineering,InternVL|Llama-3.2|Qwen3.5,2
mmmu,ILQ,test_Energy_and_Power_397,MiC,Qwen3.5,1.0,0.16666666666666666,Tech & Engineering,InternVL|Llama-3.2|Qwen3.5,1
mmmu,ILQ,test_Energy_and_Power_45,CC,Qwen3.5,0.0,0.25,Tech & Engineering,InternVL|Llama-3.2|Qwen3.5,1
mmmu,ILQ,test_Energy_and_Power_97,MiC,Llama-3.2,0.0,0.16666666666666666,Tech & Engineering,InternVL|Llama-3.2|Qwen3.5,3
mmmu,ILQ,test_Finance_1,MiC,Qwen3.5,1.0,0.5,Business,InternVL|Llama-3.2|Qwen3.5,1
mmmu,ILQ,test_Finance_12,MiC,Qwen3.5,0.0,0.75,Business,InternVL|Llama-3.2|Qwen3.5,1
mmmu,ILQ,test_Finance_154,MiC,Llama-3.2,0.0,0.0,Business,InternVL|Llama-3.2|Qwen3.5,3
mmmu,ILQ,test_Finance_177,MiC,Qwen3.5,1.0,0.4166666666666667,Business,InternVL|Llama-3.2|Qwen3.5,1
mmmu,ILQ,test_Finance_193,MiC,Qwen3.5,1.0,0.5,Business,InternVL|Llama-3.2|Qwen3.5,1
mmmu,ILQ,test_Finance_245,CC,Qwen3.5,1.0,0.5,Business,InternVL|Llama-3.2|Qwen3.5,1
mmmu,ILQ,test_Finance_30,CC,Qwen3.5,1.0,0.6666666666666666,Business,InternVL|Llama-3.2|Qwen3.5,1
mmmu,ILQ,test_Finance_304,MiC,Qwen3.5,1.0,0.8333333333333333,Business,InternVL|Llama-3.2|Qwen3.5,1
mmmu,ILQ,test_Finance_60,CC,InternVL,1.0,0.3333333333333333,Business,InternVL|Llama-3.2|Qwen3.5,2
mmmu,ILQ,test_Finance_72,CC,Qwen3.5,1.0,0.8333333333333334,Business,InternVL|Llama-3.2|Qwen3.5,1
mmmu,ILQ,test_Geography_150,MiC,InternVL,0.0,0.4166666666666667,Science,InternVL|Llama-3.2|Qwen3.5,2
mmmu,ILQ,test_Geography_200,CC,Qwen3.5,1.0,0.8333333333333333,Science,InternVL|Llama-3.2|Qwen3.5,1
mmmu,ILQ,test_Geography_30,CC,InternVL,1.0,0.5833333333333334,Science,InternVL|Llama-3.2|Qwen3.5,2
mmmu,ILQ,test_Geography_319,MiC,Qwen3.5,0.0,0.5,Science,InternVL|Llama-3.2|Qwen3.5,1
mmmu,ILQ,test_Geography_376,CC,Qwen3.5,1.0,0.3333333333333333,Science,InternVL|Llama-3.2|Qwen3.5,1
mmmu,ILQ,test_Geography_396,MiC,Qwen3.5,1.0,0.0,Science,InternVL|Llama-3.2|Qwen3.5,1
mmmu,ILQ,test_Geography_442,MiC,Qwen3.5,1.0,0.5,Science,InternVL|Llama-3.2|Qwen3.5,1
mmmu,ILQ,test_Geography_444,CC,InternVL,0.0,0.5833333333333334,Science,InternVL|Llama-3.2|Qwen3.5,2
mmmu,ILQ,test_Geography_483,MiC,Llama-3.2,0.0,0.0,Science,InternVL|Llama-3.2|Qwen3.5,3
mmmu,ILQ,test_Geography_514,CC,Llama-3.2,0.0,0.0,Science,InternVL|Llama-3.2|Qwen3.5,3
mmmu,ILQ,test_Geography_561,CC,Qwen3.5,1.0,0.25,Science,InternVL|Llama-3.2|Qwen3.5,1
mmmu,ILQ,test_Geography_58,MiC,Qwen3.5,1.0,0.0,Science,InternVL|Llama-3.2|Qwen3.5,1
mmmu,ILQ,test_History_211,MiC,Qwen3.5,1.0,0.8333333333333333,Humanities & Social Science,InternVL|Llama-3.2|Qwen3.5,1
mmmu,ILQ,test_History_261,MiC,Qwen3.5,1.0,1.0,Humanities & Social Science,InternVL|Llama-3.2|Qwen3.5,1
mmmu,ILQ,test_Literature_68,MiC,Llama-3.2,0.0,0.0,Humanities & Social Science,InternVL|Llama-3.2|Qwen3.5,3
mmmu,ILQ,test_Manage_115,CC,Qwen3.5,0.3333333333333333,0.8333333333333333,Business,InternVL|Llama-3.2|Qwen3.5,1
mmmu,ILQ,test_Manage_120,MiC,InternVL,0.0,0.0,Business,InternVL|Llama-3.2|Qwen3.5,2
mmmu,ILQ,test_Manage_126,CC,Llama-3.2,0.0,0.3333333333333333,Business,InternVL|Llama-3.2|Qwen3.5,3
mmmu,ILQ,test_Manage_172,MiC,Llama-3.2,1.0,0.5,Business,InternVL|Llama-3.2|Qwen3.5,3
mmmu,ILQ,test_Manage_207,MiC,Qwen3.5,1.0,1.0,Business,InternVL|Llama-3.2|Qwen3.5,1
mmmu,ILQ,test_Manage_217,MiC,InternVL,0.0,0.75,Business,InternVL|Llama-3.2|Qwen3.5,2
mmmu,ILQ,test_Manage_65,MiC,Llama-3.2,0.0,1.0,Business,InternVL|Llama-3.2|Qwen3.5,3
mmmu,ILQ,test_Manage_72,CC,Qwen3.5,1.0,0.4166666666666667,Business,InternVL|Llama-3.2|Qwen3.5,1
mmmu,ILQ,test_Marketing_104,MiC,Qwen3.5,1.0,0.3333333333333333,Business,InternVL|Llama-3.2|Qwen3.5,1
mmmu,ILQ,test_Marketing_15,MiC,InternVL,0.0,0.3333333333333333,Business,InternVL|Llama-3.2|Qwen3.5,2
mmmu,ILQ,test_Materials_116,MiC,Qwen3.5,0.0,0.16666666666666666,Tech & Engineering,InternVL|Llama-3.2|Qwen3.5,1
mmmu,ILQ,test_Materials_130,CC,Llama-3.2,1.0,0.16666666666666666,Tech & Engineering,InternVL|Llama-3.2|Qwen3.5,3
mmmu,ILQ,test_Materials_147,CC,Qwen3.5,1.0,1.0,Tech & Engineering,InternVL|Llama-3.2|Qwen3.5,1
mmmu,ILQ,test_Materials_151,CC,Qwen3.5,1.0,0.25,Tech & Engineering,InternVL|Llama-3.2|Qwen3.5,1
mmmu,ILQ,test_Materials_235,CC,Llama-3.2,1.0,0.6666666666666666,Tech & Engineering,InternVL|Llama-3.2|Qwen3.5,3
mmmu,ILQ,test_Materials_24,MiC,Qwen3.5,0.0,1.0,Tech & Engineering,InternVL|Llama-3.2|Qwen3.5,1
mmmu,ILQ,test_Materials_269,CC,Qwen3.5,1.0,0.5833333333333334,Tech & Engineering,InternVL|Llama-3.2|Qwen3.5,1
mmmu,ILQ,test_Materials_277,MiC,Qwen3.5,0.0,0.5833333333333334,Tech & Engineering,InternVL|Llama-3.2|Qwen3.5,1
mmmu,ILQ,test_Materials_376,CC,Qwen3.5,1.0,0.5833333333333334,Tech & Engineering,InternVL|Llama-3.2|Qwen3.5,1
mmmu,ILQ,test_Materials_412,CC,Llama-3.2,0.0,0.3333333333333333,Tech & Engineering,InternVL|Llama-3.2|Qwen3.5,3
mmmu,ILQ,test_Materials_420,CC,Qwen3.5,0.0,0.9166666666666667,Tech & Engineering,InternVL|Llama-3.2|Qwen3.5,1
mmmu,ILQ,test_Materials_43,CC,Llama-3.2,0.0,0.4166666666666667,Tech & Engineering,InternVL|Llama-3.2|Qwen3.5,3
mmmu,ILQ,test_Materials_431,CC,Qwen3.5,0.3333333333333333,0.6666666666666667,Tech & Engineering,InternVL|Llama-3.2|Qwen3.5,1
mmmu,ILQ,test_Materials_447,MiC,Qwen3.5,0.0,0.5,Tech & Engineering,InternVL|Llama-3.2|Qwen3.5,1
mmmu,ILQ,test_Materials_453,MiC,Qwen3.5,0.0,0.75,Tech & Engineering,InternVL|Llama-3.2|Qwen3.5,1
mmmu,ILQ,test_Materials_49,MiC,InternVL,1.0,0.5833333333333334,Tech & Engineering,InternVL|Llama-3.2|Qwen3.5,2
mmmu,ILQ,test_Materials_63,MiC,Llama-3.2,0.0,0.0,Tech & Engineering,InternVL|Llama-3.2|Qwen3.5,3
mmmu,ILQ,test_Materials_76,MiC,InternVL,1.0,0.41666666666666663,Tech & Engineering,InternVL|Llama-3.2|Qwen3.5,2
mmmu,ILQ,test_Materials_99,MiC,Qwen3.5,1.0,0.41666666666666663,Tech & Engineering,InternVL|Llama-3.2|Qwen3.5,1
mmmu,ILQ,test_Math_116,CC,InternVL,0.0,0.3333333333333333,Science,InternVL|Llama-3.2|Qwen3.5,2
mmmu,ILQ,test_Math_145,MiC,Qwen3.5,1.0,0.0,Science,InternVL|Llama-3.2|Qwen3.5,1
mmmu,ILQ,test_Math_201,MiC,Qwen3.5,1.0,0.5,Science,InternVL|Llama-3.2|Qwen3.5,1
mmmu,ILQ,test_Math_236,CC,Qwen3.5,1.0,0.9166666666666667,Science,InternVL|Llama-3.2|Qwen3.5,1
mmmu,ILQ,test_Math_286,MiC,Qwen3.5,1.0,0.8333333333333333,Science,InternVL|Llama-3.2|Qwen3.5,1
mmmu,ILQ,test_Math_400,CC,Qwen3.5,0.3333333333333333,0.5,Science,InternVL|Llama-3.2|Qwen3.5,1
mmmu,ILQ,test_Math_47,MiC,InternVL,1.0,0.08333333333333333,Science,InternVL|Llama-3.2|Qwen3.5,2
mmmu,ILQ,test_Math_51,MiC,Qwen3.5,1.0,0.16666666666666666,Science,InternVL|Llama-3.2|Qwen3.5,1
mmmu,ILQ,test_Mechanical_Engineering_133,CC,Qwen3.5,1.0,0.4166666666666667,Tech & Engineering,InternVL|Llama-3.2|Qwen3.5,1
mmmu,ILQ,test_Mechanical_Engineering_199,MiC,InternVL,0.0,0.41666666666666663,Tech & Engineering,InternVL|Llama-3.2|Qwen3.5,2
mmmu,ILQ,test_Mechanical_Engineering_207,CC,InternVL,1.0,0.3333333333333333,Tech & Engineering,InternVL|Llama-3.2|Qwen3.5,2
mmmu,ILQ,test_Mechanical_Engineering_208,MiC,Llama-3.2,0.3333333333333333,0.8333333333333334,Tech & Engineering,InternVL|Llama-3.2|Qwen3.5,3
mmmu,ILQ,test_Mechanical_Engineering_217,CC,Qwen3.5,1.0,0.6666666666666666,Tech & Engineering,InternVL|Llama-3.2|Qwen3.5,1
mmmu,ILQ,test_Mechanical_Engineering_22,MiC,Qwen3.5,1.0,0.5833333333333334,Tech & Engineering,InternVL|Llama-3.2|Qwen3.5,1
mmmu,ILQ,test_Mechanical_Engineering_270,CC,Qwen3.5,1.0,0.5,Tech & Engineering,InternVL|Llama-3.2|Qwen3.5,1
mmmu,ILQ,test_Mechanical_Engineering_272,CC,Llama-3.2,0.0,0.25,Tech & Engineering,InternVL|Llama-3.2|Qwen3.5,3
mmmu,ILQ,test_Mechanical_Engineering_278,MiC,Qwen3.5,1.0,0.5833333333333334,Tech & Engineering,InternVL|Llama-3.2|Qwen3.5,1
mmmu,ILQ,test_Mechanical_Engineering_288,CC,Qwen3.5,1.0,0.8333333333333333,Tech & Engineering,InternVL|Llama-3.2|Qwen3.5,1
mmmu,ILQ,test_Mechanical_Engineering_335,CC,InternVL,1.0,0.9166666666666667,Tech & Engineering,InternVL|Llama-3.2|Qwen3.5,2
mmmu,ILQ,test_Mechanical_Engineering_343,CC,Llama-3.2,0.3333333333333333,0.0,Tech & Engineering,InternVL|Llama-3.2|Qwen3.5,3
mmmu,ILQ,test_Mechanical_Engineering_375,CC,Qwen3.5,1.0,0.9166666666666667,Tech & Engineering,InternVL|Llama-3.2|Qwen3.5,1
mmmu,ILQ,test_Mechanical_Engineering_386,CC,InternVL,1.0,0.75,Tech & Engineering,InternVL|Llama-3.2|Qwen3.5,2
mmmu,ILQ,test_Mechanical_Engineering_394,CC,InternVL,1.0,0.5,Tech & Engineering,InternVL|Llama-3.2|Qwen3.5,2
mmmu,ILQ,test_Mechanical_Engineering_424,CC,Llama-3.2,0.0,0.3333333333333333,Tech & Engineering,InternVL|Llama-3.2|Qwen3.5,3
mmmu,ILQ,test_Mechanical_Engineering_44,CC,InternVL,1.0,0.16666666666666666,Tech & Engineering,InternVL|Llama-3.2|Qwen3.5,2
mmmu,ILQ,test_Mechanical_Engineering_45,CC,Qwen3.5,1.0,0.08333333333333333,Tech & Engineering,InternVL|Llama-3.2|Qwen3.5,1
mmmu,ILQ,test_Mechanical_Engineering_46,CC,Llama-3.2,0.3333333333333333,0.08333333333333333,Tech & Engineering,InternVL|Llama-3.2|Qwen3.5,3
mmmu,ILQ,test_Mechanical_Engineering_68,MiC,InternVL,0.3333333333333333,0.25,Tech & Engineering,InternVL|Llama-3.2|Qwen3.5,2
mmmu,ILQ,test_Music_109,CC,Qwen3.5,0.0,0.0,Art & Design,InternVL|Llama-3.2|Qwen3.5,1
mmmu,ILQ,test_Music_111,MiC,Llama-3.2,0.0,0.41666666666666663,Art & Design,InternVL|Llama-3.2|Qwen3.5,3
mmmu,ILQ,test_Music_136,MiC,Qwen3.5,1.0,0.08333333333333333,Art & Design,InternVL|Llama-3.2|Qwen3.5,1
mmmu,ILQ,test_Music_161,MiC,Qwen3.5,1.0,0.16666666666666666,Art & Design,InternVL|Llama-3.2|Qwen3.5,1
mmmu,ILQ,test_Music_167,MiC,Llama-3.2,0.0,0.25,Art & Design,InternVL|Llama-3.2|Qwen3.5,3
mmmu,ILQ,test_Music_168,CC,Qwen3.5,0.0,0.75,Art & Design,InternVL|Llama-3.2|Qwen3.5,1
mmmu,ILQ,test_Music_172,MiC,Llama-3.2,1.0,0.4166666666666667,Art & Design,InternVL|Llama-3.2|Qwen3.5,3
mmmu,ILQ,test_Music_186,CC,Qwen3.5,1.0,0.75,Art & Design,InternVL|Llama-3.2|Qwen3.5,1
mmmu,ILQ,test_Music_211,MiC,Llama-3.2,0.0,0.0,Art & Design,InternVL|Llama-3.2|Qwen3.5,3
mmmu,ILQ,test_Music_244,MiC,Qwen3.5,0.0,0.5,Art & Design,InternVL|Llama-3.2|Qwen3.5,1
mmmu,ILQ,test_Music_270,CC,Qwen3.5,0.0,0.25,Art & Design,InternVL|Llama-3.2|Qwen3.5,1
mmmu,ILQ,test_Music_274,CC,Llama-3.2,1.0,0.25,Art & Design,InternVL|Llama-3.2|Qwen3.5,3
mmmu,ILQ,test_Music_290,CC,Llama-3.2,0.0,0.0,Art & Design,InternVL|Llama-3.2|Qwen3.5,3
mmmu,ILQ,test_Music_291,MiC,Qwen3.5,1.0,0.0,Art & Design,InternVL|Llama-3.2|Qwen3.5,1
mmmu,ILQ,test_Music_39,MiC,Llama-3.2,1.0,0.08333333333333333,Art & Design,InternVL|Llama-3.2|Qwen3.5,3
mmmu,ILQ,test_Music_60,MiC,InternVL,0.0,0.3333333333333333,Art & Design,InternVL|Llama-3.2|Qwen3.5,2
mmmu,ILQ,test_Music_61,CC,Qwen3.5,1.0,0.0,Art & Design,InternVL|Llama-3.2|Qwen3.5,1
mmmu,ILQ,test_Music_78,MiC,InternVL,1.0,0.25,Art & Design,InternVL|Llama-3.2|Qwen3.5,2
mmmu,ILQ,test_Music_99,MiC,InternVL,0.0,0.5,Art & Design,InternVL|Llama-3.2|Qwen3.5,2
mmmu,ILQ,test_Pharmacy_175,MiC,Qwen3.5,0.0,0.5,Health & Medicine,InternVL|Llama-3.2|Qwen3.5,1
mmmu,ILQ,test_Pharmacy_193,CC,Qwen3.5,0.0,0.16666666666666666,Health & Medicine,InternVL|Llama-3.2|Qwen3.5,1
mmmu,ILQ,test_Pharmacy_205,MiC,Qwen3.5,1.0,0.5,Health & Medicine,InternVL|Llama-3.2|Qwen3.5,1
mmmu,ILQ,test_Pharmacy_258,MiC,Qwen3.5,0.0,0.5,Health & Medicine,InternVL|Llama-3.2|Qwen3.5,1
mmmu,ILQ,test_Pharmacy_299,MiC,Llama-3.2,0.0,0.16666666666666666,Health & Medicine,InternVL|Llama-3.2|Qwen3.5,3
mmmu,ILQ,test_Pharmacy_77,CC,InternVL,0.0,0.0,Health & Medicine,InternVL|Llama-3.2|Qwen3.5,2
mmmu,ILQ,test_Physics_113,CC,Qwen3.5,1.0,0.5833333333333334,Science,InternVL|Llama-3.2|Qwen3.5,1
mmmu,ILQ,test_Physics_121,MiC,Qwen3.5,0.0,0.5,Science,InternVL|Llama-3.2|Qwen3.5,1
mmmu,ILQ,test_Physics_126,MiC,Qwen3.5,1.0,0.5,Science,InternVL|Llama-3.2|Qwen3.5,1
mmmu,ILQ,test_Physics_127,CC,Qwen3.5,1.0,0.0,Science,InternVL|Llama-3.2|Qwen3.5,1
mmmu,ILQ,test_Physics_169,CC,InternVL,0.0,0.25,Science,InternVL|Llama-3.2|Qwen3.5,2
mmmu,ILQ,test_Physics_211,CC,Llama-3.2,1.0,0.5833333333333334,Science,InternVL|Llama-3.2|Qwen3.5,3
mmmu,ILQ,test_Physics_258,CC,Qwen3.5,1.0,0.5,Science,InternVL|Llama-3.2|Qwen3.5,1
mmmu,ILQ,test_Physics_326,MiC,Qwen3.5,1.0,0.5,Science,InternVL|Llama-3.2|Qwen3.5,1
mmmu,ILQ,test_Physics_350,MiC,Qwen3.5,0.0,0.5,Science,InternVL|Llama-3.2|Qwen3.5,1
mmmu,ILQ,test_Physics_389,MiC,Qwen3.5,1.0,0.5,Science,InternVL|Llama-3.2|Qwen3.5,1
mmmu,ILQ,test_Physics_394,CC,Llama-3.2,1.0,0.0,Science,InternVL|Llama-3.2|Qwen3.5,3
mmmu,ILQ,test_Physics_42,MiC,Qwen3.5,1.0,0.8333333333333333,Science,InternVL|Llama-3.2|Qwen3.5,1
mmmu,ILQ,test_Physics_47,MiC,Qwen3.5,1.0,0.5,Science,InternVL|Llama-3.2|Qwen3.5,1
mmmu,ILQ,test_Physics_87,CC,Llama-3.2,1.0,0.5,Science,InternVL|Llama-3.2|Qwen3.5,3
mmmu,ILQ,test_Psychology_105,MiC,Qwen3.5,0.0,0.3333333333333333,Humanities & Social Science,InternVL|Llama-3.2|Qwen3.5,1
mmmu,ILQ,test_Psychology_135,MiC,Qwen3.5,1.0,0.5,Humanities & Social Science,InternVL|Llama-3.2|Qwen3.5,1
mmmu,ILQ,test_Psychology_138,CC,Qwen3.5,1.0,0.5,Humanities & Social Science,InternVL|Llama-3.2|Qwen3.5,1
mmmu,ILQ,test_Psychology_282,CC,Qwen3.5,0.0,0.5,Humanities & Social Science,InternVL|Llama-3.2|Qwen3.5,1
mmmu,ILQ,test_Psychology_287,CC,InternVL,1.0,0.5,Humanities & Social Science,InternVL|Llama-3.2|Qwen3.5,2
mmmu,ILQ,test_Psychology_288,MiC,Qwen3.5,1.0,0.5833333333333334,Humanities & Social Science,InternVL|Llama-3.2|Qwen3.5,1
mmmu,ILQ,test_Psychology_291,MiC,Qwen3.5,1.0,0.75,Humanities & Social Science,InternVL|Llama-3.2|Qwen3.5,1
mmmu,ILQ,test_Psychology_38,CC,Llama-3.2,1.0,0.3333333333333333,Humanities & Social Science,InternVL|Llama-3.2|Qwen3.5,3
mmmu,ILQ,test_Public_Health_112,MiC,InternVL,0.0,0.3333333333333333,Health & Medicine,InternVL|Llama-3.2|Qwen3.5,2
mmmu,ILQ,test_Public_Health_405,CC,Qwen3.5,1.0,0.5,Health & Medicine,InternVL|Llama-3.2|Qwen3.5,1
mmmu,ILQ,test_Sociology_109,MiC,InternVL,0.0,0.16666666666666666,Humanities & Social Science,InternVL|Llama-3.2|Qwen3.5,2
mmmu,ILQ,test_Sociology_151,CC,InternVL,0.0,1.0,Humanities & Social Science,InternVL|Llama-3.2|Qwen3.5,2
mmmu,ILQ,test_Sociology_162,CC,InternVL,0.0,0.0,Humanities & Social Science,InternVL|Llama-3.2|Qwen3.5,2
mmmu,ILQ,test_Sociology_166,CC,Qwen3.5,1.0,0.0,Humanities & Social Science,InternVL|Llama-3.2|Qwen3.5,1
mmmu,ILQ,test_Sociology_187,CC,InternVL,0.0,0.6666666666666667,Humanities & Social Science,InternVL|Llama-3.2|Qwen3.5,2
mmmu,ILQ,test_Sociology_39,MiC,Qwen3.5,1.0,0.75,Humanities & Social Science,InternVL|Llama-3.2|Qwen3.5,1
mmmu,ILQ,test_Sociology_50,MiC,Qwen3.5,1.0,0.0,Humanities & Social Science,InternVL|Llama-3.2|Qwen3.5,1
mmmu,ILQ,test_Sociology_58,MiC,Llama-3.2,0.0,0.25,Humanities & Social Science,InternVL|Llama-3.2|Qwen3.5,3
mmmu,ILQ,test_Sociology_90,MiC,Qwen3.5,1.0,0.41666666666666663,Humanities & Social Science,InternVL|Llama-3.2|Qwen3.5,1
mmmu,ILQ,validation_Accounting_21,CC,Qwen3.5,1.0,0.6666666666666666,Business,InternVL|Llama-3.2|Qwen3.5,1
mmmu,ILQ,validation_Agriculture_3,CC,Qwen3.5,1.0,0.0,Tech & Engineering,InternVL|Llama-3.2|Qwen3.5,1
mmmu,ILQ,validation_Architecture_and_Engineering_7,MiC,Qwen3.5,1.0,0.9166666666666667,Tech & Engineering,InternVL|Llama-3.2|Qwen3.5,1
mmmu,ILQ,validation_Art_12,MiC,Llama-3.2,0.0,0.0,Art & Design,InternVL|Llama-3.2|Qwen3.5,3
mmmu,ILQ,validation_Art_20,MiC,Qwen3.5,1.0,0.25,Art & Design,InternVL|Llama-3.2|Qwen3.5,1
mmmu,ILQ,validation_Art_26,MiC,Llama-3.2,0.0,0.5,Art & Design,InternVL|Llama-3.2|Qwen3.5,3
mmmu,ILQ,validation_Basic_Medical_Science_23,CC,InternVL,0.0,0.0,Health & Medicine,InternVL|Llama-3.2|Qwen3.5,2
mmmu,ILQ,validation_Biology_14,CC,Qwen3.5,1.0,0.41666666666666663,Science,InternVL|Llama-3.2|Qwen3.5,1
mmmu,ILQ,validation_Computer_Science_24,MiC,InternVL,1.0,0.5833333333333334,Tech & Engineering,InternVL|Llama-3.2|Qwen3.5,2
mmmu,ILQ,validation_Diagnostics_and_Laboratory_Medicine_21,MiC,Llama-3.2,0.0,0.0,Health & Medicine,InternVL|Llama-3.2|Qwen3.5,3
mmmu,ILQ,validation_Finance_28,CC,InternVL,0.0,0.6666666666666666,Business,InternVL|Llama-3.2|Qwen3.5,2
mmmu,ILQ,validation_Finance_9,MiC,Qwen3.5,1.0,0.5833333333333334,Business,InternVL|Llama-3.2|Qwen3.5,1
mmmu,ILQ,validation_Literature_26,CC,InternVL,0.0,0.5,Humanities & Social Science,InternVL|Llama-3.2|Qwen3.5,2
mmmu,ILQ,validation_Manage_18,CC,Qwen3.5,1.0,0.3333333333333333,Business,InternVL|Llama-3.2|Qwen3.5,1
mmmu,ILQ,validation_Marketing_15,CC,Qwen3.5,1.0,1.0,Business,InternVL|Llama-3.2|Qwen3.5,1
mmmu,ILQ,validation_Marketing_5,MiC,Qwen3.5,1.0,0.8333333333333333,Business,InternVL|Llama-3.2|Qwen3.5,1
mmmu,ILQ,validation_Music_26,MiC,InternVL,0.0,1.0,Art & Design,InternVL|Llama-3.2|Qwen3.5,2
mmmu,ILQ,validation_Music_3,MiC,InternVL,1.0,0.5,Art & Design,InternVL|Llama-3.2|Qwen3.5,2
mmmu,ILQ,validation_Music_5,CC,Qwen3.5,1.0,0.5,Art & Design,InternVL|Llama-3.2|Qwen3.5,1
mmmu,ILQ,validation_Psychology_6,CC,InternVL,0.0,0.0,Humanities & Social Science,InternVL|Llama-3.2|Qwen3.5,2
mmmu,IPQ,dev_Chemistry_1,MiC,Qwen3.5,1.0,0.5,Science,InternVL|Pixtral|Qwen3.5,1
mmmu,IPQ,dev_Diagnostics_and_Laboratory_Medicine_3,MiC,Pixtral,0.0,0.0,Health & Medicine,InternVL|Pixtral|Qwen3.5,3
mmmu,IPQ,dev_Public_Health_3,MiC,Qwen3.5,1.0,0.4166666666666667,Health & Medicine,InternVL|Pixtral|Qwen3.5,1
mmmu,IPQ,test_Accounting_100,CC,InternVL,1.0,0.5,Business,InternVL|Pixtral|Qwen3.5,2
mmmu,IPQ,test_Accounting_150,CC,Qwen3.5,0.3333333333333333,1.0,Business,InternVL|Pixtral|Qwen3.5,1
mmmu,IPQ,test_Accounting_203,CC,Pixtral,0.3333333333333333,1.0,Business,InternVL|Pixtral|Qwen3.5,3
mmmu,IPQ,test_Accounting_350,CC,Qwen3.5,1.0,0.9166666666666667,Business,InternVL|Pixtral|Qwen3.5,1
mmmu,IPQ,test_Accounting_360,MiC,Qwen3.5,1.0,0.5,Business,InternVL|Pixtral|Qwen3.5,1
mmmu,IPQ,test_Accounting_376,CC,Qwen3.5,0.0,0.08333333333333333,Business,InternVL|Pixtral|Qwen3.5,1
mmmu,IPQ,test_Accounting_39,CC,Qwen3.5,0.3333333333333333,0.5,Business,InternVL|Pixtral|Qwen3.5,1
mmmu,IPQ,test_Accounting_49,CC,Qwen3.5,0.0,0.5,Business,InternVL|Pixtral|Qwen3.5,1
mmmu,IPQ,test_Accounting_84,MiC,Qwen3.5,1.0,0.08333333333333333,Business,InternVL|Pixtral|Qwen3.5,1
mmmu,IPQ,test_Agriculture_107,CC,InternVL,0.0,0.0,Tech & Engineering,InternVL|Pixtral|Qwen3.5,2
mmmu,IPQ,test_Agriculture_13,CC,Qwen3.5,1.0,0.5,Tech & Engineering,InternVL|Pixtral|Qwen3.5,1
mmmu,IPQ,test_Agriculture_179,MiC,Qwen3.5,1.0,0.3333333333333333,Tech & Engineering,InternVL|Pixtral|Qwen3.5,1
mmmu,IPQ,test_Agriculture_198,CC,Qwen3.5,1.0,0.0,Tech & Engineering,InternVL|Pixtral|Qwen3.5,1
mmmu,IPQ,test_Agriculture_268,CC,Pixtral,1.0,0.5,Tech & Engineering,InternVL|Pixtral|Qwen3.5,3
mmmu,IPQ,test_Agriculture_40,CC,Qwen3.5,1.0,1.0,Tech & Engineering,InternVL|Pixtral|Qwen3.5,1
mmmu,IPQ,test_Agriculture_50,MiC,Qwen3.5,1.0,0.0,Tech & Engineering,InternVL|Pixtral|Qwen3.5,1
mmmu,IPQ,test_Agriculture_52,CC,Pixtral,0.3333333333333333,0.0,Tech & Engineering,InternVL|Pixtral|Qwen3.5,3
mmmu,IPQ,test_Agriculture_9,CC,Qwen3.5,0.0,0.5,Tech & Engineering,InternVL|Pixtral|Qwen3.5,1
mmmu,IPQ,test_Architecture_and_Engineering_145,CC,Qwen3.5,0.3333333333333333,0.4166666666666667,Tech & Engineering,InternVL|Pixtral|Qwen3.5,1
mmmu,IPQ,test_Architecture_and_Engineering_283,CC,InternVL,1.0,0.16666666666666666,Tech & Engineering,InternVL|Pixtral|Qwen3.5,2
mmmu,IPQ,test_Architecture_and_Engineering_290,CC,InternVL,1.0,0.08333333333333333,Tech & Engineering,InternVL|Pixtral|Qwen3.5,2
mmmu,IPQ,test_Architecture_and_Engineering_294,CC,InternVL,1.0,0.0,Tech & Engineering,InternVL|Pixtral|Qwen3.5,2
mmmu,IPQ,test_Architecture_and_Engineering_387,MiC,Qwen3.5,0.0,0.4166666666666667,Tech & Engineering,InternVL|Pixtral|Qwen3.5,1
mmmu,IPQ,test_Architecture_and_Engineering_422,CC,InternVL,0.0,0.5,Tech & Engineering,InternVL|Pixtral|Qwen3.5,2
mmmu,IPQ,test_Architecture_and_Engineering_457,CC,InternVL,1.0,0.5,Tech & Engineering,InternVL|Pixtral|Qwen3.5,2
mmmu,IPQ,test_Architecture_and_Engineering_458,MiC,Qwen3.5,0.0,0.4166666666666667,Tech & Engineering,InternVL|Pixtral|Qwen3.5,1
mmmu,IPQ,test_Architecture_and_Engineering_460,CC,InternVL,0.0,0.5,Tech & Engineering,InternVL|Pixtral|Qwen3.5,2
mmmu,IPQ,test_Architecture_and_Engineering_48,CC,Qwen3.5,0.0,0.6666666666666666,Tech & Engineering,InternVL|Pixtral|Qwen3.5,1
mmmu,IPQ,test_Architecture_and_Engineering_549,MiC,Qwen3.5,0.0,0.08333333333333333,Tech & Engineering,InternVL|Pixtral|Qwen3.5,1
mmmu,IPQ,test_Architecture_and_Engineering_551,CC,Pixtral,0.0,0.6666666666666666,Tech & Engineering,InternVL|Pixtral|Qwen3.5,3
mmmu,IPQ,test_Architecture_and_Engineering_81,CC,Pixtral,1.0,0.3333333333333333,Tech & Engineering,InternVL|Pixtral|Qwen3.5,3
mmmu,IPQ,test_Art_105,MiC,Pixtral,0.0,0.0,Art & Design,InternVL|Pixtral|Qwen3.5,3
mmmu,IPQ,test_Art_118,MiC,Pixtral,0.0,0.8333333333333333,Art & Design,InternVL|Pixtral|Qwen3.5,3
mmmu,IPQ,test_Art_12,MiC,InternVL,0.0,0.0,Art & Design,InternVL|Pixtral|Qwen3.5,2
mmmu,IPQ,test_Art_128,MiC,Pixtral,0.0,0.0,Art & Design,InternVL|Pixtral|Qwen3.5,3
mmmu,IPQ,test_Art_166,CC,Qwen3.5,0.3333333333333333,0.08333333333333333,Art & Design,InternVL|Pixtral|Qwen3.5,1
mmmu,IPQ,test_Art_176,MiC,Pixtral,0.0,0.5,Art & Design,InternVL|Pixtral|Qwen3.5,3
mmmu,IPQ,test_Art_182,MiC,InternVL,0.0,0.4166666666666667,Art & Design,InternVL|Pixtral|Qwen3.5,2
mmmu,IPQ,test_Art_26,CC,InternVL,0.0,0.5,Art & Design,InternVL|Pixtral|Qwen3.5,2
mmmu,IPQ,test_Art_82,MiC,InternVL,0.0,0.5,Art & Design,InternVL|Pixtral|Qwen3.5,2
mmmu,IPQ,test_Art_Theory_109,CC,Qwen3.5,0.3333333333333333,0.0,Art & Design,InternVL|Pixtral|Qwen3.5,1
mmmu,IPQ,test_Art_Theory_213,MiC,Pixtral,0.0,0.0,Art & Design,InternVL|Pixtral|Qwen3.5,3
mmmu,IPQ,test_Art_Theory_229,MiC,InternVL,0.0,0.0,Art & Design,InternVL|Pixtral|Qwen3.5,2
mmmu,IPQ,test_Art_Theory_275,CC,Qwen3.5,1.0,0.5,Art & Design,InternVL|Pixtral|Qwen3.5,1
mmmu,IPQ,test_Basic_Medical_Science_177,MiC,InternVL,0.0,0.4166666666666667,Health & Medicine,InternVL|Pixtral|Qwen3.5,2
mmmu,IPQ,test_Basic_Medical_Science_222,MiC,Pixtral,0.0,0.16666666666666666,Health & Medicine,InternVL|Pixtral|Qwen3.5,3
mmmu,IPQ,test_Basic_Medical_Science_23,MiC,Qwen3.5,1.0,0.5,Health & Medicine,InternVL|Pixtral|Qwen3.5,1
mmmu,IPQ,test_Basic_Medical_Science_274,CC,InternVL,0.0,0.5,Health & Medicine,InternVL|Pixtral|Qwen3.5,2
mmmu,IPQ,test_Basic_Medical_Science_305,MiC,InternVL,0.0,0.9166666666666667,Health & Medicine,InternVL|Pixtral|Qwen3.5,2
mmmu,IPQ,test_Basic_Medical_Science_79,MiC,Pixtral,0.0,0.0,Health & Medicine,InternVL|Pixtral|Qwen3.5,3
mmmu,IPQ,test_Basic_Medical_Science_80,CC,Pixtral,0.0,0.6666666666666666,Health & Medicine,InternVL|Pixtral|Qwen3.5,3
mmmu,IPQ,test_Biology_110,MiC,Qwen3.5,1.0,0.4166666666666667,Science,InternVL|Pixtral|Qwen3.5,1
mmmu,IPQ,test_Biology_113,CC,Pixtral,0.0,0.5833333333333334,Science,InternVL|Pixtral|Qwen3.5,3
mmmu,IPQ,test_Biology_119,MiC,Pixtral,0.0,0.0,Science,InternVL|Pixtral|Qwen3.5,3
mmmu,IPQ,test_Biology_220,CC,Qwen3.5,1.0,0.5,Science,InternVL|Pixtral|Qwen3.5,1
mmmu,IPQ,test_Biology_239,CC,Pixtral,0.0,0.6666666666666666,Science,InternVL|Pixtral|Qwen3.5,3
mmmu,IPQ,test_Biology_256,CC,Qwen3.5,1.0,0.16666666666666666,Science,InternVL|Pixtral|Qwen3.5,1
mmmu,IPQ,test_Biology_301,CC,Qwen3.5,1.0,0.3333333333333333,Science,InternVL|Pixtral|Qwen3.5,1
mmmu,IPQ,test_Biology_305,MiC,Qwen3.5,1.0,0.16666666666666666,Science,InternVL|Pixtral|Qwen3.5,1
mmmu,IPQ,test_Biology_32,MiC,Qwen3.5,1.0,1.0,Science,InternVL|Pixtral|Qwen3.5,1
mmmu,IPQ,test_Biology_333,CC,Qwen3.5,1.0,1.0,Science,InternVL|Pixtral|Qwen3.5,1
mmmu,IPQ,test_Biology_39,CC,InternVL,0.0,0.4166666666666667,Science,InternVL|Pixtral|Qwen3.5,2
mmmu,IPQ,test_Biology_73,CC,Qwen3.5,1.0,0.0,Science,InternVL|Pixtral|Qwen3.5,1
mmmu,IPQ,test_Chemistry_130,CC,InternVL,1.0,0.5,Science,InternVL|Pixtral|Qwen3.5,2
mmmu,IPQ,test_Chemistry_163,CC,Qwen3.5,1.0,0.5,Science,InternVL|Pixtral|Qwen3.5,1
mmmu,IPQ,test_Chemistry_183,CC,Qwen3.5,0.3333333333333333,0.9166666666666667,Science,InternVL|Pixtral|Qwen3.5,1
mmmu,IPQ,test_Chemistry_21,CC,Qwen3.5,1.0,0.08333333333333333,Science,InternVL|Pixtral|Qwen3.5,1
mmmu,IPQ,test_Chemistry_245,CC,Pixtral,1.0,0.4166666666666667,Science,InternVL|Pixtral|Qwen3.5,3
mmmu,IPQ,test_Chemistry_309,MiC,Qwen3.5,1.0,0.5,Science,InternVL|Pixtral|Qwen3.5,1
mmmu,IPQ,test_Chemistry_326,CC,Qwen3.5,0.3333333333333333,0.5,Science,InternVL|Pixtral|Qwen3.5,1
mmmu,IPQ,test_Chemistry_401,CC,InternVL,0.0,0.5,Science,InternVL|Pixtral|Qwen3.5,2
mmmu,IPQ,test_Chemistry_445,MiC,Qwen3.5,1.0,0.5,Science,InternVL|Pixtral|Qwen3.5,1
mmmu,IPQ,test_Chemistry_466,CC,Qwen3.5,0.0,0.4166666666666667,Science,InternVL|Pixtral|Qwen3.5,1
mmmu,IPQ,test_Chemistry_502,CC,Qwen3.5,1.0,0.08333333333333333,Science,InternVL|Pixtral|Qwen3.5,1
mmmu,IPQ,test_Chemistry_9,CC,Qwen3.5,1.0,0.5,Science,InternVL|Pixtral|Qwen3.5,1
mmmu,IPQ,test_Clinical_Medicine_12,CC,Pixtral,1.0,0.5,Health & Medicine,InternVL|Pixtral|Qwen3.5,3
mmmu,IPQ,test_Clinical_Medicine_145,MiC,Qwen3.5,1.0,1.0,Health & Medicine,InternVL|Pixtral|Qwen3.5,1
mmmu,IPQ,test_Clinical_Medicine_173,MiC,Qwen3.5,1.0,0.4166666666666667,Health & Medicine,InternVL|Pixtral|Qwen3.5,1
mmmu,IPQ,test_Clinical_Medicine_229,CC,Qwen3.5,1.0,1.0,Health & Medicine,InternVL|Pixtral|Qwen3.5,1
mmmu,IPQ,test_Clinical_Medicine_259,CC,InternVL,0.3333333333333333,0.5,Health & Medicine,InternVL|Pixtral|Qwen3.5,2
mmmu,IPQ,test_Clinical_Medicine_302,MiC,Pixtral,1.0,0.4166666666666667,Health & Medicine,InternVL|Pixtral|Qwen3.5,3
mmmu,IPQ,test_Clinical_Medicine_75,CC,InternVL,1.0,0.5,Health & Medicine,InternVL|Pixtral|Qwen3.5,2
mmmu,IPQ,test_Clinical_Medicine_83,CC,InternVL,0.3333333333333333,1.0,Health & Medicine,InternVL|Pixtral|Qwen3.5,2
mmmu,IPQ,test_Computer_Science_103,MiC,Qwen3.5,1.0,0.5,Tech & Engineering,InternVL|Pixtral|Qwen3.5,1
mmmu,IPQ,test_Computer_Science_152,MiC,Pixtral,0.0,0.5,Tech & Engineering,InternVL|Pixtral|Qwen3.5,3
mmmu,IPQ,test_Computer_Science_171,MiC,Qwen3.5,0.0,1.0,Tech & Engineering,InternVL|Pixtral|Qwen3.5,1
mmmu,IPQ,test_Computer_Science_174,CC,InternVL,1.0,1.0,Tech & Engineering,InternVL|Pixtral|Qwen3.5,2
mmmu,IPQ,test_Computer_Science_175,CC,Qwen3.5,1.0,1.0,Tech & Engineering,InternVL|Pixtral|Qwen3.5,1
mmmu,IPQ,test_Computer_Science_195,CC,InternVL,0.0,0.0,Tech & Engineering,InternVL|Pixtral|Qwen3.5,2
mmmu,IPQ,test_Computer_Science_199,MiC,InternVL,1.0,1.0,Tech & Engineering,InternVL|Pixtral|Qwen3.5,2
mmmu,IPQ,test_Computer_Science_245,MiC,Pixtral,0.0,0.0,Tech & Engineering,InternVL|Pixtral|Qwen3.5,3
mmmu,IPQ,test_Computer_Science_268,MiC,InternVL,1.0,0.5,Tech & Engineering,InternVL|Pixtral|Qwen3.5,2
mmmu,IPQ,test_Computer_Science_294,MiC,Qwen3.5,1.0,0.25,Tech & Engineering,InternVL|Pixtral|Qwen3.5,1
mmmu,IPQ,test_Computer_Science_321,MiC,InternVL,1.0,0.08333333333333333,Tech & Engineering,InternVL|Pixtral|Qwen3.5,2
mmmu,IPQ,test_Computer_Science_341,MiC,Pixtral,0.0,1.0,Tech & Engineering,InternVL|Pixtral|Qwen3.5,3
mmmu,IPQ,test_Computer_Science_344,CC,Qwen3.5,0.0,0.5,Tech & Engineering,InternVL|Pixtral|Qwen3.5,1
mmmu,IPQ,test_Computer_Science_60,CC,Pixtral,0.0,0.41666666666666663,Tech & Engineering,InternVL|Pixtral|Qwen3.5,3
mmmu,IPQ,test_Design_104,MiC,Pixtral,0.0,1.0,Art & Design,InternVL|Pixtral|Qwen3.5,3
mmmu,IPQ,test_Design_117,CC,Qwen3.5,0.0,0.5,Art & Design,InternVL|Pixtral|Qwen3.5,1
mmmu,IPQ,test_Design_167,MiC,Qwen3.5,1.0,0.8333333333333333,Art & Design,InternVL|Pixtral|Qwen3.5,1
mmmu,IPQ,test_Design_34,MiC,Pixtral,0.0,0.25,Art & Design,InternVL|Pixtral|Qwen3.5,3
mmmu,IPQ,test_Design_44,MiC,Qwen3.5,0.0,0.3333333333333333,Art & Design,InternVL|Pixtral|Qwen3.5,1
mmmu,IPQ,test_Diagnostics_and_Laboratory_Medicine_101,CC,Qwen3.5,0.3333333333333333,0.5,Health & Medicine,InternVL|Pixtral|Qwen3.5,1
mmmu,IPQ,test_Diagnostics_and_Laboratory_Medicine_103,CC,Pixtral,0.3333333333333333,0.0,Health & Medicine,InternVL|Pixtral|Qwen3.5,3
mmmu,IPQ,test_Diagnostics_and_Laboratory_Medicine_106,MiC,Pixtral,0.0,1.0,Health & Medicine,InternVL|Pixtral|Qwen3.5,3
mmmu,IPQ,test_Diagnostics_and_Laboratory_Medicine_11,CC,Pixtral,0.0,0.5,Health & Medicine,InternVL|Pixtral|Qwen3.5,3
mmmu,IPQ,test_Diagnostics_and_Laboratory_Medicine_121,CC,InternVL,0.0,0.5,Health & Medicine,InternVL|Pixtral|Qwen3.5,2
mmmu,IPQ,test_Diagnostics_and_Laboratory_Medicine_137,CC,Qwen3.5,0.0,0.0,Health & Medicine,InternVL|Pixtral|Qwen3.5,1
mmmu,IPQ,test_Diagnostics_and_Laboratory_Medicine_140,MiC,Qwen3.5,0.0,0.41666666666666663,Health & Medicine,InternVL|Pixtral|Qwen3.5,1
mmmu,IPQ,test_Diagnostics_and_Laboratory_Medicine_143,MiC,InternVL,0.0,0.0,Health & Medicine,InternVL|Pixtral|Qwen3.5,2
mmmu,IPQ,test_Diagnostics_and_Laboratory_Medicine_159,MiC,Qwen3.5,0.0,0.08333333333333333,Health & Medicine,InternVL|Pixtral|Qwen3.5,1
mmmu,IPQ,test_Diagnostics_and_Laboratory_Medicine_23,CC,Qwen3.5,1.0,0.5,Health & Medicine,InternVL|Pixtral|Qwen3.5,1
mmmu,IPQ,test_Diagnostics_and_Laboratory_Medicine_28,CC,Qwen3.5,0.3333333333333333,0.5,Health & Medicine,InternVL|Pixtral|Qwen3.5,1
mmmu,IPQ,test_Diagnostics_and_Laboratory_Medicine_40,MiC,Pixtral,0.0,1.0,Health & Medicine,InternVL|Pixtral|Qwen3.5,3
mmmu,IPQ,test_Diagnostics_and_Laboratory_Medicine_42,MiC,Pixtral,0.0,0.0,Health & Medicine,InternVL|Pixtral|Qwen3.5,3
mmmu,IPQ,test_Diagnostics_and_Laboratory_Medicine_43,MiC,Pixtral,0.3333333333333333,0.0,Health & Medicine,InternVL|Pixtral|Qwen3.5,3
mmmu,IPQ,test_Diagnostics_and_Laboratory_Medicine_81,CC,InternVL,0.0,0.0,Health & Medicine,InternVL|Pixtral|Qwen3.5,2
mmmu,IPQ,test_Diagnostics_and_Laboratory_Medicine_98,CC,Pixtral,0.3333333333333333,1.0,Health & Medicine,InternVL|Pixtral|Qwen3.5,3
mmmu,IPQ,test_Economics_185,CC,Pixtral,1.0,0.0,Business,InternVL|Pixtral|Qwen3.5,3
mmmu,IPQ,test_Economics_201,MiC,Qwen3.5,1.0,1.0,Business,InternVL|Pixtral|Qwen3.5,1
mmmu,IPQ,test_Economics_249,CC,Qwen3.5,1.0,0.5,Business,InternVL|Pixtral|Qwen3.5,1
mmmu,IPQ,test_Economics_49,MiC,Qwen3.5,1.0,0.8333333333333333,Business,InternVL|Pixtral|Qwen3.5,1
mmmu,IPQ,test_Economics_51,CC,InternVL,0.0,0.3333333333333333,Business,InternVL|Pixtral|Qwen3.5,2
mmmu,IPQ,test_Electronics_123,MiC,Qwen3.5,1.0,0.5,Tech & Engineering,InternVL|Pixtral|Qwen3.5,1
mmmu,IPQ,test_Electronics_126,CC,Qwen3.5,0.0,1.0,Tech & Engineering,InternVL|Pixtral|Qwen3.5,1
mmmu,IPQ,test_Electronics_14,MiC,InternVL,0.0,0.8333333333333333,Tech & Engineering,InternVL|Pixtral|Qwen3.5,2
mmmu,IPQ,test_Electronics_235,CC,Qwen3.5,1.0,0.5,Tech & Engineering,InternVL|Pixtral|Qwen3.5,1
mmmu,IPQ,test_Electronics_248,MiC,Qwen3.5,0.0,0.16666666666666666,Tech & Engineering,InternVL|Pixtral|Qwen3.5,1
mmmu,IPQ,test_Electronics_30,CC,Qwen3.5,1.0,0.16666666666666666,Tech & Engineering,InternVL|Pixtral|Qwen3.5,1
mmmu,IPQ,test_Electronics_33,CC,Qwen3.5,1.0,1.0,Tech & Engineering,InternVL|Pixtral|Qwen3.5,1
mmmu,IPQ,test_Electronics_49,CC,InternVL,1.0,0.5833333333333334,Tech & Engineering,InternVL|Pixtral|Qwen3.5,2
mmmu,IPQ,test_Electronics_67,CC,Qwen3.5,0.0,0.5,Tech & Engineering,InternVL|Pixtral|Qwen3.5,1
mmmu,IPQ,test_Energy_and_Power_197,CC,Qwen3.5,1.0,0.9166666666666667,Tech & Engineering,InternVL|Pixtral|Qwen3.5,1
mmmu,IPQ,test_Energy_and_Power_209,CC,InternVL,1.0,0.5,Tech & Engineering,InternVL|Pixtral|Qwen3.5,2
mmmu,IPQ,test_Energy_and_Power_246,MiC,Qwen3.5,0.0,0.41666666666666663,Tech & Engineering,InternVL|Pixtral|Qwen3.5,1
mmmu,IPQ,test_Energy_and_Power_266,CC,InternVL,1.0,0.16666666666666666,Tech & Engineering,InternVL|Pixtral|Qwen3.5,2
mmmu,IPQ,test_Energy_and_Power_268,CC,Qwen3.5,0.3333333333333333,1.0,Tech & Engineering,InternVL|Pixtral|Qwen3.5,1
mmmu,IPQ,test_Energy_and_Power_362,MiC,Qwen3.5,0.0,0.08333333333333333,Tech & Engineering,InternVL|Pixtral|Qwen3.5,1
mmmu,IPQ,test_Energy_and_Power_378,CC,InternVL,1.0,0.8333333333333333,Tech & Engineering,InternVL|Pixtral|Qwen3.5,2
mmmu,IPQ,test_Energy_and_Power_381,CC,InternVL,0.0,1.0,Tech & Engineering,InternVL|Pixtral|Qwen3.5,2
mmmu,IPQ,test_Energy_and_Power_389,MiC,Qwen3.5,1.0,0.16666666666666666,Tech & Engineering,InternVL|Pixtral|Qwen3.5,1
mmmu,IPQ,test_Energy_and_Power_39,MiC,Pixtral,1.0,0.4166666666666667,Tech & Engineering,InternVL|Pixtral|Qwen3.5,3
mmmu,IPQ,test_Energy_and_Power_397,CC,Qwen3.5,1.0,0.0,Tech & Engineering,InternVL|Pixtral|Qwen3.5,1
mmmu,IPQ,test_Energy_and_Power_401,CC,InternVL,1.0,0.08333333333333333,Tech & Engineering,InternVL|Pixtral|Qwen3.5,2
mmmu,IPQ,test_Energy_and_Power_420,CC,InternVL,0.3333333333333333,0.9166666666666667,Tech & Engineering,InternVL|Pixtral|Qwen3.5,2
mmmu,IPQ,test_Energy_and_Power_45,CC,Pixtral,0.0,0.0,Tech & Engineering,InternVL|Pixtral|Qwen3.5,3
mmmu,IPQ,test_Energy_and_Power_46,CC,Pixtral,1.0,0.4166666666666667,Tech & Engineering,InternVL|Pixtral|Qwen3.5,3
mmmu,IPQ,test_Finance_114,CC,Pixtral,1.0,1.0,Business,InternVL|Pixtral|Qwen3.5,3
mmmu,IPQ,test_Finance_176,MiC,Pixtral,0.0,0.0,Business,InternVL|Pixtral|Qwen3.5,3
mmmu,IPQ,test_Finance_177,MiC,Qwen3.5,0.0,0.4166666666666667,Business,InternVL|Pixtral|Qwen3.5,1
mmmu,IPQ,test_Finance_193,MiC,Qwen3.5,1.0,0.5833333333333334,Business,InternVL|Pixtral|Qwen3.5,1
mmmu,IPQ,test_Finance_244,CC,Qwen3.5,0.3333333333333333,1.0,Business,InternVL|Pixtral|Qwen3.5,1
mmmu,IPQ,test_Finance_245,CC,Qwen3.5,1.0,0.5,Business,InternVL|Pixtral|Qwen3.5,1
mmmu,IPQ,test_Finance_253,CC,Pixtral,1.0,1.0,Business,InternVL|Pixtral|Qwen3.5,3
mmmu,IPQ,test_Finance_264,MiC,InternVL,0.0,0.4166666666666667,Business,InternVL|Pixtral|Qwen3.5,2
mmmu,IPQ,test_Finance_276,CC,InternVL,0.3333333333333333,0.5,Business,InternVL|Pixtral|Qwen3.5,2
mmmu,IPQ,test_Finance_315,MiC,Qwen3.5,0.0,0.5,Business,InternVL|Pixtral|Qwen3.5,1
mmmu,IPQ,test_Geography_145,CC,Qwen3.5,0.3333333333333333,1.0,Science,InternVL|Pixtral|Qwen3.5,1
mmmu,IPQ,test_Geography_164,MiC,Pixtral,1.0,0.08333333333333333,Science,InternVL|Pixtral|Qwen3.5,3
mmmu,IPQ,test_Geography_200,MiC,Qwen3.5,1.0,0.5,Science,InternVL|Pixtral|Qwen3.5,1
mmmu,IPQ,test_Geography_216,MiC,Qwen3.5,1.0,1.0,Science,InternVL|Pixtral|Qwen3.5,1
mmmu,IPQ,test_Geography_297,CC,Qwen3.5,1.0,0.4166666666666667,Science,InternVL|Pixtral|Qwen3.5,1
mmmu,IPQ,test_Geography_30,MiC,Qwen3.5,0.0,0.5,Science,InternVL|Pixtral|Qwen3.5,1
mmmu,IPQ,test_Geography_315,MiC,Qwen3.5,0.0,1.0,Science,InternVL|Pixtral|Qwen3.5,1
mmmu,IPQ,test_Geography_319,MiC,Pixtral,0.0,0.0,Science,InternVL|Pixtral|Qwen3.5,3
mmmu,IPQ,test_Geography_376,CC,Qwen3.5,1.0,0.3333333333333333,Science,InternVL|Pixtral|Qwen3.5,1
mmmu,IPQ,test_Geography_434,CC,InternVL,1.0,0.3333333333333333,Science,InternVL|Pixtral|Qwen3.5,2
mmmu,IPQ,test_Geography_442,MiC,Qwen3.5,1.0,0.5,Science,InternVL|Pixtral|Qwen3.5,1
mmmu,IPQ,test_Geography_561,CC,Qwen3.5,1.0,0.25,Science,InternVL|Pixtral|Qwen3.5,1
mmmu,IPQ,test_Geography_58,CC,Qwen3.5,0.0,0.0,Science,InternVL|Pixtral|Qwen3.5,1
mmmu,IPQ,test_History_209,CC,Pixtral,0.0,0.0,Humanities & Social Science,InternVL|Pixtral|Qwen3.5,3
mmmu,IPQ,test_History_62,CC,Qwen3.5,1.0,0.6666666666666666,Humanities & Social Science,InternVL|Pixtral|Qwen3.5,1
mmmu,IPQ,test_Literature_68,CC,Qwen3.5,0.3333333333333333,0.5,Humanities & Social Science,InternVL|Pixtral|Qwen3.5,1
mmmu,IPQ,test_Literature_85,MiC,InternVL,0.0,0.5,Humanities & Social Science,InternVL|Pixtral|Qwen3.5,2
mmmu,IPQ,test_Manage_120,MiC,InternVL,0.0,0.0,Business,InternVL|Pixtral|Qwen3.5,2
mmmu,IPQ,test_Manage_168,MiC,InternVL,0.0,0.5,Business,InternVL|Pixtral|Qwen3.5,2
mmmu,IPQ,test_Manage_175,CC,Qwen3.5,0.3333333333333333,0.0,Business,InternVL|Pixtral|Qwen3.5,1
mmmu,IPQ,test_Manage_217,MiC,Qwen3.5,1.0,0.5,Business,InternVL|Pixtral|Qwen3.5,1
mmmu,IPQ,test_Manage_51,MiC,Qwen3.5,1.0,1.0,Business,InternVL|Pixtral|Qwen3.5,1
mmmu,IPQ,test_Manage_65,CC,Pixtral,1.0,1.0,Business,InternVL|Pixtral|Qwen3.5,3
mmmu,IPQ,test_Manage_72,CC,Qwen3.5,0.3333333333333333,0.4166666666666667,Business,InternVL|Pixtral|Qwen3.5,1
mmmu,IPQ,test_Marketing_104,MiC,Pixtral,0.0,0.0,Business,InternVL|Pixtral|Qwen3.5,3
mmmu,IPQ,test_Marketing_154,MiC,InternVL,1.0,1.0,Business,InternVL|Pixtral|Qwen3.5,2
mmmu,IPQ,test_Marketing_37,MiC,InternVL,1.0,0.9166666666666667,Business,InternVL|Pixtral|Qwen3.5,2
mmmu,IPQ,test_Marketing_40,MiC,Pixtral,1.0,1.0,Business,InternVL|Pixtral|Qwen3.5,3
mmmu,IPQ,test_Materials_130,CC,Pixtral,0.0,0.5833333333333334,Tech & Engineering,InternVL|Pixtral|Qwen3.5,3
mmmu,IPQ,test_Materials_151,MiC,Qwen3.5,1.0,0.25,Tech & Engineering,InternVL|Pixtral|Qwen3.5,1
mmmu,IPQ,test_Materials_167,MiC,InternVL,0.0,0.5,Tech & Engineering,InternVL|Pixtral|Qwen3.5,2
mmmu,IPQ,test_Materials_182,MiC,InternVL,0.0,0.6666666666666667,Tech & Engineering,InternVL|Pixtral|Qwen3.5,2
mmmu,IPQ,test_Materials_204,MiC,InternVL,0.0,0.5,Tech & Engineering,InternVL|Pixtral|Qwen3.5,2
mmmu,IPQ,test_Materials_269,CC,Qwen3.5,0.3333333333333333,0.5,Tech & Engineering,InternVL|Pixtral|Qwen3.5,1
mmmu,IPQ,test_Materials_289,CC,Qwen3.5,0.0,0.08333333333333333,Tech & Engineering,InternVL|Pixtral|Qwen3.5,1
mmmu,IPQ,test_Materials_376,CC,Qwen3.5,0.0,0.5,Tech & Engineering,InternVL|Pixtral|Qwen3.5,1
mmmu,IPQ,test_Materials_377,MiC,Pixtral,0.0,0.16666666666666666,Tech & Engineering,InternVL|Pixtral|Qwen3.5,3
mmmu,IPQ,test_Materials_41,CC,Qwen3.5,1.0,0.5,Tech & Engineering,InternVL|Pixtral|Qwen3.5,1
mmmu,IPQ,test_Materials_412,MiC,Qwen3.5,0.0,0.41666666666666663,Tech & Engineering,InternVL|Pixtral|Qwen3.5,1
mmmu,IPQ,test_Materials_44,MiC,Pixtral,0.0,0.6666666666666667,Tech & Engineering,InternVL|Pixtral|Qwen3.5,3
mmmu,IPQ,test_Materials_50,CC,Qwen3.5,0.0,0.25,Tech & Engineering,InternVL|Pixtral|Qwen3.5,1
mmmu,IPQ,test_Materials_76,MiC,InternVL,1.0,0.3333333333333333,Tech & Engineering,InternVL|Pixtral|Qwen3.5,2
mmmu,IPQ,test_Materials_99,CC,Qwen3.5,0.3333333333333333,0.3333333333333333,Tech & Engineering,InternVL|Pixtral|Qwen3.5,1
mmmu,IPQ,test_Math_145,CC,InternVL,1.0,0.0,Science,InternVL|Pixtral|Qwen3.5,2
mmmu,IPQ,test_Math_164,CC,InternVL,1.0,0.5,Science,InternVL|Pixtral|Qwen3.5,2
mmmu,IPQ,test_Math_179,CC,Pixtral,1.0,0.08333333333333333,Science,InternVL|Pixtral|Qwen3.5,3
mmmu,IPQ,test_Math_201,CC,Qwen3.5,1.0,0.5,Science,InternVL|Pixtral|Qwen3.5,1
mmmu,IPQ,test_Math_209,CC,Qwen3.5,0.3333333333333333,1.0,Science,InternVL|Pixtral|Qwen3.5,1
mmmu,IPQ,test_Math_236,CC,Qwen3.5,1.0,0.5,Science,InternVL|Pixtral|Qwen3.5,1
mmmu,IPQ,test_Math_285,CC,Qwen3.5,0.3333333333333333,1.0,Science,InternVL|Pixtral|Qwen3.5,1
mmmu,IPQ,test_Math_430,MiC,Qwen3.5,0.0,0.16666666666666666,Science,InternVL|Pixtral|Qwen3.5,1
mmmu,IPQ,test_Math_457,MiC,Qwen3.5,0.0,0.0,Science,InternVL|Pixtral|Qwen3.5,1
mmmu,IPQ,test_Math_47,CC,InternVL,1.0,0.0,Science,InternVL|Pixtral|Qwen3.5,2
mmmu,IPQ,test_Math_499,MiC,Qwen3.5,1.0,1.0,Science,InternVL|Pixtral|Qwen3.5,1
mmmu,IPQ,test_Math_50,MiC,Qwen3.5,0.0,0.75,Science,InternVL|Pixtral|Qwen3.5,1
mmmu,IPQ,test_Mechanical_Engineering_105,CC,Qwen3.5,1.0,0.0,Tech & Engineering,InternVL|Pixtral|Qwen3.5,1
mmmu,IPQ,test_Mechanical_Engineering_116,CC,Qwen3.5,1.0,0.08333333333333333,Tech & Engineering,InternVL|Pixtral|Qwen3.5,1
mmmu,IPQ,test_Mechanical_Engineering_199,CC,InternVL,0.0,0.25,Tech & Engineering,InternVL|Pixtral|Qwen3.5,2
mmmu,IPQ,test_Mechanical_Engineering_207,MiC,Pixtral,1.0,0.08333333333333333,Tech & Engineering,InternVL|Pixtral|Qwen3.5,3
mmmu,IPQ,test_Mechanical_Engineering_309,CC,InternVL,0.0,0.25,Tech & Engineering,InternVL|Pixtral|Qwen3.5,2
mmmu,IPQ,test_Mechanical_Engineering_344,CC,InternVL,0.0,0.16666666666666666,Tech & Engineering,InternVL|Pixtral|Qwen3.5,2
mmmu,IPQ,test_Mechanical_Engineering_355,MiC,InternVL,0.0,0.5,Tech & Engineering,InternVL|Pixtral|Qwen3.5,2
mmmu,IPQ,test_Mechanical_Engineering_37,CC,Qwen3.5,0.3333333333333333,1.0,Tech & Engineering,InternVL|Pixtral|Qwen3.5,1
mmmu,IPQ,test_Mechanical_Engineering_42,CC,Pixtral,0.0,1.0,Tech & Engineering,InternVL|Pixtral|Qwen3.5,3
mmmu,IPQ,test_Mechanical_Engineering_43,CC,InternVL,0.0,0.5833333333333334,Tech & Engineering,InternVL|Pixtral|Qwen3.5,2
mmmu,IPQ,test_Mechanical_Engineering_44,CC,Qwen3.5,1.0,0.16666666666666666,Tech & Engineering,InternVL|Pixtral|Qwen3.5,1
mmmu,IPQ,test_Mechanical_Engineering_45,CC,Qwen3.5,0.0,0.0,Tech & Engineering,InternVL|Pixtral|Qwen3.5,1
mmmu,IPQ,test_Mechanical_Engineering_57,MiC,Qwen3.5,1.0,0.16666666666666666,Tech & Engineering,InternVL|Pixtral|Qwen3.5,1
mmmu,IPQ,test_Mechanical_Engineering_81,MiC,Qwen3.5,0.0,0.5833333333333334,Tech & Engineering,InternVL|Pixtral|Qwen3.5,1
mmmu,IPQ,test_Music_109,CC,Qwen3.5,0.0,0.0,Art & Design,InternVL|Pixtral|Qwen3.5,1
mmmu,IPQ,test_Music_111,CC,Pixtral,1.0,0.5833333333333334,Art & Design,InternVL|Pixtral|Qwen3.5,3
mmmu,IPQ,test_Music_118,CC,Pixtral,0.0,0.6666666666666666,Art & Design,InternVL|Pixtral|Qwen3.5,3
mmmu,IPQ,test_Music_136,MiC,Qwen3.5,1.0,0.0,Art & Design,InternVL|Pixtral|Qwen3.5,1
mmmu,IPQ,test_Music_167,MiC,Qwen3.5,1.0,0.75,Art & Design,InternVL|Pixtral|Qwen3.5,1
mmmu,IPQ,test_Music_168,MiC,Pixtral,0.0,0.5,Art & Design,InternVL|Pixtral|Qwen3.5,3
mmmu,IPQ,test_Music_172,MiC,Pixtral,1.0,0.5,Art & Design,InternVL|Pixtral|Qwen3.5,3
mmmu,IPQ,test_Music_186,CC,Qwen3.5,1.0,0.4166666666666667,Art & Design,InternVL|Pixtral|Qwen3.5,1
mmmu,IPQ,test_Music_21,MiC,Pixtral,0.0,0.5,Art & Design,InternVL|Pixtral|Qwen3.5,3
mmmu,IPQ,test_Music_244,MiC,Qwen3.5,1.0,0.5,Art & Design,InternVL|Pixtral|Qwen3.5,1
mmmu,IPQ,test_Music_245,CC,Pixtral,0.0,0.0,Art & Design,InternVL|Pixtral|Qwen3.5,3
mmmu,IPQ,test_Music_257,MiC,Qwen3.5,0.3333333333333333,0.0,Art & Design,InternVL|Pixtral|Qwen3.5,1
mmmu,IPQ,test_Music_59,MiC,InternVL,1.0,0.25,Art & Design,InternVL|Pixtral|Qwen3.5,2
mmmu,IPQ,test_Music_60,CC,InternVL,1.0,0.3333333333333333,Art & Design,InternVL|Pixtral|Qwen3.5,2
mmmu,IPQ,test_Music_76,MiC,Qwen3.5,0.0,0.0,Art & Design,InternVL|Pixtral|Qwen3.5,1
mmmu,IPQ,test_Music_78,CC,Qwen3.5,0.0,0.0,Art & Design,InternVL|Pixtral|Qwen3.5,1
mmmu,IPQ,test_Music_99,CC,InternVL,0.0,0.5,Art & Design,InternVL|Pixtral|Qwen3.5,2
mmmu,IPQ,test_Pharmacy_112,MiC,Pixtral,0.0,0.0,Health & Medicine,InternVL|Pixtral|Qwen3.5,3
mmmu,IPQ,test_Pharmacy_14,MiC,Qwen3.5,0.0,0.5,Health & Medicine,InternVL|Pixtral|Qwen3.5,1
mmmu,IPQ,test_Pharmacy_175,MiC,Qwen3.5,1.0,0.5,Health & Medicine,InternVL|Pixtral|Qwen3.5,1
mmmu,IPQ,test_Pharmacy_205,MiC,Qwen3.5,1.0,0.5,Health & Medicine,InternVL|Pixtral|Qwen3.5,1
mmmu,IPQ,test_Pharmacy_239,MiC,Qwen3.5,0.0,0.5,Health & Medicine,InternVL|Pixtral|Qwen3.5,1
mmmu,IPQ,test_Pharmacy_258,MiC,Qwen3.5,1.0,0.5,Health & Medicine,InternVL|Pixtral|Qwen3.5,1
mmmu,IPQ,test_Pharmacy_361,MiC,Qwen3.5,1.0,1.0,Health & Medicine,InternVL|Pixtral|Qwen3.5,1
mmmu,IPQ,test_Pharmacy_387,CC,InternVL,0.0,0.4166666666666667,Health & Medicine,InternVL|Pixtral|Qwen3.5,2
mmmu,IPQ,test_Pharmacy_406,CC,InternVL,0.0,0.9166666666666667,Health & Medicine,InternVL|Pixtral|Qwen3.5,2
mmmu,IPQ,test_Pharmacy_417,MiC,InternVL,0.0,0.9166666666666667,Health & Medicine,InternVL|Pixtral|Qwen3.5,2
mmmu,IPQ,test_Pharmacy_77,MiC,InternVL,0.0,0.0,Health & Medicine,InternVL|Pixtral|Qwen3.5,2
mmmu,IPQ,test_Physics_121,MiC,Qwen3.5,0.0,0.5,Science,InternVL|Pixtral|Qwen3.5,1
mmmu,IPQ,test_Physics_126,CC,Qwen3.5,0.3333333333333333,0.5,Science,InternVL|Pixtral|Qwen3.5,1
mmmu,IPQ,test_Physics_127,CC,Qwen3.5,0.0,0.0,Science,InternVL|Pixtral|Qwen3.5,1
mmmu,IPQ,test_Physics_158,MiC,Qwen3.5,0.0,0.9166666666666667,Science,InternVL|Pixtral|Qwen3.5,1
mmmu,IPQ,test_Physics_211,CC,Qwen3.5,0.3333333333333333,0.9166666666666667,Science,InternVL|Pixtral|Qwen3.5,1
mmmu,IPQ,test_Physics_245,MiC,Qwen3.5,0.0,1.0,Science,InternVL|Pixtral|Qwen3.5,1
mmmu,IPQ,test_Physics_258,CC,Qwen3.5,0.3333333333333333,0.5,Science,InternVL|Pixtral|Qwen3.5,1
mmmu,IPQ,test_Physics_271,CC,Qwen3.5,0.0,0.5,Science,InternVL|Pixtral|Qwen3.5,1
mmmu,IPQ,test_Physics_326,CC,Qwen3.5,1.0,0.5,Science,InternVL|Pixtral|Qwen3.5,1
mmmu,IPQ,test_Physics_389,CC,Qwen3.5,1.0,0.5,Science,InternVL|Pixtral|Qwen3.5,1
mmmu,IPQ,test_Physics_394,CC,InternVL,1.0,0.5,Science,InternVL|Pixtral|Qwen3.5,2
mmmu,IPQ,test_Physics_403,CC,Qwen3.5,0.3333333333333333,0.9166666666666667,Science,InternVL|Pixtral|Qwen3.5,1
mmmu,IPQ,test_Physics_87,CC,Qwen3.5,1.0,0.9166666666666667,Science,InternVL|Pixtral|Qwen3.5,1
mmmu,IPQ,test_Psychology_112,MiC,Qwen3.5,1.0,0.3333333333333333,Humanities & Social Science,InternVL|Pixtral|Qwen3.5,1
mmmu,IPQ,test_Psychology_135,MiC,Qwen3.5,1.0,0.5,Humanities & Social Science,InternVL|Pixtral|Qwen3.5,1
mmmu,IPQ,test_Psychology_138,CC,Qwen3.5,1.0,0.5,Humanities & Social Science,InternVL|Pixtral|Qwen3.5,1
mmmu,IPQ,test_Psychology_14,MiC,InternVL,0.0,0.5,Humanities & Social Science,InternVL|Pixtral|Qwen3.5,2
mmmu,IPQ,test_Psychology_282,CC,Qwen3.5,1.0,0.5833333333333334,Humanities & Social Science,InternVL|Pixtral|Qwen3.5,1
mmmu,IPQ,test_Psychology_298,CC,Pixtral,0.3333333333333333,0.5,Humanities & Social Science,InternVL|Pixtral|Qwen3.5,3
mmmu,IPQ,test_Psychology_38,CC,Pixtral,0.0,0.5,Humanities & Social Science,InternVL|Pixtral|Qwen3.5,3
mmmu,IPQ,test_Public_Health_112,CC,Pixtral,0.0,0.08333333333333333,Health & Medicine,InternVL|Pixtral|Qwen3.5,3
mmmu,IPQ,test_Public_Health_174,CC,Pixtral,0.0,0.5833333333333334,Health & Medicine,InternVL|Pixtral|Qwen3.5,3
mmmu,IPQ,test_Public_Health_190,CC,InternVL,0.0,0.5,Health & Medicine,InternVL|Pixtral|Qwen3.5,2
mmmu,IPQ,test_Public_Health_307,MiC,Qwen3.5,0.0,0.8333333333333333,Health & Medicine,InternVL|Pixtral|Qwen3.5,1
mmmu,IPQ,test_Public_Health_40,CC,Qwen3.5,0.0,0.5,Health & Medicine,InternVL|Pixtral|Qwen3.5,1
mmmu,IPQ,test_Public_Health_405,MiC,Qwen3.5,0.0,0.5,Health & Medicine,InternVL|Pixtral|Qwen3.5,1
mmmu,IPQ,test_Public_Health_442,CC,Qwen3.5,1.0,0.25,Health & Medicine,InternVL|Pixtral|Qwen3.5,1
mmmu,IPQ,test_Public_Health_491,MiC,InternVL,1.0,0.5,Health & Medicine,InternVL|Pixtral|Qwen3.5,2
mmmu,IPQ,test_Public_Health_72,MiC,InternVL,1.0,0.5,Health & Medicine,InternVL|Pixtral|Qwen3.5,2
mmmu,IPQ,test_Sociology_109,CC,InternVL,1.0,0.0,Humanities & Social Science,InternVL|Pixtral|Qwen3.5,2
mmmu,IPQ,test_Sociology_147,MiC,InternVL,0.0,0.5833333333333334,Humanities & Social Science,InternVL|Pixtral|Qwen3.5,2
mmmu,IPQ,test_Sociology_162,CC,InternVL,0.3333333333333333,0.0,Humanities & Social Science,InternVL|Pixtral|Qwen3.5,2
mmmu,IPQ,test_Sociology_166,CC,Qwen3.5,0.0,0.0,Humanities & Social Science,InternVL|Pixtral|Qwen3.5,1
mmmu,IPQ,test_Sociology_186,MiC,Qwen3.5,1.0,0.9166666666666667,Humanities & Social Science,InternVL|Pixtral|Qwen3.5,1
mmmu,IPQ,test_Sociology_206,MiC,Pixtral,1.0,0.5,Humanities & Social Science,InternVL|Pixtral|Qwen3.5,3
mmmu,IPQ,test_Sociology_215,CC,InternVL,1.0,1.0,Humanities & Social Science,InternVL|Pixtral|Qwen3.5,2
mmmu,IPQ,test_Sociology_39,CC,Qwen3.5,1.0,0.5,Humanities & Social Science,InternVL|Pixtral|Qwen3.5,1
mmmu,IPQ,test_Sociology_50,CC,Qwen3.5,1.0,0.0,Humanities & Social Science,InternVL|Pixtral|Qwen3.5,1
mmmu,IPQ,validation_Accounting_21,CC,Qwen3.5,0.0,0.5,Business,InternVL|Pixtral|Qwen3.5,1
mmmu,IPQ,validation_Agriculture_3,CC,Qwen3.5,1.0,0.0,Tech & Engineering,InternVL|Pixtral|Qwen3.5,1
mmmu,IPQ,validation_Art_20,MiC,Qwen3.5,0.0,0.25,Art & Design,InternVL|Pixtral|Qwen3.5,1
mmmu,IPQ,validation_Basic_Medical_Science_1,CC,InternVL,1.0,1.0,Health & Medicine,InternVL|Pixtral|Qwen3.5,2
mmmu,IPQ,validation_Basic_Medical_Science_23,CC,InternVL,0.0,0.0,Health & Medicine,InternVL|Pixtral|Qwen3.5,2
mmmu,IPQ,validation_Biology_14,CC,Qwen3.5,0.3333333333333333,0.08333333333333333,Science,InternVL|Pixtral|Qwen3.5,1
mmmu,IPQ,validation_Clinical_Medicine_22,MiC,Qwen3.5,1.0,0.8333333333333333,Health & Medicine,InternVL|Pixtral|Qwen3.5,1
mmmu,IPQ,validation_Clinical_Medicine_5,CC,Pixtral,0.0,0.5,Health & Medicine,InternVL|Pixtral|Qwen3.5,3
mmmu,IPQ,validation_Computer_Science_24,MiC,InternVL,0.0,0.5,Tech & Engineering,InternVL|Pixtral|Qwen3.5,2
mmmu,IPQ,validation_Design_12,MiC,InternVL,0.0,0.08333333333333333,Art & Design,InternVL|Pixtral|Qwen3.5,2
mmmu,IPQ,validation_Electronics_22,CC,InternVL,1.0,0.9166666666666667,Tech & Engineering,InternVL|Pixtral|Qwen3.5,2
mmmu,IPQ,validation_Energy_and_Power_26,CC,InternVL,1.0,0.8333333333333333,Tech & Engineering,InternVL|Pixtral|Qwen3.5,2
mmmu,IPQ,validation_Finance_9,CC,Qwen3.5,1.0,0.5,Business,InternVL|Pixtral|Qwen3.5,1
mmmu,IPQ,validation_Literature_26,MiC,InternVL,0.0,0.5,Humanities & Social Science,InternVL|Pixtral|Qwen3.5,2
mmmu,IPQ,validation_Manage_13,CC,InternVL,1.0,1.0,Business,InternVL|Pixtral|Qwen3.5,2
mmmu,IPQ,validation_Materials_5,CC,Qwen3.5,0.0,1.0,Tech & Engineering,InternVL|Pixtral|Qwen3.5,1
mmmu,IPQ,validation_Math_17,CC,Pixtral,1.0,0.0,Science,InternVL|Pixtral|Qwen3.5,3
mmmu,IPQ,validation_Math_30,MiC,Qwen3.5,0.0,0.4166666666666667,Science,InternVL|Pixtral|Qwen3.5,1
mmmu,IPQ,validation_Math_7,MiC,Pixtral,1.0,0.0,Science,InternVL|Pixtral|Qwen3.5,3
mmmu,IPQ,validation_Mechanical_Engineering_27,CC,InternVL,1.0,0.5833333333333334,Tech & Engineering,InternVL|Pixtral|Qwen3.5,2
mmmu,IPQ,validation_Music_5,MiC,Qwen3.5,1.0,0.5,Art & Design,InternVL|Pixtral|Qwen3.5,1
mmmu,IPQ,validation_Psychology_6,CC,InternVL,0.0,0.0,Humanities & Social Science,InternVL|Pixtral|Qwen3.5,2
mmmu,IPQ,validation_Sociology_1,CC,InternVL,0.0,1.0,Humanities & Social Science,InternVL|Pixtral|Qwen3.5,2
mmmu,IPQ,validation_Sociology_20,CC,Qwen3.5,0.3333333333333333,0.9166666666666667,Humanities & Social Science,InternVL|Pixtral|Qwen3.5,1
mmmu,IPQ,validation_Sociology_5,MiC,Pixtral,0.0,0.75,Humanities & Social Science,InternVL|Pixtral|Qwen3.5,3
mmmu,LPQ,dev_Chemistry_1,MiC,Qwen3.5,1.0,0.5,Science,Llama-3.2|Pixtral|Qwen3.5,1
mmmu,LPQ,dev_Diagnostics_and_Laboratory_Medicine_3,MiC,Pixtral,0.0,0.0,Health & Medicine,Llama-3.2|Pixtral|Qwen3.5,2
mmmu,LPQ,dev_Energy_and_Power_1,CC,Qwen3.5,1.0,1.0,Tech & Engineering,Llama-3.2|Pixtral|Qwen3.5,1
mmmu,LPQ,dev_Public_Health_3,MiC,Qwen3.5,0.0,0.4166666666666667,Health & Medicine,Llama-3.2|Pixtral|Qwen3.5,1
mmmu,LPQ,test_Accounting_110,CC,Qwen3.5,0.3333333333333333,0.6666666666666666,Business,Llama-3.2|Pixtral|Qwen3.5,1
mmmu,LPQ,test_Accounting_169,CC,Qwen3.5,1.0,0.8333333333333333,Business,Llama-3.2|Pixtral|Qwen3.5,1
mmmu,LPQ,test_Accounting_196,CC,Qwen3.5,0.3333333333333333,1.0,Business,Llama-3.2|Pixtral|Qwen3.5,1
mmmu,LPQ,test_Accounting_203,CC,Llama-3.2,1.0,0.5,Business,Llama-3.2|Pixtral|Qwen3.5,3
mmmu,LPQ,test_Accounting_21,CC,Qwen3.5,1.0,1.0,Business,Llama-3.2|Pixtral|Qwen3.5,1
mmmu,LPQ,test_Accounting_355,MiC,Qwen3.5,1.0,0.75,Business,Llama-3.2|Pixtral|Qwen3.5,1
mmmu,LPQ,test_Accounting_357,CC,Qwen3.5,0.0,1.0,Business,Llama-3.2|Pixtral|Qwen3.5,1
mmmu,LPQ,test_Accounting_360,CC,Qwen3.5,1.0,0.5833333333333334,Business,Llama-3.2|Pixtral|Qwen3.5,1
mmmu,LPQ,test_Accounting_370,CC,Pixtral,1.0,0.0,Business,Llama-3.2|Pixtral|Qwen3.5,2
mmmu,LPQ,test_Accounting_39,MiC,Qwen3.5,1.0,0.5,Business,Llama-3.2|Pixtral|Qwen3.5,1
mmmu,LPQ,test_Accounting_49,MiC,Qwen3.5,1.0,0.8333333333333333,Business,Llama-3.2|Pixtral|Qwen3.5,1
mmmu,LPQ,test_Accounting_8,CC,Qwen3.5,0.0,0.9166666666666667,Business,Llama-3.2|Pixtral|Qwen3.5,1
mmmu,LPQ,test_Accounting_84,MiC,Qwen3.5,0.0,0.08333333333333333,Business,Llama-3.2|Pixtral|Qwen3.5,1
mmmu,LPQ,test_Agriculture_111,CC,Pixtral,0.0,0.5833333333333334,Tech & Engineering,Llama-3.2|Pixtral|Qwen3.5,2
mmmu,LPQ,test_Agriculture_161,CC,Qwen3.5,1.0,1.0,Tech & Engineering,Llama-3.2|Pixtral|Qwen3.5,1
mmmu,LPQ,test_Agriculture_171,MiC,Qwen3.5,0.0,1.0,Tech & Engineering,Llama-3.2|Pixtral|Qwen3.5,1
mmmu,LPQ,test_Agriculture_179,MiC,Qwen3.5,0.0,0.5833333333333333,Tech & Engineering,Llama-3.2|Pixtral|Qwen3.5,1
mmmu,LPQ,test_Agriculture_194,CC,Llama-3.2,1.0,0.0,Tech & Engineering,Llama-3.2|Pixtral|Qwen3.5,3
mmmu,LPQ,test_Agriculture_198,CC,Qwen3.5,0.0,0.0,Tech & Engineering,Llama-3.2|Pixtral|Qwen3.5,1
mmmu,LPQ,test_Agriculture_228,CC,Qwen3.5,0.0,0.3333333333333333,Tech & Engineering,Llama-3.2|Pixtral|Qwen3.5,1
mmmu,LPQ,test_Agriculture_268,CC,Pixtral,0.3333333333333333,0.5,Tech & Engineering,Llama-3.2|Pixtral|Qwen3.5,2
mmmu,LPQ,test_Agriculture_30,CC,Qwen3.5,1.0,0.0,Tech & Engineering,Llama-3.2|Pixtral|Qwen3.5,1
mmmu,LPQ,test_Agriculture_50,CC,Qwen3.5,0.0,0.0,Tech & Engineering,Llama-3.2|Pixtral|Qwen3.5,1
mmmu,LPQ,test_Agriculture_52,MiC,Pixtral,0.0,0.0,Tech & Engineering,Llama-3.2|Pixtral|Qwen3.5,2
mmmu,LPQ,test_Architecture_and_Engineering_114,MiC,Qwen3.5,1.0,0.9166666666666667,Tech & Engineering,Llama-3.2|Pixtral|Qwen3.5,1
mmmu,LPQ,test_Architecture_and_Engineering_115,CC,Qwen3.5,0.0,0.5,Tech & Engineering,Llama-3.2|Pixtral|Qwen3.5,1
mmmu,LPQ,test_Architecture_and_Engineering_284,CC,Qwen3.5,1.0,0.5,Tech & Engineering,Llama-3.2|Pixtral|Qwen3.5,1
mmmu,LPQ,test_Architecture_and_Engineering_342,CC,Qwen3.5,1.0,1.0,Tech & Engineering,Llama-3.2|Pixtral|Qwen3.5,1
mmmu,LPQ,test_Architecture_and_Engineering_368,CC,Qwen3.5,0.0,0.75,Tech & Engineering,Llama-3.2|Pixtral|Qwen3.5,1
mmmu,LPQ,test_Architecture_and_Engineering_387,MiC,Qwen3.5,1.0,0.5,Tech & Engineering,Llama-3.2|Pixtral|Qwen3.5,1
mmmu,LPQ,test_Architecture_and_Engineering_422,CC,Llama-3.2,0.0,0.3333333333333333,Tech & Engineering,Llama-3.2|Pixtral|Qwen3.5,3
mmmu,LPQ,test_Architecture_and_Engineering_457,CC,Qwen3.5,1.0,0.9166666666666667,Tech & Engineering,Llama-3.2|Pixtral|Qwen3.5,1
mmmu,LPQ,test_Architecture_and_Engineering_458,MiC,Qwen3.5,0.0,0.5833333333333334,Tech & Engineering,Llama-3.2|Pixtral|Qwen3.5,1
mmmu,LPQ,test_Architecture_and_Engineering_460,CC,Llama-3.2,0.0,0.16666666666666666,Tech & Engineering,Llama-3.2|Pixtral|Qwen3.5,3
mmmu,LPQ,test_Architecture_and_Engineering_49,CC,Pixtral,1.0,0.75,Tech & Engineering,Llama-3.2|Pixtral|Qwen3.5,2
mmmu,LPQ,test_Architecture_and_Engineering_52,CC,Pixtral,1.0,0.0,Tech & Engineering,Llama-3.2|Pixtral|Qwen3.5,2
mmmu,LPQ,test_Architecture_and_Engineering_533,MiC,Llama-3.2,0.0,0.0,Tech & Engineering,Llama-3.2|Pixtral|Qwen3.5,3
mmmu,LPQ,test_Architecture_and_Engineering_537,CC,Pixtral,1.0,1.0,Tech & Engineering,Llama-3.2|Pixtral|Qwen3.5,2
mmmu,LPQ,test_Architecture_and_Engineering_551,MiC,Llama-3.2,0.0,0.3333333333333333,Tech & Engineering,Llama-3.2|Pixtral|Qwen3.5,3
mmmu,LPQ,test_Architecture_and_Engineering_57,CC,Pixtral,1.0,0.0,Tech & Engineering,Llama-3.2|Pixtral|Qwen3.5,2
mmmu,LPQ,test_Art_105,MiC,Pixtral,0.0,0.0,Art & Design,Llama-3.2|Pixtral|Qwen3.5,2
mmmu,LPQ,test_Art_166,CC,Qwen3.5,1.0,0.08333333333333333,Art & Design,Llama-3.2|Pixtral|Qwen3.5,1
mmmu,LPQ,test_Art_176,MiC,Llama-3.2,0.0,0.0,Art & Design,Llama-3.2|Pixtral|Qwen3.5,3
mmmu,LPQ,test_Art_84,CC,Qwen3.5,0.0,1.0,Art & Design,Llama-3.2|Pixtral|Qwen3.5,1
mmmu,LPQ,test_Art_Theory_262,MiC,Llama-3.2,0.0,1.0,Art & Design,Llama-3.2|Pixtral|Qwen3.5,3
mmmu,LPQ,test_Art_Theory_275,CC,Qwen3.5,0.0,0.5,Art & Design,Llama-3.2|Pixtral|Qwen3.5,1
mmmu,LPQ,test_Art_Theory_346,CC,Pixtral,1.0,1.0,Art & Design,Llama-3.2|Pixtral|Qwen3.5,2
mmmu,LPQ,test_Art_Theory_427,MiC,Llama-3.2,0.3333333333333333,0.5,Art & Design,Llama-3.2|Pixtral|Qwen3.5,3
mmmu,LPQ,test_Basic_Medical_Science_124,CC,Qwen3.5,1.0,1.0,Health & Medicine,Llama-3.2|Pixtral|Qwen3.5,1
mmmu,LPQ,test_Basic_Medical_Science_184,CC,Qwen3.5,1.0,1.0,Health & Medicine,Llama-3.2|Pixtral|Qwen3.5,1
mmmu,LPQ,test_Basic_Medical_Science_206,CC,Llama-3.2,0.0,0.16666666666666666,Health & Medicine,Llama-3.2|Pixtral|Qwen3.5,3
mmmu,LPQ,test_Basic_Medical_Science_216,MiC,Pixtral,0.0,0.5,Health & Medicine,Llama-3.2|Pixtral|Qwen3.5,2
mmmu,LPQ,test_Basic_Medical_Science_23,MiC,Llama-3.2,1.0,0.0,Health & Medicine,Llama-3.2|Pixtral|Qwen3.5,3
mmmu,LPQ,test_Basic_Medical_Science_24,CC,Llama-3.2,0.0,0.0,Health & Medicine,Llama-3.2|Pixtral|Qwen3.5,3
mmmu,LPQ,test_Basic_Medical_Science_278,MiC,Pixtral,1.0,0.3333333333333333,Health & Medicine,Llama-3.2|Pixtral|Qwen3.5,2
mmmu,LPQ,test_Basic_Medical_Science_78,MiC,Qwen3.5,0.0,0.5,Health & Medicine,Llama-3.2|Pixtral|Qwen3.5,1
mmmu,LPQ,test_Basic_Medical_Science_79,MiC,Pixtral,0.0,0.0,Health & Medicine,Llama-3.2|Pixtral|Qwen3.5,2
mmmu,LPQ,test_Basic_Medical_Science_89,CC,Qwen3.5,1.0,1.0,Health & Medicine,Llama-3.2|Pixtral|Qwen3.5,1
mmmu,LPQ,test_Biology_110,MiC,Qwen3.5,0.0,0.4166666666666667,Science,Llama-3.2|Pixtral|Qwen3.5,1
mmmu,LPQ,test_Biology_119,CC,Pixtral,0.0,0.0,Science,Llama-3.2|Pixtral|Qwen3.5,2
mmmu,LPQ,test_Biology_145,CC,Qwen3.5,0.3333333333333333,0.75,Science,Llama-3.2|Pixtral|Qwen3.5,1
mmmu,LPQ,test_Biology_235,MiC,Qwen3.5,0.0,1.0,Science,Llama-3.2|Pixtral|Qwen3.5,1
mmmu,LPQ,test_Biology_255,MiC,Qwen3.5,1.0,0.9166666666666667,Science,Llama-3.2|Pixtral|Qwen3.5,1
mmmu,LPQ,test_Biology_256,CC,Qwen3.5,1.0,0.41666666666666663,Science,Llama-3.2|Pixtral|Qwen3.5,1
mmmu,LPQ,test_Biology_287,CC,Qwen3.5,0.0,0.4166666666666667,Science,Llama-3.2|Pixtral|Qwen3.5,1
mmmu,LPQ,test_Biology_301,CC,Qwen3.5,0.0,0.3333333333333333,Science,Llama-3.2|Pixtral|Qwen3.5,1
mmmu,LPQ,test_Biology_305,MiC,Qwen3.5,1.0,0.16666666666666666,Science,Llama-3.2|Pixtral|Qwen3.5,1
mmmu,LPQ,test_Biology_337,CC,Llama-3.2,0.0,0.0,Science,Llama-3.2|Pixtral|Qwen3.5,3
mmmu,LPQ,test_Biology_73,MiC,Qwen3.5,1.0,0.0,Science,Llama-3.2|Pixtral|Qwen3.5,1
mmmu,LPQ,test_Chemistry_100,CC,Qwen3.5,0.0,0.08333333333333333,Science,Llama-3.2|Pixtral|Qwen3.5,1
mmmu,LPQ,test_Chemistry_130,CC,Qwen3.5,0.3333333333333333,0.6666666666666666,Science,Llama-3.2|Pixtral|Qwen3.5,1
mmmu,LPQ,test_Chemistry_145,MiC,Qwen3.5,1.0,1.0,Science,Llama-3.2|Pixtral|Qwen3.5,1
mmmu,LPQ,test_Chemistry_163,MiC,Qwen3.5,0.3333333333333333,0.5,Science,Llama-3.2|Pixtral|Qwen3.5,1
mmmu,LPQ,test_Chemistry_183,CC,Qwen3.5,0.0,0.75,Science,Llama-3.2|Pixtral|Qwen3.5,1
mmmu,LPQ,test_Chemistry_21,CC,Qwen3.5,0.0,0.08333333333333333,Science,Llama-3.2|Pixtral|Qwen3.5,1
mmmu,LPQ,test_Chemistry_22,MiC,Qwen3.5,0.0,0.8333333333333333,Science,Llama-3.2|Pixtral|Qwen3.5,1
mmmu,LPQ,test_Chemistry_245,CC,Pixtral,0.0,0.4166666666666667,Science,Llama-3.2|Pixtral|Qwen3.5,2
mmmu,LPQ,test_Chemistry_309,CC,Qwen3.5,1.0,0.5,Science,Llama-3.2|Pixtral|Qwen3.5,1
mmmu,LPQ,test_Chemistry_34,CC,Pixtral,1.0,0.6666666666666667,Science,Llama-3.2|Pixtral|Qwen3.5,2
mmmu,LPQ,test_Chemistry_38,MiC,Qwen3.5,1.0,0.8333333333333333,Science,Llama-3.2|Pixtral|Qwen3.5,1
mmmu,LPQ,test_Chemistry_380,MiC,Qwen3.5,0.0,1.0,Science,Llama-3.2|Pixtral|Qwen3.5,1
mmmu,LPQ,test_Chemistry_401,MiC,Llama-3.2,0.0,0.5,Science,Llama-3.2|Pixtral|Qwen3.5,3
mmmu,LPQ,test_Chemistry_425,CC,Qwen3.5,0.0,1.0,Science,Llama-3.2|Pixtral|Qwen3.5,1
mmmu,LPQ,test_Chemistry_445,CC,Qwen3.5,1.0,0.5,Science,Llama-3.2|Pixtral|Qwen3.5,1
mmmu,LPQ,test_Chemistry_558,MiC,Qwen3.5,1.0,0.9166666666666667,Science,Llama-3.2|Pixtral|Qwen3.5,1
mmmu,LPQ,test_Chemistry_571,CC,Pixtral,1.0,1.0,Science,Llama-3.2|Pixtral|Qwen3.5,2
mmmu,LPQ,test_Chemistry_63,CC,Qwen3.5,1.0,0.08333333333333333,Science,Llama-3.2|Pixtral|Qwen3.5,1
mmmu,LPQ,test_Chemistry_66,CC,Qwen3.5,0.0,0.75,Science,Llama-3.2|Pixtral|Qwen3.5,1
mmmu,LPQ,test_Chemistry_9,CC,Qwen3.5,0.0,0.5,Science,Llama-3.2|Pixtral|Qwen3.5,1
mmmu,LPQ,test_Chemistry_95,MiC,Qwen3.5,1.0,1.0,Science,Llama-3.2|Pixtral|Qwen3.5,1
mmmu,LPQ,test_Clinical_Medicine_12,CC,Pixtral,1.0,0.5,Health & Medicine,Llama-3.2|Pixtral|Qwen3.5,2
mmmu,LPQ,test_Clinical_Medicine_131,CC,Llama-3.2,0.0,0.0,Health & Medicine,Llama-3.2|Pixtral|Qwen3.5,3
mmmu,LPQ,test_Clinical_Medicine_173,MiC,Qwen3.5,1.0,0.4166666666666667,Health & Medicine,Llama-3.2|Pixtral|Qwen3.5,1
mmmu,LPQ,test_Clinical_Medicine_182,MiC,Qwen3.5,1.0,1.0,Health & Medicine,Llama-3.2|Pixtral|Qwen3.5,1
mmmu,LPQ,test_Clinical_Medicine_229,CC,Llama-3.2,0.0,0.5,Health & Medicine,Llama-3.2|Pixtral|Qwen3.5,3
mmmu,LPQ,test_Clinical_Medicine_23,MiC,Qwen3.5,1.0,1.0,Health & Medicine,Llama-3.2|Pixtral|Qwen3.5,1
mmmu,LPQ,test_Clinical_Medicine_242,CC,Pixtral,0.0,0.5,Health & Medicine,Llama-3.2|Pixtral|Qwen3.5,2
mmmu,LPQ,test_Clinical_Medicine_271,MiC,Llama-3.2,0.0,0.0,Health & Medicine,Llama-3.2|Pixtral|Qwen3.5,3
mmmu,LPQ,test_Clinical_Medicine_42,CC,Pixtral,0.0,0.9166666666666667,Health & Medicine,Llama-3.2|Pixtral|Qwen3.5,2
mmmu,LPQ,test_Clinical_Medicine_83,CC,Llama-3.2,0.0,1.0,Health & Medicine,Llama-3.2|Pixtral|Qwen3.5,3
mmmu,LPQ,test_Clinical_Medicine_9,CC,Qwen3.5,1.0,0.9166666666666667,Health & Medicine,Llama-3.2|Pixtral|Qwen3.5,1
mmmu,LPQ,test_Computer_Science_103,CC,Qwen3.5,1.0,0.5,Tech & Engineering,Llama-3.2|Pixtral|Qwen3.5,1
mmmu,LPQ,test_Computer_Science_110,MiC,Qwen3.5,1.0,0.5,Tech & Engineering,Llama-3.2|Pixtral|Qwen3.5,1
mmmu,LPQ,test_Computer_Science_195,CC,Pixtral,0.0,0.4166666666666667,Tech & Engineering,Llama-3.2|Pixtral|Qwen3.5,2
mmmu,LPQ,test_Computer_Science_211,MiC,Qwen3.5,0.0,1.0,Tech & Engineering,Llama-3.2|Pixtral|Qwen3.5,1
mmmu,LPQ,test_Computer_Science_220,CC,Qwen3.5,0.0,0.5,Tech & Engineering,Llama-3.2|Pixtral|Qwen3.5,1
mmmu,LPQ,test_Computer_Science_23,CC,Llama-3.2,0.0,0.3333333333333333,Tech & Engineering,Llama-3.2|Pixtral|Qwen3.5,3
mmmu,LPQ,test_Computer_Science_268,MiC,Qwen3.5,0.0,1.0,Tech & Engineering,Llama-3.2|Pixtral|Qwen3.5,1
mmmu,LPQ,test_Computer_Science_294,MiC,Qwen3.5,0.0,0.25,Tech & Engineering,Llama-3.2|Pixtral|Qwen3.5,1
mmmu,LPQ,test_Computer_Science_321,CC,Qwen3.5,0.0,0.41666666666666663,Tech & Engineering,Llama-3.2|Pixtral|Qwen3.5,1
mmmu,LPQ,test_Computer_Science_367,MiC,Qwen3.5,0.0,0.8333333333333333,Tech & Engineering,Llama-3.2|Pixtral|Qwen3.5,1
mmmu,LPQ,test_Computer_Science_4,CC,Qwen3.5,1.0,0.8333333333333333,Tech & Engineering,Llama-3.2|Pixtral|Qwen3.5,1
mmmu,LPQ,test_Computer_Science_60,CC,Pixtral,0.0,0.3333333333333333,Tech & Engineering,Llama-3.2|Pixtral|Qwen3.5,2
mmmu,LPQ,test_Computer_Science_62,MiC,Llama-3.2,0.0,0.08333333333333333,Tech & Engineering,Llama-3.2|Pixtral|Qwen3.5,3
mmmu,LPQ,test_Computer_Science_69,CC,Qwen3.5,1.0,1.0,Tech & Engineering,Llama-3.2|Pixtral|Qwen3.5,1
mmmu,LPQ,test_Design_117,MiC,Qwen3.5,0.0,0.5,Art & Design,Llama-3.2|Pixtral|Qwen3.5,1
mmmu,LPQ,test_Design_35,CC,Qwen3.5,1.0,1.0,Art & Design,Llama-3.2|Pixtral|Qwen3.5,1
mmmu,LPQ,test_Design_44,MiC,Qwen3.5,0.0,0.3333333333333333,Art & Design,Llama-3.2|Pixtral|Qwen3.5,1
mmmu,LPQ,test_Diagnostics_and_Laboratory_Medicine_101,MiC,Qwen3.5,1.0,0.5,Health & Medicine,Llama-3.2|Pixtral|Qwen3.5,1
mmmu,LPQ,test_Diagnostics_and_Laboratory_Medicine_103,MiC,Pixtral,1.0,0.0,Health & Medicine,Llama-3.2|Pixtral|Qwen3.5,2
mmmu,LPQ,test_Diagnostics_and_Laboratory_Medicine_106,MiC,Llama-3.2,0.0,0.5,Health & Medicine,Llama-3.2|Pixtral|Qwen3.5,3
mmmu,LPQ,test_Diagnostics_and_Laboratory_Medicine_11,MiC,Llama-3.2,0.0,0.0,Health & Medicine,Llama-3.2|Pixtral|Qwen3.5,3
mmmu,LPQ,test_Diagnostics_and_Laboratory_Medicine_121,CC,Llama-3.2,0.0,0.5,Health & Medicine,Llama-3.2|Pixtral|Qwen3.5,3
mmmu,LPQ,test_Diagnostics_and_Laboratory_Medicine_14,MiC,Pixtral,0.0,0.16666666666666666,Health & Medicine,Llama-3.2|Pixtral|Qwen3.5,2
mmmu,LPQ,test_Diagnostics_and_Laboratory_Medicine_140,MiC,Qwen3.5,0.0,0.3333333333333333,Health & Medicine,Llama-3.2|Pixtral|Qwen3.5,1
mmmu,LPQ,test_Diagnostics_and_Laboratory_Medicine_154,MiC,Llama-3.2,0.0,0.0,Health & Medicine,Llama-3.2|Pixtral|Qwen3.5,3
mmmu,LPQ,test_Diagnostics_and_Laboratory_Medicine_28,MiC,Qwen3.5,1.0,0.5,Health & Medicine,Llama-3.2|Pixtral|Qwen3.5,1
mmmu,LPQ,test_Diagnostics_and_Laboratory_Medicine_41,CC,Llama-3.2,1.0,0.5,Health & Medicine,Llama-3.2|Pixtral|Qwen3.5,3
mmmu,LPQ,test_Diagnostics_and_Laboratory_Medicine_42,MiC,Pixtral,0.0,0.0,Health & Medicine,Llama-3.2|Pixtral|Qwen3.5,2
mmmu,LPQ,test_Diagnostics_and_Laboratory_Medicine_83,MiC,Qwen3.5,1.0,0.6666666666666666,Health & Medicine,Llama-3.2|Pixtral|Qwen3.5,1
mmmu,LPQ,test_Diagnostics_and_Laboratory_Medicine_91,MiC,Qwen3.5,0.0,0.9166666666666667,Health & Medicine,Llama-3.2|Pixtral|Qwen3.5,1
mmmu,LPQ,test_Diagnostics_and_Laboratory_Medicine_95,MiC,Pixtral,1.0,0.16666666666666666,Health & Medicine,Llama-3.2|Pixtral|Qwen3.5,2
mmmu,LPQ,test_Diagnostics_and_Laboratory_Medicine_97,CC,Llama-3.2,0.0,0.0,Health & Medicine,Llama-3.2|Pixtral|Qwen3.5,3
mmmu,LPQ,test_Economics_11,CC,Pixtral,1.0,0.75,Business,Llama-3.2|Pixtral|Qwen3.5,2
mmmu,LPQ,test_Economics_130,MiC,Qwen3.5,1.0,1.0,Business,Llama-3.2|Pixtral|Qwen3.5,1
mmmu,LPQ,test_Economics_179,CC,Qwen3.5,0.3333333333333333,0.8333333333333333,Business,Llama-3.2|Pixtral|Qwen3.5,1
mmmu,LPQ,test_Economics_195,MiC,Qwen3.5,0.3333333333333333,0.4166666666666667,Business,Llama-3.2|Pixtral|Qwen3.5,1
mmmu,LPQ,test_Economics_224,MiC,Qwen3.5,1.0,0.9166666666666667,Business,Llama-3.2|Pixtral|Qwen3.5,1
mmmu,LPQ,test_Economics_249,CC,Qwen3.5,1.0,0.5,Business,Llama-3.2|Pixtral|Qwen3.5,1
mmmu,LPQ,test_Economics_254,MiC,Qwen3.5,1.0,0.8333333333333333,Business,Llama-3.2|Pixtral|Qwen3.5,1
mmmu,LPQ,test_Economics_42,MiC,Qwen3.5,1.0,1.0,Business,Llama-3.2|Pixtral|Qwen3.5,1
mmmu,LPQ,test_Electronics_122,CC,Qwen3.5,1.0,1.0,Tech & Engineering,Llama-3.2|Pixtral|Qwen3.5,1
mmmu,LPQ,test_Electronics_123,MiC,Qwen3.5,0.0,0.5,Tech & Engineering,Llama-3.2|Pixtral|Qwen3.5,1
mmmu,LPQ,test_Electronics_14,CC,Llama-3.2,0.0,0.75,Tech & Engineering,Llama-3.2|Pixtral|Qwen3.5,3
mmmu,LPQ,test_Electronics_179,CC,Qwen3.5,1.0,0.5833333333333333,Tech & Engineering,Llama-3.2|Pixtral|Qwen3.5,1
mmmu,LPQ,test_Electronics_19,MiC,Qwen3.5,1.0,0.9166666666666667,Tech & Engineering,Llama-3.2|Pixtral|Qwen3.5,1
mmmu,LPQ,test_Electronics_2,MiC,Qwen3.5,1.0,1.0,Tech & Engineering,Llama-3.2|Pixtral|Qwen3.5,1
mmmu,LPQ,test_Electronics_213,CC,Qwen3.5,1.0,0.5,Tech & Engineering,Llama-3.2|Pixtral|Qwen3.5,1
mmmu,LPQ,test_Electronics_235,CC,Qwen3.5,1.0,0.6666666666666666,Tech & Engineering,Llama-3.2|Pixtral|Qwen3.5,1
mmmu,LPQ,test_Electronics_29,MiC,Qwen3.5,0.0,0.6666666666666666,Tech & Engineering,Llama-3.2|Pixtral|Qwen3.5,1
mmmu,LPQ,test_Electronics_30,MiC,Qwen3.5,0.0,0.16666666666666666,Tech & Engineering,Llama-3.2|Pixtral|Qwen3.5,1
mmmu,LPQ,test_Electronics_35,CC,Qwen3.5,1.0,0.8333333333333333,Tech & Engineering,Llama-3.2|Pixtral|Qwen3.5,1
mmmu,LPQ,test_Electronics_49,CC,Llama-3.2,1.0,0.41666666666666663,Tech & Engineering,Llama-3.2|Pixtral|Qwen3.5,3
mmmu,LPQ,test_Electronics_55,CC,Qwen3.5,0.0,0.8333333333333333,Tech & Engineering,Llama-3.2|Pixtral|Qwen3.5,1
mmmu,LPQ,test_Electronics_67,MiC,Qwen3.5,0.0,0.75,Tech & Engineering,Llama-3.2|Pixtral|Qwen3.5,1
mmmu,LPQ,test_Electronics_93,CC,Qwen3.5,0.0,0.9166666666666667,Tech & Engineering,Llama-3.2|Pixtral|Qwen3.5,1
mmmu,LPQ,test_Electronics_97,CC,Llama-3.2,0.3333333333333333,0.0,Tech & Engineering,Llama-3.2|Pixtral|Qwen3.5,3
mmmu,LPQ,test_Energy_and_Power_125,MiC,Pixtral,1.0,0.6666666666666666,Tech & Engineering,Llama-3.2|Pixtral|Qwen3.5,2
mmmu,LPQ,test_Energy_and_Power_139,MiC,Qwen3.5,1.0,1.0,Tech & Engineering,Llama-3.2|Pixtral|Qwen3.5,1
mmmu,LPQ,test_Energy_and_Power_209,MiC,Pixtral,1.0,1.0,Tech & Engineering,Llama-3.2|Pixtral|Qwen3.5,2
mmmu,LPQ,test_Energy_and_Power_234,CC,Qwen3.5,1.0,0.5833333333333334,Tech & Engineering,Llama-3.2|Pixtral|Qwen3.5,1
mmmu,LPQ,test_Energy_and_Power_24,CC,Pixtral,1.0,0.25,Tech & Engineering,Llama-3.2|Pixtral|Qwen3.5,2
mmmu,LPQ,test_Energy_and_Power_266,MiC,Pixtral,0.0,0.41666666666666663,Tech & Engineering,Llama-3.2|Pixtral|Qwen3.5,2
mmmu,LPQ,test_Energy_and_Power_277,CC,Llama-3.2,1.0,0.6666666666666667,Tech & Engineering,Llama-3.2|Pixtral|Qwen3.5,3
mmmu,LPQ,test_Energy_and_Power_293,MiC,Qwen3.5,1.0,0.5,Tech & Engineering,Llama-3.2|Pixtral|Qwen3.5,1
mmmu,LPQ,test_Energy_and_Power_295,MiC,Pixtral,0.0,0.5,Tech & Engineering,Llama-3.2|Pixtral|Qwen3.5,2
mmmu,LPQ,test_Energy_and_Power_304,CC,Qwen3.5,1.0,1.0,Tech & Engineering,Llama-3.2|Pixtral|Qwen3.5,1
mmmu,LPQ,test_Energy_and_Power_39,CC,Pixtral,1.0,0.75,Tech & Engineering,Llama-3.2|Pixtral|Qwen3.5,2
mmmu,LPQ,test_Energy_and_Power_397,MiC,Qwen3.5,0.0,0.0,Tech & Engineering,Llama-3.2|Pixtral|Qwen3.5,1
mmmu,LPQ,test_Energy_and_Power_409,MiC,Qwen3.5,0.0,1.0,Tech & Engineering,Llama-3.2|Pixtral|Qwen3.5,1
mmmu,LPQ,test_Energy_and_Power_420,CC,Llama-3.2,1.0,1.0,Tech & Engineering,Llama-3.2|Pixtral|Qwen3.5,3
mmmu,LPQ,test_Energy_and_Power_48,MiC,Qwen3.5,1.0,0.8333333333333333,Tech & Engineering,Llama-3.2|Pixtral|Qwen3.5,1
mmmu,LPQ,test_Finance_1,CC,Qwen3.5,1.0,0.6666666666666666,Business,Llama-3.2|Pixtral|Qwen3.5,1
mmmu,LPQ,test_Finance_154,CC,Llama-3.2,0.0,0.0,Business,Llama-3.2|Pixtral|Qwen3.5,3
mmmu,LPQ,test_Finance_177,MiC,Qwen3.5,1.0,0.4166666666666667,Business,Llama-3.2|Pixtral|Qwen3.5,1
mmmu,LPQ,test_Finance_192,CC,Qwen3.5,1.0,1.0,Business,Llama-3.2|Pixtral|Qwen3.5,1
mmmu,LPQ,test_Finance_193,MiC,Qwen3.5,0.0,0.6666666666666666,Business,Llama-3.2|Pixtral|Qwen3.5,1
mmmu,LPQ,test_Finance_245,CC,Qwen3.5,1.0,0.5,Business,Llama-3.2|Pixtral|Qwen3.5,1
mmmu,LPQ,test_Finance_25,MiC,Qwen3.5,1.0,1.0,Business,Llama-3.2|Pixtral|Qwen3.5,1
mmmu,LPQ,test_Finance_264,CC,Qwen3.5,0.0,0.5833333333333334,Business,Llama-3.2|Pixtral|Qwen3.5,1
mmmu,LPQ,test_Finance_276,MiC,Llama-3.2,0.0,0.4166666666666667,Business,Llama-3.2|Pixtral|Qwen3.5,3
mmmu,LPQ,test_Finance_346,CC,Qwen3.5,0.3333333333333333,1.0,Business,Llama-3.2|Pixtral|Qwen3.5,1
mmmu,LPQ,test_Finance_60,CC,Qwen3.5,1.0,0.8333333333333333,Business,Llama-3.2|Pixtral|Qwen3.5,1
mmmu,LPQ,test_Finance_62,MiC,Qwen3.5,1.0,1.0,Business,Llama-3.2|Pixtral|Qwen3.5,1
mmmu,LPQ,test_Finance_68,CC,Qwen3.5,1.0,0.75,Business,Llama-3.2|Pixtral|Qwen3.5,1
mmmu,LPQ,test_Geography_150,CC,Qwen3.5,1.0,0.9166666666666667,Science,Llama-3.2|Pixtral|Qwen3.5,1
mmmu,LPQ,test_Geography_216,MiC,Llama-3.2,0.0,0.5,Science,Llama-3.2|Pixtral|Qwen3.5,3
mmmu,LPQ,test_Geography_30,MiC,Qwen3.5,0.0,0.75,Science,Llama-3.2|Pixtral|Qwen3.5,1
mmmu,LPQ,test_Geography_319,MiC,Pixtral,0.0,0.0,Science,Llama-3.2|Pixtral|Qwen3.5,2
mmmu,LPQ,test_Geography_376,CC,Qwen3.5,0.0,0.3333333333333333,Science,Llama-3.2|Pixtral|Qwen3.5,1
mmmu,LPQ,test_Geography_404,MiC,Qwen3.5,0.0,1.0,Science,Llama-3.2|Pixtral|Qwen3.5,1
mmmu,LPQ,test_Geography_434,MiC,Qwen3.5,1.0,0.75,Science,Llama-3.2|Pixtral|Qwen3.5,1
mmmu,LPQ,test_Geography_442,MiC,Qwen3.5,1.0,0.5,Science,Llama-3.2|Pixtral|Qwen3.5,1
mmmu,LPQ,test_Geography_444,CC,Pixtral,0.0,0.5833333333333334,Science,Llama-3.2|Pixtral|Qwen3.5,2
mmmu,LPQ,test_Geography_483,MiC,Llama-3.2,0.0,0.0,Science,Llama-3.2|Pixtral|Qwen3.5,3
mmmu,LPQ,test_Geography_512,CC,Llama-3.2,1.0,1.0,Science,Llama-3.2|Pixtral|Qwen3.5,3
mmmu,LPQ,test_Geography_514,CC,Llama-3.2,0.0,0.0,Science,Llama-3.2|Pixtral|Qwen3.5,3
mmmu,LPQ,test_Geography_561,MiC,Qwen3.5,0.3333333333333333,0.25,Science,Llama-3.2|Pixtral|Qwen3.5,1
mmmu,LPQ,test_Geography_58,MiC,Qwen3.5,0.0,0.0,Science,Llama-3.2|Pixtral|Qwen3.5,1
mmmu,LPQ,test_Geography_66,CC,Qwen3.5,1.0,0.75,Science,Llama-3.2|Pixtral|Qwen3.5,1
mmmu,LPQ,test_History_130,CC,Qwen3.5,0.0,1.0,Humanities & Social Science,Llama-3.2|Pixtral|Qwen3.5,1
mmmu,LPQ,test_History_150,MiC,Qwen3.5,1.0,0.5833333333333334,Humanities & Social Science,Llama-3.2|Pixtral|Qwen3.5,1
mmmu,LPQ,test_History_209,MiC,Pixtral,0.0,0.0,Humanities & Social Science,Llama-3.2|Pixtral|Qwen3.5,2
mmmu,LPQ,test_History_210,CC,Qwen3.5,1.0,1.0,Humanities & Social Science,Llama-3.2|Pixtral|Qwen3.5,1
mmmu,LPQ,test_History_211,CC,Qwen3.5,1.0,0.5,Humanities & Social Science,Llama-3.2|Pixtral|Qwen3.5,1
mmmu,LPQ,test_History_99,CC,Qwen3.5,1.0,1.0,Humanities & Social Science,Llama-3.2|Pixtral|Qwen3.5,1
mmmu,LPQ,test_Literature_66,MiC,Pixtral,0.0,1.0,Humanities & Social Science,Llama-3.2|Pixtral|Qwen3.5,2
mmmu,LPQ,test_Literature_85,MiC,Llama-3.2,1.0,0.5,Humanities & Social Science,Llama-3.2|Pixtral|Qwen3.5,3
mmmu,LPQ,test_Manage_100,MiC,Qwen3.5,0.0,1.0,Business,Llama-3.2|Pixtral|Qwen3.5,1
mmmu,LPQ,test_Manage_115,CC,Qwen3.5,1.0,0.5,Business,Llama-3.2|Pixtral|Qwen3.5,1
mmmu,LPQ,test_Manage_126,MiC,Llama-3.2,0.0,0.3333333333333333,Business,Llama-3.2|Pixtral|Qwen3.5,3
mmmu,LPQ,test_Manage_156,MiC,Qwen3.5,1.0,1.0,Business,Llama-3.2|Pixtral|Qwen3.5,1
mmmu,LPQ,test_Manage_172,CC,Llama-3.2,0.0,0.5,Business,Llama-3.2|Pixtral|Qwen3.5,3
mmmu,LPQ,test_Manage_22,CC,Pixtral,0.0,0.0,Business,Llama-3.2|Pixtral|Qwen3.5,2
mmmu,LPQ,test_Manage_72,CC,Qwen3.5,1.0,0.4166666666666667,Business,Llama-3.2|Pixtral|Qwen3.5,1
mmmu,LPQ,test_Manage_87,MiC,Pixtral,1.0,1.0,Business,Llama-3.2|Pixtral|Qwen3.5,2
mmmu,LPQ,test_Marketing_101,CC,Qwen3.5,1.0,1.0,Business,Llama-3.2|Pixtral|Qwen3.5,1
mmmu,LPQ,test_Marketing_104,MiC,Pixtral,1.0,0.0,Business,Llama-3.2|Pixtral|Qwen3.5,2
mmmu,LPQ,test_Marketing_144,MiC,Qwen3.5,1.0,0.5,Business,Llama-3.2|Pixtral|Qwen3.5,1
mmmu,LPQ,test_Marketing_15,MiC,Pixtral,0.0,0.5,Business,Llama-3.2|Pixtral|Qwen3.5,2
mmmu,LPQ,test_Marketing_47,MiC,Qwen3.5,0.0,1.0,Business,Llama-3.2|Pixtral|Qwen3.5,1
mmmu,LPQ,test_Marketing_73,CC,Qwen3.5,0.0,1.0,Business,Llama-3.2|Pixtral|Qwen3.5,1
mmmu,LPQ,test_Materials_107,MiC,Llama-3.2,1.0,0.5,Tech & Engineering,Llama-3.2|Pixtral|Qwen3.5,3
mmmu,LPQ,test_Materials_151,MiC,Qwen3.5,0.3333333333333333,0.3333333333333333,Tech & Engineering,Llama-3.2|Pixtral|Qwen3.5,1
mmmu,LPQ,test_Materials_167,MiC,Qwen3.5,1.0,1.0,Tech & Engineering,Llama-3.2|Pixtral|Qwen3.5,1
mmmu,LPQ,test_Materials_202,CC,Qwen3.5,1.0,0.9166666666666667,Tech & Engineering,Llama-3.2|Pixtral|Qwen3.5,1
mmmu,LPQ,test_Materials_204,MiC,Llama-3.2,0.0,0.4166666666666667,Tech & Engineering,Llama-3.2|Pixtral|Qwen3.5,3
mmmu,LPQ,test_Materials_235,CC,Pixtral,1.0,0.41666666666666663,Tech & Engineering,Llama-3.2|Pixtral|Qwen3.5,2
mmmu,LPQ,test_Materials_269,CC,Qwen3.5,0.0,0.6666666666666666,Tech & Engineering,Llama-3.2|Pixtral|Qwen3.5,1
mmmu,LPQ,test_Materials_295,CC,Pixtral,1.0,0.3333333333333333,Tech & Engineering,Llama-3.2|Pixtral|Qwen3.5,2
mmmu,LPQ,test_Materials_349,MiC,Pixtral,1.0,0.4166666666666667,Tech & Engineering,Llama-3.2|Pixtral|Qwen3.5,2
mmmu,LPQ,test_Materials_377,CC,Pixtral,0.3333333333333333,0.16666666666666666,Tech & Engineering,Llama-3.2|Pixtral|Qwen3.5,2
mmmu,LPQ,test_Materials_43,CC,Llama-3.2,0.0,0.4166666666666667,Tech & Engineering,Llama-3.2|Pixtral|Qwen3.5,3
mmmu,LPQ,test_Materials_431,CC,Qwen3.5,0.3333333333333333,0.6666666666666667,Tech & Engineering,Llama-3.2|Pixtral|Qwen3.5,1
mmmu,LPQ,test_Materials_44,CC,Llama-3.2,1.0,0.5,Tech & Engineering,Llama-3.2|Pixtral|Qwen3.5,3
mmmu,LPQ,test_Materials_453,CC,Pixtral,1.0,0.5,Tech & Engineering,Llama-3.2|Pixtral|Qwen3.5,2
mmmu,LPQ,test_Materials_48,CC,Qwen3.5,1.0,1.0,Tech & Engineering,Llama-3.2|Pixtral|Qwen3.5,1
mmmu,LPQ,test_Materials_49,MiC,Qwen3.5,1.0,0.75,Tech & Engineering,Llama-3.2|Pixtral|Qwen3.5,1
mmmu,LPQ,test_Math_10,CC,Llama-3.2,0.3333333333333333,0.9166666666666667,Science,Llama-3.2|Pixtral|Qwen3.5,3
mmmu,LPQ,test_Math_108,MiC,Pixtral,1.0,0.08333333333333333,Science,Llama-3.2|Pixtral|Qwen3.5,2
mmmu,LPQ,test_Math_110,CC,Llama-3.2,0.0,0.5,Science,Llama-3.2|Pixtral|Qwen3.5,3
mmmu,LPQ,test_Math_116,CC,Qwen3.5,0.0,0.16666666666666666,Science,Llama-3.2|Pixtral|Qwen3.5,1
mmmu,LPQ,test_Math_164,MiC,Pixtral,1.0,1.0,Science,Llama-3.2|Pixtral|Qwen3.5,2
mmmu,LPQ,test_Math_201,MiC,Qwen3.5,1.0,0.5,Science,Llama-3.2|Pixtral|Qwen3.5,1
mmmu,LPQ,test_Math_207,CC,Llama-3.2,0.0,0.5,Science,Llama-3.2|Pixtral|Qwen3.5,3
mmmu,LPQ,test_Math_286,MiC,Qwen3.5,1.0,0.5,Science,Llama-3.2|Pixtral|Qwen3.5,1
mmmu,LPQ,test_Math_295,MiC,Qwen3.5,1.0,1.0,Science,Llama-3.2|Pixtral|Qwen3.5,1
mmmu,LPQ,test_Math_41,CC,Qwen3.5,1.0,1.0,Science,Llama-3.2|Pixtral|Qwen3.5,1
mmmu,LPQ,test_Math_417,CC,Pixtral,1.0,1.0,Science,Llama-3.2|Pixtral|Qwen3.5,2
mmmu,LPQ,test_Math_466,CC,Llama-3.2,1.0,0.3333333333333333,Science,Llama-3.2|Pixtral|Qwen3.5,3
mmmu,LPQ,test_Math_50,CC,Llama-3.2,0.0,0.3333333333333333,Science,Llama-3.2|Pixtral|Qwen3.5,3
mmmu,LPQ,test_Math_57,CC,Qwen3.5,0.0,1.0,Science,Llama-3.2|Pixtral|Qwen3.5,1
mmmu,LPQ,test_Mechanical_Engineering_125,CC,Pixtral,1.0,1.0,Tech & Engineering,Llama-3.2|Pixtral|Qwen3.5,2
mmmu,LPQ,test_Mechanical_Engineering_133,CC,Qwen3.5,1.0,0.4166666666666667,Tech & Engineering,Llama-3.2|Pixtral|Qwen3.5,1
mmmu,LPQ,test_Mechanical_Engineering_181,MiC,Qwen3.5,1.0,0.5,Tech & Engineering,Llama-3.2|Pixtral|Qwen3.5,1
mmmu,LPQ,test_Mechanical_Engineering_199,CC,Qwen3.5,1.0,0.75,Tech & Engineering,Llama-3.2|Pixtral|Qwen3.5,1
mmmu,LPQ,test_Mechanical_Engineering_22,MiC,Qwen3.5,1.0,0.4166666666666667,Tech & Engineering,Llama-3.2|Pixtral|Qwen3.5,1
mmmu,LPQ,test_Mechanical_Engineering_270,MiC,Qwen3.5,1.0,0.75,Tech & Engineering,Llama-3.2|Pixtral|Qwen3.5,1
mmmu,LPQ,test_Mechanical_Engineering_272,CC,Llama-3.2,1.0,0.25,Tech & Engineering,Llama-3.2|Pixtral|Qwen3.5,3
mmmu,LPQ,test_Mechanical_Engineering_278,MiC,Pixtral,1.0,0.5833333333333334,Tech & Engineering,Llama-3.2|Pixtral|Qwen3.5,2
mmmu,LPQ,test_Mechanical_Engineering_288,CC,Qwen3.5,1.0,0.8333333333333333,Tech & Engineering,Llama-3.2|Pixtral|Qwen3.5,1
mmmu,LPQ,test_Mechanical_Engineering_343,MiC,Llama-3.2,0.0,0.0,Tech & Engineering,Llama-3.2|Pixtral|Qwen3.5,3
mmmu,LPQ,test_Mechanical_Engineering_349,CC,Llama-3.2,0.0,0.5,Tech & Engineering,Llama-3.2|Pixtral|Qwen3.5,3
mmmu,LPQ,test_Mechanical_Engineering_355,CC,Llama-3.2,0.0,0.5833333333333334,Tech & Engineering,Llama-3.2|Pixtral|Qwen3.5,3
mmmu,LPQ,test_Mechanical_Engineering_386,MiC,Qwen3.5,1.0,0.75,Tech & Engineering,Llama-3.2|Pixtral|Qwen3.5,1
mmmu,LPQ,test_Mechanical_Engineering_44,MiC,Qwen3.5,0.0,0.41666666666666663,Tech & Engineering,Llama-3.2|Pixtral|Qwen3.5,1
mmmu,LPQ,test_Mechanical_Engineering_46,CC,Llama-3.2,1.0,0.0,Tech & Engineering,Llama-3.2|Pixtral|Qwen3.5,3
mmmu,LPQ,test_Mechanical_Engineering_57,MiC,Qwen3.5,1.0,0.5,Tech & Engineering,Llama-3.2|Pixtral|Qwen3.5,1
mmmu,LPQ,test_Mechanical_Engineering_60,CC,Qwen3.5,1.0,1.0,Tech & Engineering,Llama-3.2|Pixtral|Qwen3.5,1
mmmu,LPQ,test_Mechanical_Engineering_84,CC,Llama-3.2,1.0,1.0,Tech & Engineering,Llama-3.2|Pixtral|Qwen3.5,3
mmmu,LPQ,test_Mechanical_Engineering_85,MiC,Qwen3.5,0.0,0.16666666666666666,Tech & Engineering,Llama-3.2|Pixtral|Qwen3.5,1
mmmu,LPQ,test_Music_111,CC,Llama-3.2,0.0,0.08333333333333333,Art & Design,Llama-3.2|Pixtral|Qwen3.5,3
mmmu,LPQ,test_Music_136,MiC,Qwen3.5,0.0,0.0,Art & Design,Llama-3.2|Pixtral|Qwen3.5,1
mmmu,LPQ,test_Music_171,CC,Llama-3.2,0.0,0.8333333333333333,Art & Design,Llama-3.2|Pixtral|Qwen3.5,3
mmmu,LPQ,test_Music_186,CC,Pixtral,0.0,0.4166666666666667,Art & Design,Llama-3.2|Pixtral|Qwen3.5,2
mmmu,LPQ,test_Music_211,MiC,Llama-3.2,0.0,0.0,Art & Design,Llama-3.2|Pixtral|Qwen3.5,3
mmmu,LPQ,test_Music_266,CC,Llama-3.2,0.0,0.0,Art & Design,Llama-3.2|Pixtral|Qwen3.5,3
mmmu,LPQ,test_Music_274,CC,Llama-3.2,0.3333333333333333,0.25,Art & Design,Llama-3.2|Pixtral|Qwen3.5,3
mmmu,LPQ,test_Music_290,MiC,Llama-3.2,0.0,0.0,Art & Design,Llama-3.2|Pixtral|Qwen3.5,3
mmmu,LPQ,test_Music_319,MiC,Qwen3.5,1.0,0.5833333333333333,Art & Design,Llama-3.2|Pixtral|Qwen3.5,1
mmmu,LPQ,test_Music_39,CC,Llama-3.2,0.0,0.08333333333333333,Art & Design,Llama-3.2|Pixtral|Qwen3.5,3
mmmu,LPQ,test_Music_85,MiC,Llama-3.2,0.0,0.5833333333333334,Art & Design,Llama-3.2|Pixtral|Qwen3.5,3
mmmu,LPQ,test_Pharmacy_14,CC,Qwen3.5,0.0,0.5,Health & Medicine,Llama-3.2|Pixtral|Qwen3.5,1
mmmu,LPQ,test_Pharmacy_175,MiC,Qwen3.5,0.0,0.5,Health & Medicine,Llama-3.2|Pixtral|Qwen3.5,1
mmmu,LPQ,test_Pharmacy_205,MiC,Qwen3.5,1.0,0.5833333333333334,Health & Medicine,Llama-3.2|Pixtral|Qwen3.5,1
mmmu,LPQ,test_Pharmacy_230,CC,Qwen3.5,0.3333333333333333,1.0,Health & Medicine,Llama-3.2|Pixtral|Qwen3.5,1
mmmu,LPQ,test_Pharmacy_239,CC,Qwen3.5,0.3333333333333333,0.6666666666666666,Health & Medicine,Llama-3.2|Pixtral|Qwen3.5,1
mmmu,LPQ,test_Pharmacy_258,MiC,Qwen3.5,0.0,0.5,Health & Medicine,Llama-3.2|Pixtral|Qwen3.5,1
mmmu,LPQ,test_Pharmacy_321,MiC,Qwen3.5,1.0,1.0,Health & Medicine,Llama-3.2|Pixtral|Qwen3.5,1
mmmu,LPQ,test_Pharmacy_350,MiC,Pixtral,0.0,0.0,Health & Medicine,Llama-3.2|Pixtral|Qwen3.5,2
mmmu,LPQ,test_Pharmacy_387,CC,Qwen3.5,1.0,0.5,Health & Medicine,Llama-3.2|Pixtral|Qwen3.5,1
mmmu,LPQ,test_Pharmacy_410,CC,Qwen3.5,0.0,0.25,Health & Medicine,Llama-3.2|Pixtral|Qwen3.5,1
mmmu,LPQ,test_Pharmacy_417,MiC,Llama-3.2,0.0,0.9166666666666667,Health & Medicine,Llama-3.2|Pixtral|Qwen3.5,3
mmmu,LPQ,test_Pharmacy_58,MiC,Llama-3.2,0.0,0.16666666666666666,Health & Medicine,Llama-3.2|Pixtral|Qwen3.5,3
mmmu,LPQ,test_Physics_113,CC,Qwen3.5,0.0,0.5,Science,Llama-3.2|Pixtral|Qwen3.5,1
mmmu,LPQ,test_Physics_118,CC,Qwen3.5,1.0,1.0,Science,Llama-3.2|Pixtral|Qwen3.5,1
mmmu,LPQ,test_Physics_121,CC,Qwen3.5,1.0,0.5,Science,Llama-3.2|Pixtral|Qwen3.5,1
mmmu,LPQ,test_Physics_126,CC,Qwen3.5,0.3333333333333333,0.5,Science,Llama-3.2|Pixtral|Qwen3.5,1
mmmu,LPQ,test_Physics_127,MiC,Qwen3.5,1.0,0.0,Science,Llama-3.2|Pixtral|Qwen3.5,1
mmmu,LPQ,test_Physics_150,CC,Qwen3.5,1.0,1.0,Science,Llama-3.2|Pixtral|Qwen3.5,1
mmmu,LPQ,test_Physics_169,CC,Pixtral,0.0,0.5833333333333334,Science,Llama-3.2|Pixtral|Qwen3.5,2
mmmu,LPQ,test_Physics_230,MiC,Qwen3.5,1.0,1.0,Science,Llama-3.2|Pixtral|Qwen3.5,1
mmmu,LPQ,test_Physics_258,CC,Qwen3.5,0.3333333333333333,0.6666666666666666,Science,Llama-3.2|Pixtral|Qwen3.5,1
mmmu,LPQ,test_Physics_271,CC,Pixtral,1.0,0.5,Science,Llama-3.2|Pixtral|Qwen3.5,2
mmmu,LPQ,test_Physics_326,CC,Qwen3.5,1.0,0.5,Science,Llama-3.2|Pixtral|Qwen3.5,1
mmmu,LPQ,test_Physics_350,MiC,Pixtral,0.0,0.16666666666666666,Science,Llama-3.2|Pixtral|Qwen3.5,2
mmmu,LPQ,test_Physics_396,CC,Qwen3.5,1.0,0.9166666666666667,Science,Llama-3.2|Pixtral|Qwen3.5,1
mmmu,LPQ,test_Physics_47,CC,Qwen3.5,1.0,0.5,Science,Llama-3.2|Pixtral|Qwen3.5,1
mmmu,LPQ,test_Physics_6,MiC,Qwen3.5,1.0,1.0,Science,Llama-3.2|Pixtral|Qwen3.5,1
mmmu,LPQ,test_Psychology_135,MiC,Qwen3.5,1.0,0.5,Humanities & Social Science,Llama-3.2|Pixtral|Qwen3.5,1
mmmu,LPQ,test_Psychology_138,CC,Qwen3.5,1.0,0.5,Humanities & Social Science,Llama-3.2|Pixtral|Qwen3.5,1
mmmu,LPQ,test_Psychology_14,MiC,Llama-3.2,0.0,0.5,Humanities & Social Science,Llama-3.2|Pixtral|Qwen3.5,3
mmmu,LPQ,test_Psychology_172,MiC,Qwen3.5,1.0,1.0,Humanities & Social Science,Llama-3.2|Pixtral|Qwen3.5,1
mmmu,LPQ,test_Psychology_266,CC,Qwen3.5,1.0,1.0,Humanities & Social Science,Llama-3.2|Pixtral|Qwen3.5,1
mmmu,LPQ,test_Psychology_298,CC,Pixtral,1.0,0.5833333333333334,Humanities & Social Science,Llama-3.2|Pixtral|Qwen3.5,2
mmmu,LPQ,test_Psychology_5,CC,Qwen3.5,1.0,0.8333333333333333,Humanities & Social Science,Llama-3.2|Pixtral|Qwen3.5,1
mmmu,LPQ,test_Public_Health_149,MiC,Qwen3.5,1.0,1.0,Health & Medicine,Llama-3.2|Pixtral|Qwen3.5,1
mmmu,LPQ,test_Public_Health_161,MiC,Qwen3.5,1.0,0.5833333333333334,Health & Medicine,Llama-3.2|Pixtral|Qwen3.5,1
mmmu,LPQ,test_Public_Health_190,MiC,Qwen3.5,1.0,1.0,Health & Medicine,Llama-3.2|Pixtral|Qwen3.5,1
mmmu,LPQ,test_Public_Health_22,CC,Pixtral,1.0,0.5,Health & Medicine,Llama-3.2|Pixtral|Qwen3.5,2
mmmu,LPQ,test_Public_Health_278,MiC,Pixtral,1.0,0.5,Health & Medicine,Llama-3.2|Pixtral|Qwen3.5,2
mmmu,LPQ,test_Public_Health_313,CC,Pixtral,0.0,0.0,Health & Medicine,Llama-3.2|Pixtral|Qwen3.5,2
mmmu,LPQ,test_Public_Health_324,CC,Qwen3.5,1.0,1.0,Health & Medicine,Llama-3.2|Pixtral|Qwen3.5,1
mmmu,LPQ,test_Public_Health_405,CC,Qwen3.5,1.0,0.5,Health & Medicine,Llama-3.2|Pixtral|Qwen3.5,1
mmmu,LPQ,test_Public_Health_442,CC,Qwen3.5,0.0,0.3333333333333333,Health & Medicine,Llama-3.2|Pixtral|Qwen3.5,1
mmmu,LPQ,test_Sociology_109,MiC,Pixtral,0.0,0.5,Humanities & Social Science,Llama-3.2|Pixtral|Qwen3.5,2
mmmu,LPQ,test_Sociology_147,MiC,Llama-3.2,0.0,0.5833333333333334,Humanities & Social Science,Llama-3.2|Pixtral|Qwen3.5,3
mmmu,LPQ,test_Sociology_215,CC,Llama-3.2,1.0,1.0,Humanities & Social Science,Llama-3.2|Pixtral|Qwen3.5,3
mmmu,LPQ,test_Sociology_39,MiC,Qwen3.5,1.0,0.5,Humanities & Social Science,Llama-3.2|Pixtral|Qwen3.5,1
mmmu,LPQ,test_Sociology_50,MiC,Qwen3.5,1.0,0.0,Humanities & Social Science,Llama-3.2|Pixtral|Qwen3.5,1
mmmu,LPQ,test_Sociology_58,CC,Llama-3.2,0.0,0.0,Humanities & Social Science,Llama-3.2|Pixtral|Qwen3.5,3
mmmu,LPQ,test_Sociology_75,CC,Qwen3.5,0.0,0.8333333333333333,Humanities & Social Science,Llama-3.2|Pixtral|Qwen3.5,1
mmmu,LPQ,test_Sociology_90,CC,Qwen3.5,1.0,0.08333333333333333,Humanities & Social Science,Llama-3.2|Pixtral|Qwen3.5,1
mmmu,LPQ,validation_Accounting_11,CC,Qwen3.5,1.0,1.0,Business,Llama-3.2|Pixtral|Qwen3.5,1
mmmu,LPQ,validation_Accounting_18,CC,Qwen3.5,1.0,1.0,Business,Llama-3.2|Pixtral|Qwen3.5,1
mmmu,LPQ,validation_Agriculture_3,MiC,Qwen3.5,0.0,0.08333333333333333,Tech & Engineering,Llama-3.2|Pixtral|Qwen3.5,1
mmmu,LPQ,validation_Architecture_and_Engineering_3,CC,Pixtral,1.0,0.5,Tech & Engineering,Llama-3.2|Pixtral|Qwen3.5,2
mmmu,LPQ,validation_Architecture_and_Engineering_7,CC,Pixtral,1.0,0.4166666666666667,Tech & Engineering,Llama-3.2|Pixtral|Qwen3.5,2
mmmu,LPQ,validation_Art_12,MiC,Llama-3.2,0.0,0.0,Art & Design,Llama-3.2|Pixtral|Qwen3.5,3
mmmu,LPQ,validation_Art_20,MiC,Qwen3.5,1.0,0.25,Art & Design,Llama-3.2|Pixtral|Qwen3.5,1
mmmu,LPQ,validation_Art_Theory_3,CC,Qwen3.5,1.0,1.0,Art & Design,Llama-3.2|Pixtral|Qwen3.5,1
mmmu,LPQ,validation_Basic_Medical_Science_1,CC,Llama-3.2,0.0,1.0,Health & Medicine,Llama-3.2|Pixtral|Qwen3.5,3
mmmu,LPQ,validation_Clinical_Medicine_5,MiC,Pixtral,0.0,0.5,Health & Medicine,Llama-3.2|Pixtral|Qwen3.5,2
mmmu,LPQ,validation_Computer_Science_1,CC,Qwen3.5,1.0,0.0,Tech & Engineering,Llama-3.2|Pixtral|Qwen3.5,1
mmmu,LPQ,validation_Design_11,CC,Qwen3.5,1.0,1.0,Art & Design,Llama-3.2|Pixtral|Qwen3.5,1
mmmu,LPQ,validation_Design_14,CC,Llama-3.2,0.0,0.08333333333333333,Art & Design,Llama-3.2|Pixtral|Qwen3.5,3
mmmu,LPQ,validation_Design_20,MiC,Pixtral,0.0,1.0,Art & Design,Llama-3.2|Pixtral|Qwen3.5,2
mmmu,LPQ,validation_Diagnostics_and_Laboratory_Medicine_12,CC,Llama-3.2,1.0,0.5,Health & Medicine,Llama-3.2|Pixtral|Qwen3.5,3
mmmu,LPQ,validation_Diagnostics_and_Laboratory_Medicine_15,CC,Qwen3.5,1.0,0.5,Health & Medicine,Llama-3.2|Pixtral|Qwen3.5,1
mmmu,LPQ,validation_Diagnostics_and_Laboratory_Medicine_28,CC,Qwen3.5,1.0,0.75,Health & Medicine,Llama-3.2|Pixtral|Qwen3.5,1
mmmu,LPQ,validation_Economics_29,MiC,Qwen3.5,0.0,1.0,Business,Llama-3.2|Pixtral|Qwen3.5,1
mmmu,LPQ,validation_Energy_and_Power_5,MiC,Qwen3.5,1.0,1.0,Tech & Engineering,Llama-3.2|Pixtral|Qwen3.5,1
mmmu,LPQ,validation_Manage_13,CC,Llama-3.2,1.0,1.0,Business,Llama-3.2|Pixtral|Qwen3.5,3
mmmu,LPQ,validation_Manage_18,CC,Qwen3.5,1.0,0.0,Business,Llama-3.2|Pixtral|Qwen3.5,1
mmmu,LPQ,validation_Marketing_13,MiC,Qwen3.5,0.0,1.0,Business,Llama-3.2|Pixtral|Qwen3.5,1
mmmu,LPQ,validation_Materials_29,MiC,Qwen3.5,1.0,0.8333333333333333,Tech & Engineering,Llama-3.2|Pixtral|Qwen3.5,1
mmmu,LPQ,validation_Math_17,CC,Pixtral,0.0,0.0,Science,Llama-3.2|Pixtral|Qwen3.5,2
mmmu,LPQ,validation_Math_30,MiC,Qwen3.5,1.0,0.75,Science,Llama-3.2|Pixtral|Qwen3.5,1
mmmu,LPQ,validation_Math_7,CC,Pixtral,0.3333333333333333,0.0,Science,Llama-3.2|Pixtral|Qwen3.5,2
mmmu,LPQ,validation_Mechanical_Engineering_27,CC,Llama-3.2,0.0,0.5833333333333334,Tech & Engineering,Llama-3.2|Pixtral|Qwen3.5,3
mmmu,LPQ,validation_Mechanical_Engineering_5,CC,Qwen3.5,1.0,0.9166666666666667,Tech & Engineering,Llama-3.2|Pixtral|Qwen3.5,1
mmmu,LPQ,validation_Music_26,MiC,Pixtral,0.0,1.0,Art & Design,Llama-3.2|Pixtral|Qwen3.5,2
mmmu,LPQ,validation_Music_3,CC,Pixtral,1.0,0.5,Art & Design,Llama-3.2|Pixtral|Qwen3.5,2
mmmu,LPQ,validation_Music_5,CC,Qwen3.5,1.0,0.5,Art & Design,Llama-3.2|Pixtral|Qwen3.5,1
mmmu,LPQ,validation_Pharmacy_28,MiC,Qwen3.5,0.0,0.5,Health & Medicine,Llama-3.2|Pixtral|Qwen3.5,1
mmmu,LPQ,validation_Physics_27,MiC,Qwen3.5,0.0,1.0,Science,Llama-3.2|Pixtral|Qwen3.5,1
mmmu,LPQ,validation_Physics_30,MiC,Qwen3.5,1.0,0.9166666666666667,Science,Llama-3.2|Pixtral|Qwen3.5,1
mmmu,LPQ,validation_Public_Health_7,MiC,Qwen3.5,0.0,0.9166666666666667,Health & Medicine,Llama-3.2|Pixtral|Qwen3.5,1
mmmu,LPQ,validation_Sociology_29,MiC,Qwen3.5,1.0,1.0,Humanities & Social Science,Llama-3.2|Pixtral|Qwen3.5,1
mmstar,GIL,1005,CC,InternVL,1.0,0.6666666666666666,math,Gemma-4|InternVL|Llama-3.2,2
mmstar,GIL,1007,MiC,InternVL,1.0,0.16666666666666666,math,Gemma-4|InternVL|Llama-3.2,2
mmstar,GIL,1009,MiC,Gemma-4,1.0,0.9166666666666667,math,Gemma-4|InternVL|Llama-3.2,1
mmstar,GIL,1012,MiC,Gemma-4,0.0,0.6666666666666666,math,Gemma-4|InternVL|Llama-3.2,1
mmstar,GIL,1013,CC,Gemma-4,0.0,0.5,math,Gemma-4|InternVL|Llama-3.2,1
mmstar,GIL,1019,CC,Gemma-4,1.0,0.5,math,Gemma-4|InternVL|Llama-3.2,1
mmstar,GIL,1033,CC,Gemma-4,0.0,0.5,math,Gemma-4|InternVL|Llama-3.2,1
mmstar,GIL,1034,MiC,InternVL,0.0,0.0,math,Gemma-4|InternVL|Llama-3.2,2
mmstar,GIL,104,MiC,Llama-3.2,0.0,0.5,coarse perception,Gemma-4|InternVL|Llama-3.2,3
mmstar,GIL,1044,CC,Gemma-4,0.0,0.08333333333333333,math,Gemma-4|InternVL|Llama-3.2,1
mmstar,GIL,1047,CC,Llama-3.2,0.0,0.8333333333333333,math,Gemma-4|InternVL|Llama-3.2,3
mmstar,GIL,1050,MiC,InternVL,1.0,0.5,math,Gemma-4|InternVL|Llama-3.2,2
mmstar,GIL,1057,MiC,Gemma-4,0.0,0.5,math,Gemma-4|InternVL|Llama-3.2,1
mmstar,GIL,1059,MiC,Gemma-4,1.0,0.5,math,Gemma-4|InternVL|Llama-3.2,1
mmstar,GIL,106,CC,Gemma-4,0.0,0.0,coarse perception,Gemma-4|InternVL|Llama-3.2,1
mmstar,GIL,1065,MiC,Llama-3.2,1.0,0.9166666666666667,math,Gemma-4|InternVL|Llama-3.2,3
mmstar,GIL,1066,CC,Gemma-4,1.0,0.9166666666666667,math,Gemma-4|InternVL|Llama-3.2,1
mmstar,GIL,1073,CC,InternVL,0.0,0.41666666666666663,math,Gemma-4|InternVL|Llama-3.2,2
mmstar,GIL,1078,CC,Gemma-4,1.0,0.75,math,Gemma-4|InternVL|Llama-3.2,1
mmstar,GIL,1080,CC,Llama-3.2,0.0,0.25,math,Gemma-4|InternVL|Llama-3.2,3
mmstar,GIL,1089,CC,InternVL,0.0,0.5833333333333334,math,Gemma-4|InternVL|Llama-3.2,2
mmstar,GIL,1093,MiC,Gemma-4,0.0,1.0,math,Gemma-4|InternVL|Llama-3.2,1
mmstar,GIL,111,MiC,Gemma-4,0.0,0.5,coarse perception,Gemma-4|InternVL|Llama-3.2,1
mmstar,GIL,1117,MiC,Gemma-4,1.0,0.75,math,Gemma-4|InternVL|Llama-3.2,1
mmstar,GIL,1130,CC,Gemma-4,1.0,0.8333333333333333,math,Gemma-4|InternVL|Llama-3.2,1
mmstar,GIL,1132,CC,InternVL,0.0,0.5,math,Gemma-4|InternVL|Llama-3.2,2
mmstar,GIL,1134,MiC,Gemma-4,0.0,0.5,math,Gemma-4|InternVL|Llama-3.2,1
mmstar,GIL,114,MiC,Llama-3.2,0.0,1.0,coarse perception,Gemma-4|InternVL|Llama-3.2,3
mmstar,GIL,1151,MiC,Gemma-4,1.0,1.0,math,Gemma-4|InternVL|Llama-3.2,1
mmstar,GIL,1152,CC,Gemma-4,1.0,0.5833333333333334,math,Gemma-4|InternVL|Llama-3.2,1
mmstar,GIL,1165,CC,InternVL,1.0,0.75,math,Gemma-4|InternVL|Llama-3.2,2
mmstar,GIL,1177,MiC,Llama-3.2,0.0,0.08333333333333333,math,Gemma-4|InternVL|Llama-3.2,3
mmstar,GIL,1189,MiC,Gemma-4,0.0,0.0,math,Gemma-4|InternVL|Llama-3.2,1
mmstar,GIL,12,CC,Llama-3.2,0.0,0.0,coarse perception,Gemma-4|InternVL|Llama-3.2,3
mmstar,GIL,1220,MiC,Gemma-4,0.0,0.5833333333333334,math,Gemma-4|InternVL|Llama-3.2,1
mmstar,GIL,1223,CC,Gemma-4,0.3333333333333333,0.5,math,Gemma-4|InternVL|Llama-3.2,1
mmstar,GIL,1227,CC,Gemma-4,1.0,0.9166666666666667,math,Gemma-4|InternVL|Llama-3.2,1
mmstar,GIL,1232,CC,Gemma-4,0.3333333333333333,1.0,math,Gemma-4|InternVL|Llama-3.2,1
mmstar,GIL,1234,CC,Llama-3.2,0.0,0.5,math,Gemma-4|InternVL|Llama-3.2,3
mmstar,GIL,1235,MiC,Gemma-4,0.0,0.3333333333333333,math,Gemma-4|InternVL|Llama-3.2,1
mmstar,GIL,124,MiC,InternVL,1.0,0.5833333333333334,coarse perception,Gemma-4|InternVL|Llama-3.2,2
mmstar,GIL,1240,CC,Gemma-4,1.0,0.5833333333333334,math,Gemma-4|InternVL|Llama-3.2,1
mmstar,GIL,1252,MiC,Gemma-4,0.0,0.5,science & technology,Gemma-4|InternVL|Llama-3.2,1
mmstar,GIL,1263,MiC,Gemma-4,1.0,0.0,science & technology,Gemma-4|InternVL|Llama-3.2,1
mmstar,GIL,127,MiC,Llama-3.2,0.0,0.0,coarse perception,Gemma-4|InternVL|Llama-3.2,3
mmstar,GIL,1271,MiC,InternVL,0.0,0.5,science & technology,Gemma-4|InternVL|Llama-3.2,2
mmstar,GIL,1272,CC,Gemma-4,0.3333333333333333,0.4166666666666667,science & technology,Gemma-4|InternVL|Llama-3.2,1
mmstar,GIL,1273,CC,InternVL,1.0,0.3333333333333333,science & technology,Gemma-4|InternVL|Llama-3.2,2
mmstar,GIL,1278,MiC,Llama-3.2,0.0,0.6666666666666667,science & technology,Gemma-4|InternVL|Llama-3.2,3
mmstar,GIL,128,MiC,Llama-3.2,0.0,0.08333333333333333,coarse perception,Gemma-4|InternVL|Llama-3.2,3
mmstar,GIL,1280,MiC,Llama-3.2,0.0,0.41666666666666663,science & technology,Gemma-4|InternVL|Llama-3.2,3
mmstar,GIL,1286,MiC,InternVL,0.0,0.5,science & technology,Gemma-4|InternVL|Llama-3.2,2
mmstar,GIL,1287,MiC,Gemma-4,1.0,0.6666666666666666,science & technology,Gemma-4|InternVL|Llama-3.2,1
mmstar,GIL,1293,MiC,Gemma-4,0.0,0.75,science & technology,Gemma-4|InternVL|Llama-3.2,1
mmstar,GIL,1294,CC,Gemma-4,1.0,0.16666666666666666,science & technology,Gemma-4|InternVL|Llama-3.2,1
mmstar,GIL,1295,MiC,Gemma-4,0.0,0.4166666666666667,science & technology,Gemma-4|InternVL|Llama-3.2,1
mmstar,GIL,1296,CC,Gemma-4,0.3333333333333333,0.5,science & technology,Gemma-4|InternVL|Llama-3.2,1
mmstar,GIL,1298,MiC,InternVL,0.0,0.16666666666666666,science & technology,Gemma-4|InternVL|Llama-3.2,2
mmstar,GIL,1299,CC,Gemma-4,1.0,0.5833333333333334,science & technology,Gemma-4|InternVL|Llama-3.2,1
mmstar,GIL,13,MiC,Gemma-4,0.0,1.0,coarse perception,Gemma-4|InternVL|Llama-3.2,1
mmstar,GIL,1300,CC,Gemma-4,1.0,0.75,science & technology,Gemma-4|InternVL|Llama-3.2,1
mmstar,GIL,1305,MiC,Llama-3.2,0.0,0.5,science & technology,Gemma-4|InternVL|Llama-3.2,3
mmstar,GIL,1306,MiC,Gemma-4,1.0,0.5,science & technology,Gemma-4|InternVL|Llama-3.2,1
mmstar,GIL,1310,CC,Gemma-4,1.0,0.4166666666666667,science & technology,Gemma-4|InternVL|Llama-3.2,1
mmstar,GIL,1311,CC,Gemma-4,1.0,1.0,science & technology,Gemma-4|InternVL|Llama-3.2,1
mmstar,GIL,1313,MiC,Gemma-4,0.0,0.5,science & technology,Gemma-4|InternVL|Llama-3.2,1
mmstar,GIL,1317,MiC,Gemma-4,1.0,0.5,science & technology,Gemma-4|InternVL|Llama-3.2,1
mmstar,GIL,1321,MiC,Llama-3.2,0.0,0.3333333333333333,science & technology,Gemma-4|InternVL|Llama-3.2,3
mmstar,GIL,1328,MiC,Gemma-4,1.0,0.25,science & technology,Gemma-4|InternVL|Llama-3.2,1
mmstar,GIL,133,MiC,InternVL,0.0,0.0,coarse perception,Gemma-4|InternVL|Llama-3.2,2
mmstar,GIL,1333,MiC,Gemma-4,0.0,0.16666666666666666,science & technology,Gemma-4|InternVL|Llama-3.2,1
mmstar,GIL,1336,CC,Gemma-4,0.3333333333333333,0.5,science & technology,Gemma-4|InternVL|Llama-3.2,1
mmstar,GIL,1339,CC,Gemma-4,0.0,0.25,science & technology,Gemma-4|InternVL|Llama-3.2,1
mmstar,GIL,1353,MiC,Gemma-4,1.0,0.6666666666666667,science & technology,Gemma-4|InternVL|Llama-3.2,1
mmstar,GIL,1354,MiC,Gemma-4,1.0,0.5833333333333334,science & technology,Gemma-4|InternVL|Llama-3.2,1
mmstar,GIL,1355,MiC,InternVL,0.0,1.0,science & technology,Gemma-4|InternVL|Llama-3.2,2
mmstar,GIL,1358,CC,Gemma-4,0.3333333333333333,0.9166666666666667,science & technology,Gemma-4|InternVL|Llama-3.2,1
mmstar,GIL,1359,MiC,Gemma-4,0.0,1.0,science & technology,Gemma-4|InternVL|Llama-3.2,1
mmstar,GIL,1371,CC,Gemma-4,1.0,0.5,science & technology,Gemma-4|InternVL|Llama-3.2,1
mmstar,GIL,1373,MiC,Llama-3.2,0.0,0.3333333333333333,science & technology,Gemma-4|InternVL|Llama-3.2,3
mmstar,GIL,1376,CC,Gemma-4,1.0,0.4166666666666667,science & technology,Gemma-4|InternVL|Llama-3.2,1
mmstar,GIL,1381,MiC,Gemma-4,0.0,0.5,science & technology,Gemma-4|InternVL|Llama-3.2,1
mmstar,GIL,1384,MiC,Gemma-4,1.0,0.16666666666666666,science & technology,Gemma-4|InternVL|Llama-3.2,1
mmstar,GIL,1385,MiC,InternVL,0.0,0.5,science & technology,Gemma-4|InternVL|Llama-3.2,2
mmstar,GIL,1391,CC,Gemma-4,0.0,0.5,science & technology,Gemma-4|InternVL|Llama-3.2,1
mmstar,GIL,1398,CC,InternVL,0.0,0.9166666666666667,science & technology,Gemma-4|InternVL|Llama-3.2,2
mmstar,GIL,1400,CC,Gemma-4,1.0,0.4166666666666667,science & technology,Gemma-4|InternVL|Llama-3.2,1
mmstar,GIL,1401,CC,InternVL,1.0,0.25,science & technology,Gemma-4|InternVL|Llama-3.2,2
mmstar,GIL,1403,CC,Gemma-4,1.0,0.75,science & technology,Gemma-4|InternVL|Llama-3.2,1
mmstar,GIL,1404,MiC,Gemma-4,0.0,0.3333333333333333,science & technology,Gemma-4|InternVL|Llama-3.2,1
mmstar,GIL,1409,CC,Gemma-4,1.0,0.5833333333333334,science & technology,Gemma-4|InternVL|Llama-3.2,1
mmstar,GIL,1413,CC,InternVL,1.0,0.5833333333333334,science & technology,Gemma-4|InternVL|Llama-3.2,2
mmstar,GIL,1416,MiC,Gemma-4,0.0,0.5,science & technology,Gemma-4|InternVL|Llama-3.2,1
mmstar,GIL,1418,MiC,Gemma-4,0.0,0.3333333333333333,science & technology,Gemma-4|InternVL|Llama-3.2,1
mmstar,GIL,1420,MiC,Gemma-4,1.0,0.5833333333333334,science & technology,Gemma-4|InternVL|Llama-3.2,1
mmstar,GIL,1427,CC,InternVL,1.0,0.16666666666666666,science & technology,Gemma-4|InternVL|Llama-3.2,2
mmstar,GIL,1428,MiC,InternVL,0.0,0.25,science & technology,Gemma-4|InternVL|Llama-3.2,2
mmstar,GIL,1432,MiC,Gemma-4,0.0,0.0,science & technology,Gemma-4|InternVL|Llama-3.2,1
mmstar,GIL,1434,MiC,Llama-3.2,0.0,0.6666666666666666,science & technology,Gemma-4|InternVL|Llama-3.2,3
mmstar,GIL,144,MiC,Gemma-4,1.0,0.5833333333333333,coarse perception,Gemma-4|InternVL|Llama-3.2,1
mmstar,GIL,1444,MiC,Gemma-4,1.0,0.5833333333333334,science & technology,Gemma-4|InternVL|Llama-3.2,1
mmstar,GIL,1450,MiC,InternVL,0.0,0.08333333333333333,science & technology,Gemma-4|InternVL|Llama-3.2,2
mmstar,GIL,1457,MiC,InternVL,0.0,0.0,science & technology,Gemma-4|InternVL|Llama-3.2,2
mmstar,GIL,146,CC,InternVL,0.0,0.0,coarse perception,Gemma-4|InternVL|Llama-3.2,2
mmstar,GIL,1461,CC,Gemma-4,0.0,0.0,science & technology,Gemma-4|InternVL|Llama-3.2,1
mmstar,GIL,1465,MiC,Gemma-4,0.0,0.5,science & technology,Gemma-4|InternVL|Llama-3.2,1
mmstar,GIL,1466,CC,InternVL,1.0,0.5,science & technology,Gemma-4|InternVL|Llama-3.2,2
mmstar,GIL,1469,MiC,InternVL,0.0,0.5,science & technology,Gemma-4|InternVL|Llama-3.2,2
mmstar,GIL,1475,CC,Gemma-4,0.0,0.8333333333333334,science & technology,Gemma-4|InternVL|Llama-3.2,1
mmstar,GIL,1482,MiC,InternVL,0.0,0.5,science & technology,Gemma-4|InternVL|Llama-3.2,2
mmstar,GIL,1487,MiC,Gemma-4,0.0,0.5,science & technology,Gemma-4|InternVL|Llama-3.2,1
mmstar,GIL,1490,CC,Gemma-4,0.0,0.6666666666666666,science & technology,Gemma-4|InternVL|Llama-3.2,1
mmstar,GIL,1495,CC,Llama-3.2,0.0,0.5,science & technology,Gemma-4|InternVL|Llama-3.2,3
mmstar,GIL,16,CC,Gemma-4,1.0,0.08333333333333333,coarse perception,Gemma-4|InternVL|Llama-3.2,1
mmstar,GIL,18,MiC,Gemma-4,0.0,0.0,coarse perception,Gemma-4|InternVL|Llama-3.2,1
mmstar,GIL,188,CC,InternVL,1.0,1.0,coarse perception,Gemma-4|InternVL|Llama-3.2,2
mmstar,GIL,20,MiC,Gemma-4,0.0,1.0,coarse perception,Gemma-4|InternVL|Llama-3.2,1
mmstar,GIL,22,MiC,Llama-3.2,0.0,0.0,coarse perception,Gemma-4|InternVL|Llama-3.2,3
mmstar,GIL,251,CC,Gemma-4,1.0,0.0,fine-grained perception,Gemma-4|InternVL|Llama-3.2,1
mmstar,GIL,254,MiC,Gemma-4,1.0,0.5,fine-grained perception,Gemma-4|InternVL|Llama-3.2,1
mmstar,GIL,263,MiC,Gemma-4,0.0,1.0,fine-grained perception,Gemma-4|InternVL|Llama-3.2,1
mmstar,GIL,265,MiC,Gemma-4,1.0,0.16666666666666666,fine-grained perception,Gemma-4|InternVL|Llama-3.2,1
mmstar,GIL,266,MiC,InternVL,0.0,0.5,fine-grained perception,Gemma-4|InternVL|Llama-3.2,2
mmstar,GIL,267,MiC,Gemma-4,1.0,0.25,fine-grained perception,Gemma-4|InternVL|Llama-3.2,1
mmstar,GIL,276,MiC,Gemma-4,0.0,0.4166666666666667,fine-grained perception,Gemma-4|InternVL|Llama-3.2,1
mmstar,GIL,28,MiC,InternVL,1.0,0.41666666666666663,coarse perception,Gemma-4|InternVL|Llama-3.2,2
mmstar,GIL,283,MiC,Gemma-4,1.0,0.5,fine-grained perception,Gemma-4|InternVL|Llama-3.2,1
mmstar,GIL,284,MiC,InternVL,0.0,0.0,fine-grained perception,Gemma-4|InternVL|Llama-3.2,2
mmstar,GIL,286,MiC,Llama-3.2,0.0,0.0,fine-grained perception,Gemma-4|InternVL|Llama-3.2,3
mmstar,GIL,293,MiC,InternVL,0.0,0.25,fine-grained perception,Gemma-4|InternVL|Llama-3.2,2
mmstar,GIL,295,MiC,InternVL,0.0,0.5,fine-grained perception,Gemma-4|InternVL|Llama-3.2,2
mmstar,GIL,300,CC,Gemma-4,1.0,0.6666666666666666,fine-grained perception,Gemma-4|InternVL|Llama-3.2,1
mmstar,GIL,301,CC,InternVL,0.0,1.0,fine-grained perception,Gemma-4|InternVL|Llama-3.2,2
mmstar,GIL,303,MiC,InternVL,1.0,0.5,fine-grained perception,Gemma-4|InternVL|Llama-3.2,2
mmstar,GIL,309,CC,InternVL,0.0,0.0,fine-grained perception,Gemma-4|InternVL|Llama-3.2,2
mmstar,GIL,31,MiC,Gemma-4,1.0,1.0,coarse perception,Gemma-4|InternVL|Llama-3.2,1
mmstar,GIL,310,CC,Gemma-4,0.3333333333333333,0.5,fine-grained perception,Gemma-4|InternVL|Llama-3.2,1
mmstar,GIL,312,CC,Gemma-4,0.0,0.0,fine-grained perception,Gemma-4|InternVL|Llama-3.2,1
mmstar,GIL,313,CC,Gemma-4,0.0,0.4166666666666667,fine-grained perception,Gemma-4|InternVL|Llama-3.2,1
mmstar,GIL,327,CC,Llama-3.2,0.0,0.25,fine-grained perception,Gemma-4|InternVL|Llama-3.2,3
mmstar,GIL,33,CC,InternVL,0.0,0.8333333333333333,coarse perception,Gemma-4|InternVL|Llama-3.2,2
mmstar,GIL,333,CC,Gemma-4,0.0,0.5,fine-grained perception,Gemma-4|InternVL|Llama-3.2,1
mmstar,GIL,342,MiC,Llama-3.2,0.0,0.0,fine-grained perception,Gemma-4|InternVL|Llama-3.2,3
mmstar,GIL,346,MiC,Llama-3.2,0.0,0.3333333333333333,fine-grained perception,Gemma-4|InternVL|Llama-3.2,3
mmstar,GIL,347,MiC,Gemma-4,1.0,0.5,fine-grained perception,Gemma-4|InternVL|Llama-3.2,1
mmstar,GIL,352,MiC,Gemma-4,1.0,1.0,fine-grained perception,Gemma-4|InternVL|Llama-3.2,1
mmstar,GIL,355,MiC,InternVL,0.0,0.0,fine-grained perception,Gemma-4|InternVL|Llama-3.2,2
mmstar,GIL,372,CC,InternVL,0.0,0.5,fine-grained perception,Gemma-4|InternVL|Llama-3.2,2
mmstar,GIL,376,MiC,Llama-3.2,1.0,0.0,fine-grained perception,Gemma-4|InternVL|Llama-3.2,3
mmstar,GIL,39,MiC,InternVL,0.0,0.5,coarse perception,Gemma-4|InternVL|Llama-3.2,2
mmstar,GIL,394,MiC,InternVL,0.0,0.5,fine-grained perception,Gemma-4|InternVL|Llama-3.2,2
mmstar,GIL,395,MiC,InternVL,0.0,0.5,fine-grained perception,Gemma-4|InternVL|Llama-3.2,2
mmstar,GIL,396,MiC,InternVL,0.0,0.5,fine-grained perception,Gemma-4|InternVL|Llama-3.2,2
mmstar,GIL,409,CC,Gemma-4,1.0,0.0,fine-grained perception,Gemma-4|InternVL|Llama-3.2,1
mmstar,GIL,415,MiC,Gemma-4,1.0,0.0,fine-grained perception,Gemma-4|InternVL|Llama-3.2,1
mmstar,GIL,416,MiC,Llama-3.2,0.0,0.0,fine-grained perception,Gemma-4|InternVL|Llama-3.2,3
mmstar,GIL,419,MiC,Gemma-4,1.0,0.5,fine-grained perception,Gemma-4|InternVL|Llama-3.2,1
mmstar,GIL,423,MiC,InternVL,0.0,0.0,fine-grained perception,Gemma-4|InternVL|Llama-3.2,2
mmstar,GIL,432,MiC,InternVL,0.3333333333333333,0.0,fine-grained perception,Gemma-4|InternVL|Llama-3.2,2
mmstar,GIL,434,MiC,Llama-3.2,0.0,0.5,fine-grained perception,Gemma-4|InternVL|Llama-3.2,3
mmstar,GIL,437,CC,Gemma-4,1.0,0.25,fine-grained perception,Gemma-4|InternVL|Llama-3.2,1
mmstar,GIL,443,MiC,InternVL,1.0,0.5,fine-grained perception,Gemma-4|InternVL|Llama-3.2,2
mmstar,GIL,446,MiC,InternVL,0.0,0.5,fine-grained perception,Gemma-4|InternVL|Llama-3.2,2
mmstar,GIL,448,MiC,Gemma-4,1.0,0.5,fine-grained perception,Gemma-4|InternVL|Llama-3.2,1
mmstar,GIL,451,MiC,Llama-3.2,0.0,0.3333333333333333,fine-grained perception,Gemma-4|InternVL|Llama-3.2,3
mmstar,GIL,457,MiC,Gemma-4,1.0,0.8333333333333333,fine-grained perception,Gemma-4|InternVL|Llama-3.2,1
mmstar,GIL,458,CC,InternVL,1.0,0.5833333333333333,fine-grained perception,Gemma-4|InternVL|Llama-3.2,2
mmstar,GIL,461,CC,InternVL,0.0,0.9166666666666667,fine-grained perception,Gemma-4|InternVL|Llama-3.2,2
mmstar,GIL,462,CC,Gemma-4,0.0,0.75,fine-grained perception,Gemma-4|InternVL|Llama-3.2,1
mmstar,GIL,463,MiC,Gemma-4,0.0,0.41666666666666663,fine-grained perception,Gemma-4|InternVL|Llama-3.2,1
mmstar,GIL,482,CC,Gemma-4,0.3333333333333333,0.0,fine-grained perception,Gemma-4|InternVL|Llama-3.2,1
mmstar,GIL,483,MiC,InternVL,0.0,0.0,fine-grained perception,Gemma-4|InternVL|Llama-3.2,2
mmstar,GIL,489,MiC,Gemma-4,1.0,0.9166666666666667,fine-grained perception,Gemma-4|InternVL|Llama-3.2,1
mmstar,GIL,503,MiC,Gemma-4,1.0,0.8333333333333333,instance reasoning,Gemma-4|InternVL|Llama-3.2,1
mmstar,GIL,504,CC,Gemma-4,0.0,0.0,instance reasoning,Gemma-4|InternVL|Llama-3.2,1
mmstar,GIL,506,CC,Gemma-4,1.0,0.3333333333333333,instance reasoning,Gemma-4|InternVL|Llama-3.2,1
mmstar,GIL,507,CC,Gemma-4,1.0,0.25,instance reasoning,Gemma-4|InternVL|Llama-3.2,1
mmstar,GIL,508,MiC,Llama-3.2,0.0,0.5,instance reasoning,Gemma-4|InternVL|Llama-3.2,3
mmstar,GIL,513,CC,Gemma-4,1.0,0.75,instance reasoning,Gemma-4|InternVL|Llama-3.2,1
mmstar,GIL,514,CC,Gemma-4,1.0,0.25,instance reasoning,Gemma-4|InternVL|Llama-3.2,1
mmstar,GIL,517,MiC,Gemma-4,1.0,0.5,instance reasoning,Gemma-4|InternVL|Llama-3.2,1
mmstar,GIL,519,MiC,Gemma-4,0.0,0.0,instance reasoning,Gemma-4|InternVL|Llama-3.2,1
mmstar,GIL,521,CC,Llama-3.2,1.0,0.5,instance reasoning,Gemma-4|InternVL|Llama-3.2,3
mmstar,GIL,523,MiC,Llama-3.2,0.0,0.0,instance reasoning,Gemma-4|InternVL|Llama-3.2,3
mmstar,GIL,527,MiC,Llama-3.2,0.0,0.5,instance reasoning,Gemma-4|InternVL|Llama-3.2,3
mmstar,GIL,528,MiC,Llama-3.2,0.0,0.0,instance reasoning,Gemma-4|InternVL|Llama-3.2,3
mmstar,GIL,529,CC,InternVL,0.0,0.08333333333333333,instance reasoning,Gemma-4|InternVL|Llama-3.2,2
mmstar,GIL,53,MiC,Gemma-4,1.0,0.4166666666666667,coarse perception,Gemma-4|InternVL|Llama-3.2,1
mmstar,GIL,530,CC,Llama-3.2,0.0,0.5,instance reasoning,Gemma-4|InternVL|Llama-3.2,3
mmstar,GIL,534,CC,InternVL,0.0,0.25,instance reasoning,Gemma-4|InternVL|Llama-3.2,2
mmstar,GIL,536,MiC,Gemma-4,0.0,0.16666666666666666,instance reasoning,Gemma-4|InternVL|Llama-3.2,1
mmstar,GIL,542,MiC,InternVL,0.0,0.0,instance reasoning,Gemma-4|InternVL|Llama-3.2,2
mmstar,GIL,545,MiC,Gemma-4,1.0,0.75,instance reasoning,Gemma-4|InternVL|Llama-3.2,1
mmstar,GIL,547,MiC,Llama-3.2,0.0,0.5,instance reasoning,Gemma-4|InternVL|Llama-3.2,3
mmstar,GIL,557,CC,Gemma-4,0.0,0.4166666666666667,instance reasoning,Gemma-4|InternVL|Llama-3.2,1
mmstar,GIL,564,CC,InternVL,0.0,0.4166666666666667,instance reasoning,Gemma-4|InternVL|Llama-3.2,2
mmstar,GIL,57,MiC,Llama-3.2,0.0,0.08333333333333333,coarse perception,Gemma-4|InternVL|Llama-3.2,3
mmstar,GIL,570,MiC,InternVL,0.0,1.0,instance reasoning,Gemma-4|InternVL|Llama-3.2,2
mmstar,GIL,573,MiC,InternVL,0.0,0.0,instance reasoning,Gemma-4|InternVL|Llama-3.2,2
mmstar,GIL,583,MiC,InternVL,1.0,1.0,instance reasoning,Gemma-4|InternVL|Llama-3.2,2
mmstar,GIL,590,MiC,Gemma-4,1.0,0.0,instance reasoning,Gemma-4|InternVL|Llama-3.2,1
mmstar,GIL,599,MiC,InternVL,0.0,0.3333333333333333,instance reasoning,Gemma-4|InternVL|Llama-3.2,2
mmstar,GIL,600,MiC,Gemma-4,1.0,1.0,instance reasoning,Gemma-4|InternVL|Llama-3.2,1
mmstar,GIL,610,MiC,Gemma-4,1.0,0.16666666666666666,instance reasoning,Gemma-4|InternVL|Llama-3.2,1
mmstar,GIL,614,CC,Gemma-4,1.0,0.9166666666666667,instance reasoning,Gemma-4|InternVL|Llama-3.2,1
mmstar,GIL,617,MiC,Llama-3.2,1.0,0.5,instance reasoning,Gemma-4|InternVL|Llama-3.2,3
mmstar,GIL,620,CC,Llama-3.2,1.0,0.5,instance reasoning,Gemma-4|InternVL|Llama-3.2,3
mmstar,GIL,621,CC,Gemma-4,1.0,0.8333333333333333,instance reasoning,Gemma-4|InternVL|Llama-3.2,1
mmstar,GIL,625,CC,Gemma-4,1.0,0.8333333333333333,instance reasoning,Gemma-4|InternVL|Llama-3.2,1
mmstar,GIL,643,MiC,InternVL,0.0,0.0,instance reasoning,Gemma-4|InternVL|Llama-3.2,2
mmstar,GIL,647,MiC,Gemma-4,1.0,0.6666666666666666,instance reasoning,Gemma-4|InternVL|Llama-3.2,1
mmstar,GIL,680,MiC,Gemma-4,0.0,1.0,instance reasoning,Gemma-4|InternVL|Llama-3.2,1
mmstar,GIL,681,MiC,Llama-3.2,0.0,0.08333333333333333,instance reasoning,Gemma-4|InternVL|Llama-3.2,3
mmstar,GIL,686,MiC,Gemma-4,0.0,0.41666666666666663,instance reasoning,Gemma-4|InternVL|Llama-3.2,1
mmstar,GIL,687,CC,Llama-3.2,0.0,0.0,instance reasoning,Gemma-4|InternVL|Llama-3.2,3
mmstar,GIL,7,MiC,Gemma-4,0.0,1.0,coarse perception,Gemma-4|InternVL|Llama-3.2,1
mmstar,GIL,734,MiC,InternVL,0.0,0.5,instance reasoning,Gemma-4|InternVL|Llama-3.2,2
mmstar,GIL,751,MiC,InternVL,1.0,0.3333333333333333,logical reasoning,Gemma-4|InternVL|Llama-3.2,2
mmstar,GIL,754,MiC,InternVL,0.0,0.0,logical reasoning,Gemma-4|InternVL|Llama-3.2,2
mmstar,GIL,756,MiC,Gemma-4,0.0,0.0,logical reasoning,Gemma-4|InternVL|Llama-3.2,1
mmstar,GIL,758,CC,InternVL,0.0,1.0,logical reasoning,Gemma-4|InternVL|Llama-3.2,2
mmstar,GIL,76,MiC,Llama-3.2,0.0,0.25,coarse perception,Gemma-4|InternVL|Llama-3.2,3
mmstar,GIL,765,CC,Gemma-4,1.0,0.9166666666666667,logical reasoning,Gemma-4|InternVL|Llama-3.2,1
mmstar,GIL,766,MiC,Gemma-4,1.0,0.5,logical reasoning,Gemma-4|InternVL|Llama-3.2,1
mmstar,GIL,773,MiC,Gemma-4,1.0,0.5,logical reasoning,Gemma-4|InternVL|Llama-3.2,1
mmstar,GIL,795,MiC,Gemma-4,1.0,0.0,logical reasoning,Gemma-4|InternVL|Llama-3.2,1
mmstar,GIL,796,CC,InternVL,0.0,1.0,logical reasoning,Gemma-4|InternVL|Llama-3.2,2
mmstar,GIL,798,CC,Llama-3.2,0.0,0.0,logical reasoning,Gemma-4|InternVL|Llama-3.2,3
mmstar,GIL,799,CC,InternVL,1.0,0.75,logical reasoning,Gemma-4|InternVL|Llama-3.2,2
mmstar,GIL,800,CC,Gemma-4,0.0,0.5,logical reasoning,Gemma-4|InternVL|Llama-3.2,1
mmstar,GIL,81,CC,InternVL,0.0,1.0,coarse perception,Gemma-4|InternVL|Llama-3.2,2
mmstar,GIL,810,MiC,Gemma-4,0.0,0.8333333333333333,logical reasoning,Gemma-4|InternVL|Llama-3.2,1
mmstar,GIL,82,CC,Llama-3.2,1.0,0.0,coarse perception,Gemma-4|InternVL|Llama-3.2,3
mmstar,GIL,828,MiC,Llama-3.2,0.0,0.16666666666666666,logical reasoning,Gemma-4|InternVL|Llama-3.2,3
mmstar,GIL,835,MiC,Llama-3.2,0.0,0.3333333333333333,logical reasoning,Gemma-4|InternVL|Llama-3.2,3
mmstar,GIL,857,CC,Gemma-4,0.0,0.5,logical reasoning,Gemma-4|InternVL|Llama-3.2,1
mmstar,GIL,86,MiC,Llama-3.2,0.0,0.8333333333333333,coarse perception,Gemma-4|InternVL|Llama-3.2,3
mmstar,GIL,864,CC,Gemma-4,1.0,1.0,logical reasoning,Gemma-4|InternVL|Llama-3.2,1
mmstar,GIL,866,MiC,Gemma-4,1.0,0.5,logical reasoning,Gemma-4|InternVL|Llama-3.2,1
mmstar,GIL,867,CC,Gemma-4,0.0,0.9166666666666667,logical reasoning,Gemma-4|InternVL|Llama-3.2,1
mmstar,GIL,870,MiC,InternVL,0.0,0.75,logical reasoning,Gemma-4|InternVL|Llama-3.2,2
mmstar,GIL,876,CC,Llama-3.2,1.0,1.0,logical reasoning,Gemma-4|InternVL|Llama-3.2,3
mmstar,GIL,883,MiC,Llama-3.2,1.0,0.5,logical reasoning,Gemma-4|InternVL|Llama-3.2,3
mmstar,GIL,885,MiC,InternVL,0.0,0.25,logical reasoning,Gemma-4|InternVL|Llama-3.2,2
mmstar,GIL,90,MiC,InternVL,0.0,0.5,coarse perception,Gemma-4|InternVL|Llama-3.2,2
mmstar,GIL,907,CC,Llama-3.2,1.0,0.8333333333333333,logical reasoning,Gemma-4|InternVL|Llama-3.2,3
mmstar,GIL,915,CC,Gemma-4,1.0,0.6666666666666666,logical reasoning,Gemma-4|InternVL|Llama-3.2,1
mmstar,GIL,926,CC,InternVL,1.0,0.6666666666666666,logical reasoning,Gemma-4|InternVL|Llama-3.2,2
mmstar,GIL,938,CC,Gemma-4,0.3333333333333333,0.4166666666666667,logical reasoning,Gemma-4|InternVL|Llama-3.2,1
mmstar,GIL,942,CC,Gemma-4,1.0,0.3333333333333333,logical reasoning,Gemma-4|InternVL|Llama-3.2,1
mmstar,GIL,944,MiC,Gemma-4,1.0,0.6666666666666667,logical reasoning,Gemma-4|InternVL|Llama-3.2,1
mmstar,GIL,953,CC,Gemma-4,1.0,0.6666666666666667,logical reasoning,Gemma-4|InternVL|Llama-3.2,1
mmstar,GIL,960,MiC,InternVL,0.0,0.5833333333333334,logical reasoning,Gemma-4|InternVL|Llama-3.2,2
mmstar,GIL,969,CC,InternVL,0.0,0.5833333333333334,logical reasoning,Gemma-4|InternVL|Llama-3.2,2
mmstar,GIL,973,CC,InternVL,0.0,0.5,logical reasoning,Gemma-4|InternVL|Llama-3.2,2
mmstar,GIL,98,MiC,Llama-3.2,0.0,0.16666666666666666,coarse perception,Gemma-4|InternVL|Llama-3.2,3
mmstar,GIL,983,MiC,InternVL,1.0,0.4166666666666667,logical reasoning,Gemma-4|InternVL|Llama-3.2,2
mmstar,GIP,10,MiC,InternVL,0.0,0.8333333333333333,coarse perception,Gemma-4|InternVL|Pixtral,2
mmstar,GIP,1005,MiC,InternVL,1.0,0.5833333333333334,math,Gemma-4|InternVL|Pixtral,2
mmstar,GIP,1010,MiC,Gemma-4,0.0,0.6666666666666666,math,Gemma-4|InternVL|Pixtral,1
mmstar,GIP,1019,CC,Gemma-4,1.0,0.6666666666666666,math,Gemma-4|InternVL|Pixtral,1
mmstar,GIP,1033,MiC,Gemma-4,0.0,0.25,math,Gemma-4|InternVL|Pixtral,1
mmstar,GIP,1034,MiC,InternVL,0.0,0.08333333333333333,math,Gemma-4|InternVL|Pixtral,2
mmstar,GIP,1057,CC,Gemma-4,0.0,0.6666666666666666,math,Gemma-4|InternVL|Pixtral,1
mmstar,GIP,106,CC,Gemma-4,0.0,0.0,coarse perception,Gemma-4|InternVL|Pixtral,1
mmstar,GIP,1065,MiC,Pixtral,1.0,0.75,math,Gemma-4|InternVL|Pixtral,3
mmstar,GIP,1073,CC,Pixtral,1.0,0.25,math,Gemma-4|InternVL|Pixtral,3
mmstar,GIP,1078,MiC,Gemma-4,0.0,0.5,math,Gemma-4|InternVL|Pixtral,1
mmstar,GIP,1079,MiC,Gemma-4,1.0,0.9166666666666667,math,Gemma-4|InternVL|Pixtral,1
mmstar,GIP,108,CC,InternVL,1.0,0.16666666666666666,coarse perception,Gemma-4|InternVL|Pixtral,2
mmstar,GIP,1081,CC,Gemma-4,0.0,0.5833333333333334,math,Gemma-4|InternVL|Pixtral,1
mmstar,GIP,1100,MiC,Gemma-4,0.0,0.75,math,Gemma-4|InternVL|Pixtral,1
mmstar,GIP,111,MiC,Gemma-4,0.0,0.5,coarse perception,Gemma-4|InternVL|Pixtral,1
mmstar,GIP,1117,CC,Gemma-4,0.0,0.75,math,Gemma-4|InternVL|Pixtral,1
mmstar,GIP,1122,MiC,Gemma-4,1.0,0.5833333333333334,math,Gemma-4|InternVL|Pixtral,1
mmstar,GIP,1128,CC,Gemma-4,0.3333333333333333,0.16666666666666666,math,Gemma-4|InternVL|Pixtral,1
mmstar,GIP,1134,CC,Gemma-4,0.0,0.5,math,Gemma-4|InternVL|Pixtral,1
mmstar,GIP,114,MiC,Pixtral,1.0,0.9166666666666667,coarse perception,Gemma-4|InternVL|Pixtral,3
mmstar,GIP,1148,MiC,Gemma-4,1.0,0.75,math,Gemma-4|InternVL|Pixtral,1
mmstar,GIP,1165,MiC,InternVL,0.0,0.5,math,Gemma-4|InternVL|Pixtral,2
mmstar,GIP,1166,CC,Gemma-4,1.0,0.5833333333333334,math,Gemma-4|InternVL|Pixtral,1
mmstar,GIP,1171,CC,InternVL,0.0,0.6666666666666666,math,Gemma-4|InternVL|Pixtral,2
mmstar,GIP,1177,CC,InternVL,0.0,0.5,math,Gemma-4|InternVL|Pixtral,2
mmstar,GIP,1178,MiC,InternVL,0.0,1.0,math,Gemma-4|InternVL|Pixtral,2
mmstar,GIP,1180,MiC,InternVL,0.0,1.0,math,Gemma-4|InternVL|Pixtral,2
mmstar,GIP,1189,MiC,Gemma-4,0.0,0.16666666666666666,math,Gemma-4|InternVL|Pixtral,1
mmstar,GIP,1220,MiC,Gemma-4,0.0,0.5833333333333334,math,Gemma-4|InternVL|Pixtral,1
mmstar,GIP,1223,CC,Gemma-4,0.0,0.6666666666666666,math,Gemma-4|InternVL|Pixtral,1
mmstar,GIP,1235,CC,Gemma-4,0.0,0.3333333333333333,math,Gemma-4|InternVL|Pixtral,1
mmstar,GIP,1250,CC,InternVL,0.0,0.0,science & technology,Gemma-4|InternVL|Pixtral,2
mmstar,GIP,1254,MiC,Gemma-4,0.0,0.8333333333333333,science & technology,Gemma-4|InternVL|Pixtral,1
mmstar,GIP,1265,MiC,InternVL,1.0,0.5833333333333334,science & technology,Gemma-4|InternVL|Pixtral,2
mmstar,GIP,1267,CC,Pixtral,0.0,0.3333333333333333,science & technology,Gemma-4|InternVL|Pixtral,3
mmstar,GIP,1272,MiC,Gemma-4,0.0,0.4166666666666667,science & technology,Gemma-4|InternVL|Pixtral,1
mmstar,GIP,1276,CC,Gemma-4,0.0,0.41666666666666663,science & technology,Gemma-4|InternVL|Pixtral,1
mmstar,GIP,1280,MiC,Pixtral,0.0,0.5833333333333333,science & technology,Gemma-4|InternVL|Pixtral,3
mmstar,GIP,1282,CC,Gemma-4,1.0,0.9166666666666667,science & technology,Gemma-4|InternVL|Pixtral,1
mmstar,GIP,1292,CC,InternVL,1.0,0.5833333333333334,science & technology,Gemma-4|InternVL|Pixtral,2
mmstar,GIP,1293,MiC,Gemma-4,0.0,0.5,science & technology,Gemma-4|InternVL|Pixtral,1
mmstar,GIP,1296,MiC,Gemma-4,0.0,0.5,science & technology,Gemma-4|InternVL|Pixtral,1
mmstar,GIP,1297,CC,Gemma-4,1.0,0.6666666666666666,science & technology,Gemma-4|InternVL|Pixtral,1
mmstar,GIP,1298,CC,InternVL,0.3333333333333333,0.41666666666666663,science & technology,Gemma-4|InternVL|Pixtral,2
mmstar,GIP,1299,MiC,Gemma-4,0.0,0.5,science & technology,Gemma-4|InternVL|Pixtral,1
mmstar,GIP,1305,CC,Gemma-4,1.0,0.8333333333333333,science & technology,Gemma-4|InternVL|Pixtral,1
mmstar,GIP,1306,MiC,Gemma-4,1.0,0.5833333333333334,science & technology,Gemma-4|InternVL|Pixtral,1
mmstar,GIP,1310,CC,Pixtral,0.0,0.16666666666666666,science & technology,Gemma-4|InternVL|Pixtral,3
mmstar,GIP,1313,CC,Gemma-4,1.0,0.6666666666666666,science & technology,Gemma-4|InternVL|Pixtral,1
mmstar,GIP,1317,CC,Gemma-4,0.3333333333333333,0.5833333333333334,science & technology,Gemma-4|InternVL|Pixtral,1
mmstar,GIP,1322,MiC,Gemma-4,0.3333333333333333,0.16666666666666666,science & technology,Gemma-4|InternVL|Pixtral,1
mmstar,GIP,133,MiC,InternVL,0.0,0.0,coarse perception,Gemma-4|InternVL|Pixtral,2
mmstar,GIP,1333,CC,InternVL,1.0,0.3333333333333333,science & technology,Gemma-4|InternVL|Pixtral,2
mmstar,GIP,1350,CC,Pixtral,0.0,0.5,science & technology,Gemma-4|InternVL|Pixtral,3
mmstar,GIP,1354,MiC,Gemma-4,1.0,0.5833333333333334,science & technology,Gemma-4|InternVL|Pixtral,1
mmstar,GIP,1358,CC,Pixtral,0.0,0.75,science & technology,Gemma-4|InternVL|Pixtral,3
mmstar,GIP,1371,MiC,Gemma-4,1.0,0.5,science & technology,Gemma-4|InternVL|Pixtral,1
mmstar,GIP,1373,MiC,Pixtral,0.0,0.75,science & technology,Gemma-4|InternVL|Pixtral,3
mmstar,GIP,1377,MiC,InternVL,0.0,0.0,science & technology,Gemma-4|InternVL|Pixtral,2
mmstar,GIP,1381,MiC,Gemma-4,0.0,0.5,science & technology,Gemma-4|InternVL|Pixtral,1
mmstar,GIP,1385,MiC,Gemma-4,0.0,0.75,science & technology,Gemma-4|InternVL|Pixtral,1
mmstar,GIP,1391,CC,Gemma-4,0.0,0.5,science & technology,Gemma-4|InternVL|Pixtral,1
mmstar,GIP,1394,MiC,Pixtral,0.0,0.75,science & technology,Gemma-4|InternVL|Pixtral,3
mmstar,GIP,1400,CC,Gemma-4,1.0,0.0,science & technology,Gemma-4|InternVL|Pixtral,1
mmstar,GIP,1406,MiC,Gemma-4,0.0,0.5,science & technology,Gemma-4|InternVL|Pixtral,1
mmstar,GIP,1413,CC,Gemma-4,1.0,0.4166666666666667,science & technology,Gemma-4|InternVL|Pixtral,1
mmstar,GIP,1414,CC,Pixtral,0.0,0.16666666666666666,science & technology,Gemma-4|InternVL|Pixtral,3
mmstar,GIP,1415,MiC,Gemma-4,1.0,0.5,science & technology,Gemma-4|InternVL|Pixtral,1
mmstar,GIP,1419,CC,Pixtral,1.0,0.0,science & technology,Gemma-4|InternVL|Pixtral,3
mmstar,GIP,1420,MiC,Gemma-4,0.0,0.5833333333333334,science & technology,Gemma-4|InternVL|Pixtral,1
mmstar,GIP,1421,MiC,Gemma-4,1.0,0.5833333333333334,science & technology,Gemma-4|InternVL|Pixtral,1
mmstar,GIP,1427,MiC,InternVL,1.0,0.16666666666666666,science & technology,Gemma-4|InternVL|Pixtral,2
mmstar,GIP,1428,MiC,InternVL,0.0,0.25,science & technology,Gemma-4|InternVL|Pixtral,2
mmstar,GIP,1432,CC,Gemma-4,0.0,0.0,science & technology,Gemma-4|InternVL|Pixtral,1
mmstar,GIP,1434,CC,Pixtral,1.0,0.5,science & technology,Gemma-4|InternVL|Pixtral,3
mmstar,GIP,1435,MiC,Pixtral,0.0,0.41666666666666663,science & technology,Gemma-4|InternVL|Pixtral,3
mmstar,GIP,1437,MiC,Gemma-4,1.0,0.5,science & technology,Gemma-4|InternVL|Pixtral,1
mmstar,GIP,1438,MiC,Gemma-4,1.0,0.0,science & technology,Gemma-4|InternVL|Pixtral,1
mmstar,GIP,144,CC,Gemma-4,0.3333333333333333,0.41666666666666663,coarse perception,Gemma-4|InternVL|Pixtral,1
mmstar,GIP,1444,CC,Gemma-4,1.0,0.5,science & technology,Gemma-4|InternVL|Pixtral,1
mmstar,GIP,1450,MiC,InternVL,1.0,0.0,science & technology,Gemma-4|InternVL|Pixtral,2
mmstar,GIP,1452,MiC,Gemma-4,1.0,0.8333333333333333,science & technology,Gemma-4|InternVL|Pixtral,1
mmstar,GIP,1453,MiC,Gemma-4,0.0,0.5833333333333334,science & technology,Gemma-4|InternVL|Pixtral,1
mmstar,GIP,1457,CC,InternVL,0.3333333333333333,0.16666666666666666,science & technology,Gemma-4|InternVL|Pixtral,2
mmstar,GIP,146,MiC,InternVL,1.0,0.0,coarse perception,Gemma-4|InternVL|Pixtral,2
mmstar,GIP,1461,MiC,Gemma-4,0.0,0.0,science & technology,Gemma-4|InternVL|Pixtral,1
mmstar,GIP,1469,CC,InternVL,0.3333333333333333,0.8333333333333333,science & technology,Gemma-4|InternVL|Pixtral,2
mmstar,GIP,147,MiC,Pixtral,0.0,0.5,coarse perception,Gemma-4|InternVL|Pixtral,3
mmstar,GIP,1481,CC,Gemma-4,0.0,0.4166666666666667,science & technology,Gemma-4|InternVL|Pixtral,1
mmstar,GIP,1483,MiC,Gemma-4,1.0,0.5833333333333334,science & technology,Gemma-4|InternVL|Pixtral,1
mmstar,GIP,1487,MiC,Gemma-4,0.0,0.5,science & technology,Gemma-4|InternVL|Pixtral,1
mmstar,GIP,1492,CC,Gemma-4,1.0,0.9166666666666667,science & technology,Gemma-4|InternVL|Pixtral,1
mmstar,GIP,163,MiC,Gemma-4,1.0,0.5833333333333334,coarse perception,Gemma-4|InternVL|Pixtral,1
mmstar,GIP,164,MiC,Gemma-4,1.0,1.0,coarse perception,Gemma-4|InternVL|Pixtral,1
mmstar,GIP,17,MiC,InternVL,0.0,0.5833333333333334,coarse perception,Gemma-4|InternVL|Pixtral,2
mmstar,GIP,18,MiC,Gemma-4,0.0,0.0,coarse perception,Gemma-4|InternVL|Pixtral,1
mmstar,GIP,19,MiC,Gemma-4,1.0,0.5,coarse perception,Gemma-4|InternVL|Pixtral,1
mmstar,GIP,21,MiC,Pixtral,0.0,0.25,coarse perception,Gemma-4|InternVL|Pixtral,3
mmstar,GIP,23,CC,Pixtral,0.0,0.5833333333333334,coarse perception,Gemma-4|InternVL|Pixtral,3
mmstar,GIP,251,CC,Gemma-4,1.0,0.0,fine-grained perception,Gemma-4|InternVL|Pixtral,1
mmstar,GIP,254,MiC,Pixtral,0.3333333333333333,0.0,fine-grained perception,Gemma-4|InternVL|Pixtral,3
mmstar,GIP,265,MiC,Gemma-4,1.0,0.25,fine-grained perception,Gemma-4|InternVL|Pixtral,1
mmstar,GIP,266,MiC,InternVL,0.0,0.5,fine-grained perception,Gemma-4|InternVL|Pixtral,2
mmstar,GIP,270,MiC,InternVL,0.0,0.5,fine-grained perception,Gemma-4|InternVL|Pixtral,2
mmstar,GIP,277,MiC,Pixtral,1.0,0.8333333333333333,fine-grained perception,Gemma-4|InternVL|Pixtral,3
mmstar,GIP,283,MiC,Gemma-4,1.0,0.3333333333333333,fine-grained perception,Gemma-4|InternVL|Pixtral,1
mmstar,GIP,284,MiC,InternVL,0.0,0.0,fine-grained perception,Gemma-4|InternVL|Pixtral,2
mmstar,GIP,291,MiC,Gemma-4,1.0,0.0,fine-grained perception,Gemma-4|InternVL|Pixtral,1
mmstar,GIP,293,MiC,InternVL,0.0,0.0,fine-grained perception,Gemma-4|InternVL|Pixtral,2
mmstar,GIP,297,MiC,InternVL,1.0,0.5,fine-grained perception,Gemma-4|InternVL|Pixtral,2
mmstar,GIP,303,MiC,InternVL,0.0,0.6666666666666666,fine-grained perception,Gemma-4|InternVL|Pixtral,2
mmstar,GIP,305,MiC,Pixtral,0.0,0.0,fine-grained perception,Gemma-4|InternVL|Pixtral,3
mmstar,GIP,307,CC,Gemma-4,1.0,0.41666666666666663,fine-grained perception,Gemma-4|InternVL|Pixtral,1
mmstar,GIP,309,MiC,InternVL,0.0,0.0,fine-grained perception,Gemma-4|InternVL|Pixtral,2
mmstar,GIP,310,CC,Gemma-4,1.0,0.6666666666666666,fine-grained perception,Gemma-4|InternVL|Pixtral,1
mmstar,GIP,312,CC,Gemma-4,1.0,0.25,fine-grained perception,Gemma-4|InternVL|Pixtral,1
mmstar,GIP,313,MiC,Gemma-4,1.0,0.4166666666666667,fine-grained perception,Gemma-4|InternVL|Pixtral,1
mmstar,GIP,315,CC,InternVL,0.0,0.5,fine-grained perception,Gemma-4|InternVL|Pixtral,2
mmstar,GIP,32,CC,Pixtral,1.0,0.08333333333333333,coarse perception,Gemma-4|InternVL|Pixtral,3
mmstar,GIP,322,MiC,Gemma-4,1.0,0.5,fine-grained perception,Gemma-4|InternVL|Pixtral,1
mmstar,GIP,331,MiC,Pixtral,1.0,0.5,fine-grained perception,Gemma-4|InternVL|Pixtral,3
mmstar,GIP,333,CC,Gemma-4,1.0,0.5,fine-grained perception,Gemma-4|InternVL|Pixtral,1
mmstar,GIP,337,MiC,Gemma-4,0.0,0.9166666666666667,fine-grained perception,Gemma-4|InternVL|Pixtral,1
mmstar,GIP,347,MiC,Gemma-4,0.0,0.5833333333333334,fine-grained perception,Gemma-4|InternVL|Pixtral,1
mmstar,GIP,350,CC,InternVL,1.0,0.4166666666666667,fine-grained perception,Gemma-4|InternVL|Pixtral,2
mmstar,GIP,354,MiC,Pixtral,1.0,0.08333333333333333,fine-grained perception,Gemma-4|InternVL|Pixtral,3
mmstar,GIP,355,MiC,InternVL,0.0,0.0,fine-grained perception,Gemma-4|InternVL|Pixtral,2
mmstar,GIP,356,MiC,InternVL,0.0,0.5,fine-grained perception,Gemma-4|InternVL|Pixtral,2
mmstar,GIP,36,CC,Pixtral,0.0,0.41666666666666663,coarse perception,Gemma-4|InternVL|Pixtral,3
mmstar,GIP,371,MiC,Gemma-4,1.0,1.0,fine-grained perception,Gemma-4|InternVL|Pixtral,1
mmstar,GIP,376,MiC,Gemma-4,1.0,0.5,fine-grained perception,Gemma-4|InternVL|Pixtral,1
mmstar,GIP,38,MiC,InternVL,0.0,0.41666666666666663,coarse perception,Gemma-4|InternVL|Pixtral,2
mmstar,GIP,387,MiC,Gemma-4,0.0,0.5,fine-grained perception,Gemma-4|InternVL|Pixtral,1
mmstar,GIP,394,MiC,InternVL,0.0,0.8333333333333333,fine-grained perception,Gemma-4|InternVL|Pixtral,2
mmstar,GIP,395,CC,InternVL,0.3333333333333333,0.4166666666666667,fine-grained perception,Gemma-4|InternVL|Pixtral,2
mmstar,GIP,396,MiC,InternVL,0.0,0.5833333333333334,fine-grained perception,Gemma-4|InternVL|Pixtral,2
mmstar,GIP,409,MiC,Gemma-4,0.0,0.0,fine-grained perception,Gemma-4|InternVL|Pixtral,1
mmstar,GIP,415,CC,Gemma-4,0.3333333333333333,0.0,fine-grained perception,Gemma-4|InternVL|Pixtral,1
mmstar,GIP,423,MiC,InternVL,0.0,0.25,fine-grained perception,Gemma-4|InternVL|Pixtral,2
mmstar,GIP,432,MiC,InternVL,0.0,0.0,fine-grained perception,Gemma-4|InternVL|Pixtral,2
mmstar,GIP,434,MiC,Pixtral,1.0,0.16666666666666666,fine-grained perception,Gemma-4|InternVL|Pixtral,3
mmstar,GIP,435,MiC,InternVL,0.0,0.5,fine-grained perception,Gemma-4|InternVL|Pixtral,2
mmstar,GIP,436,MiC,Pixtral,0.0,0.0,fine-grained perception,Gemma-4|InternVL|Pixtral,3
mmstar,GIP,437,MiC,Gemma-4,1.0,0.25,fine-grained perception,Gemma-4|InternVL|Pixtral,1
mmstar,GIP,443,MiC,InternVL,0.0,0.9166666666666667,fine-grained perception,Gemma-4|InternVL|Pixtral,2
mmstar,GIP,446,MiC,InternVL,0.0,0.5,fine-grained perception,Gemma-4|InternVL|Pixtral,2
mmstar,GIP,448,CC,Gemma-4,0.0,0.5,fine-grained perception,Gemma-4|InternVL|Pixtral,1
mmstar,GIP,449,CC,Gemma-4,1.0,0.8333333333333333,fine-grained perception,Gemma-4|InternVL|Pixtral,1
mmstar,GIP,45,CC,Pixtral,0.0,0.0,coarse perception,Gemma-4|InternVL|Pixtral,3
mmstar,GIP,451,MiC,Pixtral,0.0,0.16666666666666666,fine-grained perception,Gemma-4|InternVL|Pixtral,3
mmstar,GIP,455,MiC,InternVL,0.0,0.5833333333333334,fine-grained perception,Gemma-4|InternVL|Pixtral,2
mmstar,GIP,467,CC,Pixtral,1.0,0.0,fine-grained perception,Gemma-4|InternVL|Pixtral,3
mmstar,GIP,469,MiC,Gemma-4,0.0,0.75,fine-grained perception,Gemma-4|InternVL|Pixtral,1
mmstar,GIP,47,MiC,Gemma-4,1.0,0.5,coarse perception,Gemma-4|InternVL|Pixtral,1
mmstar,GIP,475,MiC,Pixtral,0.0,0.25,fine-grained perception,Gemma-4|InternVL|Pixtral,3
mmstar,GIP,478,MiC,InternVL,0.0,0.5,fine-grained perception,Gemma-4|InternVL|Pixtral,2
mmstar,GIP,482,MiC,Gemma-4,0.0,0.0,fine-grained perception,Gemma-4|InternVL|Pixtral,1
mmstar,GIP,483,MiC,InternVL,0.0,0.0,fine-grained perception,Gemma-4|InternVL|Pixtral,2
mmstar,GIP,486,CC,Gemma-4,0.0,1.0,fine-grained perception,Gemma-4|InternVL|Pixtral,1
mmstar,GIP,494,MiC,Pixtral,0.0,0.0,fine-grained perception,Gemma-4|InternVL|Pixtral,3
mmstar,GIP,497,CC,InternVL,0.0,0.5,fine-grained perception,Gemma-4|InternVL|Pixtral,2
mmstar,GIP,504,CC,Gemma-4,1.0,0.0,instance reasoning,Gemma-4|InternVL|Pixtral,1
mmstar,GIP,510,MiC,Pixtral,0.0,0.08333333333333333,instance reasoning,Gemma-4|InternVL|Pixtral,3
mmstar,GIP,512,MiC,Pixtral,0.0,0.0,instance reasoning,Gemma-4|InternVL|Pixtral,3
mmstar,GIP,517,CC,Gemma-4,1.0,0.5,instance reasoning,Gemma-4|InternVL|Pixtral,1
mmstar,GIP,52,MiC,InternVL,0.0,1.0,coarse perception,Gemma-4|InternVL|Pixtral,2
mmstar,GIP,524,CC,Pixtral,0.0,0.0,instance reasoning,Gemma-4|InternVL|Pixtral,3
mmstar,GIP,525,MiC,InternVL,0.0,0.08333333333333333,instance reasoning,Gemma-4|InternVL|Pixtral,2
mmstar,GIP,528,CC,Gemma-4,0.0,0.4166666666666667,instance reasoning,Gemma-4|InternVL|Pixtral,1
mmstar,GIP,53,MiC,Gemma-4,1.0,0.4166666666666667,coarse perception,Gemma-4|InternVL|Pixtral,1
mmstar,GIP,530,MiC,Pixtral,0.0,0.25,instance reasoning,Gemma-4|InternVL|Pixtral,3
mmstar,GIP,536,MiC,Pixtral,1.0,0.08333333333333333,instance reasoning,Gemma-4|InternVL|Pixtral,3
mmstar,GIP,545,MiC,Pixtral,0.0,0.5,instance reasoning,Gemma-4|InternVL|Pixtral,3
mmstar,GIP,554,CC,Pixtral,0.0,0.4166666666666667,instance reasoning,Gemma-4|InternVL|Pixtral,3
mmstar,GIP,561,MiC,InternVL,0.0,0.9166666666666667,instance reasoning,Gemma-4|InternVL|Pixtral,2
mmstar,GIP,573,MiC,InternVL,0.0,0.08333333333333333,instance reasoning,Gemma-4|InternVL|Pixtral,2
mmstar,GIP,58,MiC,InternVL,0.0,0.4166666666666667,coarse perception,Gemma-4|InternVL|Pixtral,2
mmstar,GIP,582,CC,Gemma-4,1.0,0.0,instance reasoning,Gemma-4|InternVL|Pixtral,1
mmstar,GIP,589,CC,Gemma-4,1.0,0.5833333333333334,instance reasoning,Gemma-4|InternVL|Pixtral,1
mmstar,GIP,590,MiC,Gemma-4,0.0,0.08333333333333333,instance reasoning,Gemma-4|InternVL|Pixtral,1
mmstar,GIP,61,MiC,Pixtral,0.0,0.25,coarse perception,Gemma-4|InternVL|Pixtral,3
mmstar,GIP,610,MiC,Gemma-4,0.0,0.16666666666666666,instance reasoning,Gemma-4|InternVL|Pixtral,1
mmstar,GIP,621,MiC,Pixtral,1.0,0.5,instance reasoning,Gemma-4|InternVL|Pixtral,3
mmstar,GIP,625,MiC,Pixtral,0.0,0.6666666666666666,instance reasoning,Gemma-4|InternVL|Pixtral,3
mmstar,GIP,638,CC,InternVL,0.0,1.0,instance reasoning,Gemma-4|InternVL|Pixtral,2
mmstar,GIP,639,CC,Gemma-4,1.0,0.41666666666666663,instance reasoning,Gemma-4|InternVL|Pixtral,1
mmstar,GIP,641,CC,InternVL,1.0,0.5,instance reasoning,Gemma-4|InternVL|Pixtral,2
mmstar,GIP,648,MiC,Pixtral,0.0,0.3333333333333333,instance reasoning,Gemma-4|InternVL|Pixtral,3
mmstar,GIP,650,MiC,Gemma-4,0.0,0.0,instance reasoning,Gemma-4|InternVL|Pixtral,1
mmstar,GIP,656,CC,InternVL,1.0,0.5,instance reasoning,Gemma-4|InternVL|Pixtral,2
mmstar,GIP,661,MiC,Gemma-4,1.0,0.41666666666666663,instance reasoning,Gemma-4|InternVL|Pixtral,1
mmstar,GIP,7,MiC,Pixtral,0.0,0.5,coarse perception,Gemma-4|InternVL|Pixtral,3
mmstar,GIP,75,MiC,Gemma-4,0.0,0.5833333333333334,coarse perception,Gemma-4|InternVL|Pixtral,1
mmstar,GIP,763,MiC,Gemma-4,0.0,0.4166666666666667,logical reasoning,Gemma-4|InternVL|Pixtral,1
mmstar,GIP,766,CC,Gemma-4,1.0,0.5,logical reasoning,Gemma-4|InternVL|Pixtral,1
mmstar,GIP,773,CC,Gemma-4,1.0,0.5,logical reasoning,Gemma-4|InternVL|Pixtral,1
mmstar,GIP,79,CC,Gemma-4,0.3333333333333333,0.8333333333333333,coarse perception,Gemma-4|InternVL|Pixtral,1
mmstar,GIP,795,MiC,InternVL,0.0,0.08333333333333333,logical reasoning,Gemma-4|InternVL|Pixtral,2
mmstar,GIP,800,MiC,Gemma-4,0.0,0.5,logical reasoning,Gemma-4|InternVL|Pixtral,1
mmstar,GIP,815,MiC,Pixtral,0.0,0.0,logical reasoning,Gemma-4|InternVL|Pixtral,3
mmstar,GIP,82,CC,Gemma-4,1.0,0.5,coarse perception,Gemma-4|InternVL|Pixtral,1
mmstar,GIP,836,MiC,InternVL,0.0,0.8333333333333333,logical reasoning,Gemma-4|InternVL|Pixtral,2
mmstar,GIP,851,MiC,Gemma-4,1.0,0.5,logical reasoning,Gemma-4|InternVL|Pixtral,1
mmstar,GIP,857,CC,Gemma-4,0.3333333333333333,0.5,logical reasoning,Gemma-4|InternVL|Pixtral,1
mmstar,GIP,858,MiC,Gemma-4,1.0,0.9166666666666667,logical reasoning,Gemma-4|InternVL|Pixtral,1
mmstar,GIP,86,MiC,Pixtral,0.0,0.5833333333333333,coarse perception,Gemma-4|InternVL|Pixtral,3
mmstar,GIP,866,MiC,Gemma-4,1.0,0.6666666666666666,logical reasoning,Gemma-4|InternVL|Pixtral,1
mmstar,GIP,876,CC,Pixtral,1.0,0.75,logical reasoning,Gemma-4|InternVL|Pixtral,3
mmstar,GIP,896,MiC,InternVL,0.0,0.5,logical reasoning,Gemma-4|InternVL|Pixtral,2
mmstar,GIP,9,MiC,Pixtral,0.0,0.0,coarse perception,Gemma-4|InternVL|Pixtral,3
mmstar,GIP,90,CC,InternVL,1.0,0.3333333333333333,coarse perception,Gemma-4|InternVL|Pixtral,2
mmstar,GIP,907,CC,Pixtral,0.3333333333333333,1.0,logical reasoning,Gemma-4|InternVL|Pixtral,3
mmstar,GIP,916,MiC,InternVL,0.0,0.41666666666666663,logical reasoning,Gemma-4|InternVL|Pixtral,2
mmstar,GIP,928,MiC,InternVL,0.0,1.0,logical reasoning,Gemma-4|InternVL|Pixtral,2
mmstar,GIP,937,CC,Pixtral,0.0,0.0,logical reasoning,Gemma-4|InternVL|Pixtral,3
mmstar,GIP,938,CC,Gemma-4,1.0,0.4166666666666667,logical reasoning,Gemma-4|InternVL|Pixtral,1
mmstar,GIP,94,MiC,Gemma-4,0.0,0.9166666666666667,coarse perception,Gemma-4|InternVL|Pixtral,1
mmstar,GIP,944,CC,Gemma-4,0.0,0.4166666666666667,logical reasoning,Gemma-4|InternVL|Pixtral,1
mmstar,GIP,951,CC,InternVL,0.0,0.5,logical reasoning,Gemma-4|InternVL|Pixtral,2
mmstar,GIP,96,MiC,Pixtral,0.0,0.0,coarse perception,Gemma-4|InternVL|Pixtral,3
mmstar,GIP,960,MiC,InternVL,0.0,0.5,logical reasoning,Gemma-4|InternVL|Pixtral,2
mmstar,GIP,961,CC,InternVL,0.3333333333333333,0.9166666666666667,logical reasoning,Gemma-4|InternVL|Pixtral,2
mmstar,GIP,969,MiC,InternVL,0.0,0.5833333333333334,logical reasoning,Gemma-4|InternVL|Pixtral,2
mmstar,GIQ,10,MiC,InternVL,0.0,0.5833333333333334,coarse perception,Gemma-4|InternVL|Qwen3.5,3
mmstar,GIQ,1012,CC,Qwen3.5,1.0,0.25,math,Gemma-4|InternVL|Qwen3.5,1
mmstar,GIQ,1033,MiC,Gemma-4,1.0,0.25,math,Gemma-4|InternVL|Qwen3.5,2
mmstar,GIQ,1034,MiC,InternVL,0.0,0.08333333333333333,math,Gemma-4|InternVL|Qwen3.5,3
mmstar,GIQ,104,CC,Qwen3.5,0.0,0.5,coarse perception,Gemma-4|InternVL|Qwen3.5,1
mmstar,GIQ,1047,CC,Gemma-4,0.0,0.8333333333333333,math,Gemma-4|InternVL|Qwen3.5,2
mmstar,GIQ,105,MiC,Qwen3.5,0.0,0.0,coarse perception,Gemma-4|InternVL|Qwen3.5,1
mmstar,GIQ,1050,MiC,Qwen3.5,1.0,0.08333333333333333,math,Gemma-4|InternVL|Qwen3.5,1
mmstar,GIQ,1073,CC,InternVL,0.0,0.5,math,Gemma-4|InternVL|Qwen3.5,3
mmstar,GIQ,108,CC,InternVL,1.0,0.08333333333333333,coarse perception,Gemma-4|InternVL|Qwen3.5,3
mmstar,GIQ,1085,MiC,Gemma-4,1.0,0.5833333333333334,math,Gemma-4|InternVL|Qwen3.5,2
mmstar,GIQ,1128,MiC,Gemma-4,0.0,0.16666666666666666,math,Gemma-4|InternVL|Qwen3.5,2
mmstar,GIQ,113,MiC,Gemma-4,0.0,0.25,coarse perception,Gemma-4|InternVL|Qwen3.5,2
mmstar,GIQ,1132,MiC,InternVL,0.0,0.9166666666666667,math,Gemma-4|InternVL|Qwen3.5,3
mmstar,GIQ,1136,MiC,Qwen3.5,0.0,0.0,math,Gemma-4|InternVL|Qwen3.5,1
mmstar,GIQ,114,MiC,Qwen3.5,1.0,0.9166666666666667,coarse perception,Gemma-4|InternVL|Qwen3.5,1
mmstar,GIQ,1177,CC,Gemma-4,0.0,0.4166666666666667,math,Gemma-4|InternVL|Qwen3.5,2
mmstar,GIQ,1189,MiC,Gemma-4,0.0,0.16666666666666666,math,Gemma-4|InternVL|Qwen3.5,2
mmstar,GIQ,1205,MiC,InternVL,0.0,0.5833333333333334,math,Gemma-4|InternVL|Qwen3.5,3
mmstar,GIQ,124,MiC,InternVL,0.0,0.75,coarse perception,Gemma-4|InternVL|Qwen3.5,3
mmstar,GIQ,1250,CC,InternVL,0.0,0.0,science & technology,Gemma-4|InternVL|Qwen3.5,3
mmstar,GIQ,1253,MiC,Qwen3.5,0.0,0.08333333333333333,science & technology,Gemma-4|InternVL|Qwen3.5,1
mmstar,GIQ,1258,CC,Qwen3.5,1.0,0.08333333333333333,science & technology,Gemma-4|InternVL|Qwen3.5,1
mmstar,GIQ,1264,MiC,Qwen3.5,1.0,0.08333333333333333,science & technology,Gemma-4|InternVL|Qwen3.5,1
mmstar,GIQ,1266,CC,Gemma-4,1.0,0.0,science & technology,Gemma-4|InternVL|Qwen3.5,2
mmstar,GIQ,1267,MiC,InternVL,0.0,0.16666666666666666,science & technology,Gemma-4|InternVL|Qwen3.5,3
mmstar,GIQ,1272,MiC,Qwen3.5,0.0,0.0,science & technology,Gemma-4|InternVL|Qwen3.5,1
mmstar,GIQ,1273,CC,InternVL,0.0,0.41666666666666663,science & technology,Gemma-4|InternVL|Qwen3.5,3
mmstar,GIQ,1275,MiC,Gemma-4,1.0,0.3333333333333333,science & technology,Gemma-4|InternVL|Qwen3.5,2
mmstar,GIQ,1278,MiC,Gemma-4,0.0,0.8333333333333334,science & technology,Gemma-4|InternVL|Qwen3.5,2
mmstar,GIQ,128,MiC,Qwen3.5,0.0,0.5,coarse perception,Gemma-4|InternVL|Qwen3.5,1
mmstar,GIQ,1285,CC,Gemma-4,1.0,0.0,science & technology,Gemma-4|InternVL|Qwen3.5,2
mmstar,GIQ,1289,CC,InternVL,0.0,0.0,science & technology,Gemma-4|InternVL|Qwen3.5,3
mmstar,GIQ,1294,MiC,Gemma-4,1.0,0.3333333333333333,science & technology,Gemma-4|InternVL|Qwen3.5,2
mmstar,GIQ,1295,CC,Gemma-4,1.0,0.5833333333333334,science & technology,Gemma-4|InternVL|Qwen3.5,2
mmstar,GIQ,1298,CC,Qwen3.5,1.0,0.25,science & technology,Gemma-4|InternVL|Qwen3.5,1
mmstar,GIQ,1305,MiC,Qwen3.5,0.3333333333333333,0.3333333333333333,science & technology,Gemma-4|InternVL|Qwen3.5,1
mmstar,GIQ,1309,MiC,Qwen3.5,0.0,0.5833333333333334,science & technology,Gemma-4|InternVL|Qwen3.5,1
mmstar,GIQ,1310,CC,Gemma-4,1.0,0.5833333333333334,science & technology,Gemma-4|InternVL|Qwen3.5,2
mmstar,GIQ,1322,CC,Gemma-4,0.0,0.16666666666666666,science & technology,Gemma-4|InternVL|Qwen3.5,2
mmstar,GIQ,1328,MiC,Gemma-4,0.0,0.5,science & technology,Gemma-4|InternVL|Qwen3.5,2
mmstar,GIQ,133,CC,InternVL,0.3333333333333333,0.0,coarse perception,Gemma-4|InternVL|Qwen3.5,3
mmstar,GIQ,1343,CC,Qwen3.5,0.0,0.0,science & technology,Gemma-4|InternVL|Qwen3.5,1
mmstar,GIQ,1346,CC,Gemma-4,0.0,0.08333333333333333,science & technology,Gemma-4|InternVL|Qwen3.5,2
mmstar,GIQ,135,MiC,InternVL,0.0,1.0,coarse perception,Gemma-4|InternVL|Qwen3.5,3
mmstar,GIQ,1350,CC,Qwen3.5,1.0,0.5,science & technology,Gemma-4|InternVL|Qwen3.5,1
mmstar,GIQ,1358,MiC,Qwen3.5,1.0,0.6666666666666667,science & technology,Gemma-4|InternVL|Qwen3.5,1
mmstar,GIQ,1361,CC,Gemma-4,0.0,0.16666666666666666,science & technology,Gemma-4|InternVL|Qwen3.5,2
mmstar,GIQ,1363,MiC,InternVL,1.0,0.5833333333333333,science & technology,Gemma-4|InternVL|Qwen3.5,3
mmstar,GIQ,1375,CC,Qwen3.5,0.3333333333333333,0.0,science & technology,Gemma-4|InternVL|Qwen3.5,1
mmstar,GIQ,1376,MiC,Gemma-4,1.0,0.4166666666666667,science & technology,Gemma-4|InternVL|Qwen3.5,2
mmstar,GIQ,1377,MiC,InternVL,0.0,0.0,science & technology,Gemma-4|InternVL|Qwen3.5,3
mmstar,GIQ,1398,CC,Qwen3.5,1.0,0.5833333333333334,science & technology,Gemma-4|InternVL|Qwen3.5,1
mmstar,GIQ,1400,MiC,Gemma-4,1.0,0.4166666666666667,science & technology,Gemma-4|InternVL|Qwen3.5,2
mmstar,GIQ,1407,MiC,Gemma-4,1.0,0.5833333333333334,science & technology,Gemma-4|InternVL|Qwen3.5,2
mmstar,GIQ,1428,MiC,InternVL,0.0,0.0,science & technology,Gemma-4|InternVL|Qwen3.5,3
mmstar,GIQ,1432,CC,Gemma-4,0.0,0.0,science & technology,Gemma-4|InternVL|Qwen3.5,2
mmstar,GIQ,1435,CC,Qwen3.5,1.0,0.3333333333333333,science & technology,Gemma-4|InternVL|Qwen3.5,1
mmstar,GIQ,1438,MiC,Gemma-4,0.0,0.16666666666666666,science & technology,Gemma-4|InternVL|Qwen3.5,2
mmstar,GIQ,1439,MiC,Gemma-4,1.0,0.9166666666666667,science & technology,Gemma-4|InternVL|Qwen3.5,2
mmstar,GIQ,144,MiC,Gemma-4,0.0,0.3333333333333333,coarse perception,Gemma-4|InternVL|Qwen3.5,2
mmstar,GIQ,1450,CC,InternVL,0.0,0.08333333333333333,science & technology,Gemma-4|InternVL|Qwen3.5,3
mmstar,GIQ,146,MiC,InternVL,0.0,0.0,coarse perception,Gemma-4|InternVL|Qwen3.5,3
mmstar,GIQ,1461,MiC,Gemma-4,1.0,0.0,science & technology,Gemma-4|InternVL|Qwen3.5,2
mmstar,GIQ,1466,MiC,InternVL,0.0,0.8333333333333333,science & technology,Gemma-4|InternVL|Qwen3.5,3
mmstar,GIQ,147,MiC,Qwen3.5,0.0,0.25,coarse perception,Gemma-4|InternVL|Qwen3.5,1
mmstar,GIQ,1476,MiC,Qwen3.5,1.0,0.8333333333333334,science & technology,Gemma-4|InternVL|Qwen3.5,1
mmstar,GIQ,1477,MiC,Qwen3.5,1.0,0.5833333333333334,science & technology,Gemma-4|InternVL|Qwen3.5,1
mmstar,GIQ,1482,MiC,InternVL,0.0,0.75,science & technology,Gemma-4|InternVL|Qwen3.5,3
mmstar,GIQ,1486,CC,InternVL,0.0,0.5833333333333333,science & technology,Gemma-4|InternVL|Qwen3.5,3
mmstar,GIQ,150,MiC,Gemma-4,0.0,0.5,coarse perception,Gemma-4|InternVL|Qwen3.5,2
mmstar,GIQ,159,MiC,InternVL,0.0,1.0,coarse perception,Gemma-4|InternVL|Qwen3.5,3
mmstar,GIQ,163,CC,Gemma-4,1.0,0.5833333333333334,coarse perception,Gemma-4|InternVL|Qwen3.5,2
mmstar,GIQ,17,MiC,InternVL,0.0,0.4166666666666667,coarse perception,Gemma-4|InternVL|Qwen3.5,3
mmstar,GIQ,173,CC,Gemma-4,1.0,1.0,coarse perception,Gemma-4|InternVL|Qwen3.5,2
mmstar,GIQ,19,MiC,Gemma-4,0.0,0.5833333333333334,coarse perception,Gemma-4|InternVL|Qwen3.5,2
mmstar,GIQ,21,MiC,Qwen3.5,0.0,0.25,coarse perception,Gemma-4|InternVL|Qwen3.5,1
mmstar,GIQ,23,CC,Qwen3.5,0.0,0.25,coarse perception,Gemma-4|InternVL|Qwen3.5,1
mmstar,GIQ,255,CC,Qwen3.5,0.3333333333333333,0.0,fine-grained perception,Gemma-4|InternVL|Qwen3.5,1
mmstar,GIQ,259,MiC,Qwen3.5,0.0,0.0,fine-grained perception,Gemma-4|InternVL|Qwen3.5,1
mmstar,GIQ,265,CC,Gemma-4,0.0,0.08333333333333333,fine-grained perception,Gemma-4|InternVL|Qwen3.5,2
mmstar,GIQ,267,CC,Gemma-4,1.0,0.0,fine-grained perception,Gemma-4|InternVL|Qwen3.5,2
mmstar,GIQ,270,MiC,InternVL,1.0,0.5833333333333334,fine-grained perception,Gemma-4|InternVL|Qwen3.5,3
mmstar,GIQ,279,MiC,Gemma-4,0.0,0.16666666666666666,fine-grained perception,Gemma-4|InternVL|Qwen3.5,2
mmstar,GIQ,283,MiC,Gemma-4,0.0,0.16666666666666666,fine-grained perception,Gemma-4|InternVL|Qwen3.5,2
mmstar,GIQ,284,MiC,InternVL,0.0,0.0,fine-grained perception,Gemma-4|InternVL|Qwen3.5,3
mmstar,GIQ,287,MiC,Qwen3.5,1.0,0.25,fine-grained perception,Gemma-4|InternVL|Qwen3.5,1
mmstar,GIQ,288,CC,InternVL,1.0,0.75,fine-grained perception,Gemma-4|InternVL|Qwen3.5,3
mmstar,GIQ,289,CC,Qwen3.5,0.0,0.0,fine-grained perception,Gemma-4|InternVL|Qwen3.5,1
mmstar,GIQ,293,MiC,InternVL,1.0,0.25,fine-grained perception,Gemma-4|InternVL|Qwen3.5,3
mmstar,GIQ,295,MiC,InternVL,0.0,0.5833333333333334,fine-grained perception,Gemma-4|InternVL|Qwen3.5,3
mmstar,GIQ,298,MiC,Qwen3.5,1.0,0.0,fine-grained perception,Gemma-4|InternVL|Qwen3.5,1
mmstar,GIQ,306,CC,Qwen3.5,0.0,0.8333333333333333,fine-grained perception,Gemma-4|InternVL|Qwen3.5,1
mmstar,GIQ,309,MiC,InternVL,0.0,0.0,fine-grained perception,Gemma-4|InternVL|Qwen3.5,3
mmstar,GIQ,312,MiC,Gemma-4,0.0,0.25,fine-grained perception,Gemma-4|InternVL|Qwen3.5,2
mmstar,GIQ,315,MiC,InternVL,0.0,0.4166666666666667,fine-grained perception,Gemma-4|InternVL|Qwen3.5,3
mmstar,GIQ,322,MiC,Gemma-4,1.0,0.5,fine-grained perception,Gemma-4|InternVL|Qwen3.5,2
mmstar,GIQ,327,CC,InternVL,0.0,0.6666666666666667,fine-grained perception,Gemma-4|InternVL|Qwen3.5,3
mmstar,GIQ,331,MiC,Qwen3.5,1.0,0.5,fine-grained perception,Gemma-4|InternVL|Qwen3.5,1
mmstar,GIQ,343,MiC,Qwen3.5,0.0,0.3333333333333333,fine-grained perception,Gemma-4|InternVL|Qwen3.5,1
mmstar,GIQ,350,MiC,InternVL,0.0,0.5,fine-grained perception,Gemma-4|InternVL|Qwen3.5,3
mmstar,GIQ,353,CC,Qwen3.5,0.3333333333333333,0.08333333333333333,fine-grained perception,Gemma-4|InternVL|Qwen3.5,1
mmstar,GIQ,354,MiC,Qwen3.5,0.0,0.5,fine-grained perception,Gemma-4|InternVL|Qwen3.5,1
mmstar,GIQ,355,MiC,InternVL,0.0,0.0,fine-grained perception,Gemma-4|InternVL|Qwen3.5,3
mmstar,GIQ,356,CC,InternVL,0.0,0.4166666666666667,fine-grained perception,Gemma-4|InternVL|Qwen3.5,3
mmstar,GIQ,36,CC,InternVL,0.3333333333333333,0.8333333333333333,coarse perception,Gemma-4|InternVL|Qwen3.5,3
mmstar,GIQ,372,MiC,Qwen3.5,1.0,0.0,fine-grained perception,Gemma-4|InternVL|Qwen3.5,1
mmstar,GIQ,379,MiC,InternVL,0.0,0.0,fine-grained perception,Gemma-4|InternVL|Qwen3.5,3
mmstar,GIQ,39,MiC,InternVL,0.0,0.5,coarse perception,Gemma-4|InternVL|Qwen3.5,3
mmstar,GIQ,407,MiC,Gemma-4,1.0,0.6666666666666666,fine-grained perception,Gemma-4|InternVL|Qwen3.5,2
mmstar,GIQ,409,CC,Gemma-4,0.3333333333333333,0.0,fine-grained perception,Gemma-4|InternVL|Qwen3.5,2
mmstar,GIQ,415,MiC,Gemma-4,0.0,0.0,fine-grained perception,Gemma-4|InternVL|Qwen3.5,2
mmstar,GIQ,419,MiC,Gemma-4,0.0,0.5,fine-grained perception,Gemma-4|InternVL|Qwen3.5,2
mmstar,GIQ,422,CC,InternVL,1.0,1.0,fine-grained perception,Gemma-4|InternVL|Qwen3.5,3
mmstar,GIQ,423,MiC,InternVL,0.0,0.25,fine-grained perception,Gemma-4|InternVL|Qwen3.5,3
mmstar,GIQ,43,MiC,InternVL,0.0,0.9166666666666667,coarse perception,Gemma-4|InternVL|Qwen3.5,3
mmstar,GIQ,432,MiC,InternVL,0.0,0.0,fine-grained perception,Gemma-4|InternVL|Qwen3.5,3
mmstar,GIQ,435,CC,InternVL,0.3333333333333333,0.5,fine-grained perception,Gemma-4|InternVL|Qwen3.5,3
mmstar,GIQ,447,CC,Qwen3.5,0.0,0.16666666666666666,fine-grained perception,Gemma-4|InternVL|Qwen3.5,1
mmstar,GIQ,450,MiC,Qwen3.5,0.0,0.0,fine-grained perception,Gemma-4|InternVL|Qwen3.5,1
mmstar,GIQ,463,CC,InternVL,1.0,0.16666666666666666,fine-grained perception,Gemma-4|InternVL|Qwen3.5,3
mmstar,GIQ,47,CC,Gemma-4,1.0,0.5,coarse perception,Gemma-4|InternVL|Qwen3.5,2
mmstar,GIQ,472,MiC,InternVL,0.0,0.5,fine-grained perception,Gemma-4|InternVL|Qwen3.5,3
mmstar,GIQ,478,MiC,InternVL,0.0,0.4166666666666667,fine-grained perception,Gemma-4|InternVL|Qwen3.5,3
mmstar,GIQ,480,MiC,Gemma-4,1.0,0.0,fine-grained perception,Gemma-4|InternVL|Qwen3.5,2
mmstar,GIQ,482,MiC,Gemma-4,0.0,0.0,fine-grained perception,Gemma-4|InternVL|Qwen3.5,2
mmstar,GIQ,483,MiC,InternVL,0.0,0.0,fine-grained perception,Gemma-4|InternVL|Qwen3.5,3
mmstar,GIQ,497,CC,Qwen3.5,1.0,0.0,fine-grained perception,Gemma-4|InternVL|Qwen3.5,1
mmstar,GIQ,503,CC,Qwen3.5,1.0,0.5,instance reasoning,Gemma-4|InternVL|Qwen3.5,1
mmstar,GIQ,504,MiC,Gemma-4,1.0,0.0,instance reasoning,Gemma-4|InternVL|Qwen3.5,2
mmstar,GIQ,508,MiC,Qwen3.5,1.0,0.08333333333333333,instance reasoning,Gemma-4|InternVL|Qwen3.5,1
mmstar,GIQ,519,MiC,InternVL,0.0,0.0,instance reasoning,Gemma-4|InternVL|Qwen3.5,3
mmstar,GIQ,521,MiC,InternVL,0.0,0.6666666666666666,instance reasoning,Gemma-4|InternVL|Qwen3.5,3
mmstar,GIQ,525,MiC,InternVL,0.0,0.0,instance reasoning,Gemma-4|InternVL|Qwen3.5,3
mmstar,GIQ,527,CC,Qwen3.5,0.0,0.5,instance reasoning,Gemma-4|InternVL|Qwen3.5,1
mmstar,GIQ,536,MiC,Gemma-4,0.0,0.08333333333333333,instance reasoning,Gemma-4|InternVL|Qwen3.5,2
mmstar,GIQ,545,MiC,Qwen3.5,1.0,0.41666666666666663,instance reasoning,Gemma-4|InternVL|Qwen3.5,1
mmstar,GIQ,547,CC,Qwen3.5,1.0,0.4166666666666667,instance reasoning,Gemma-4|InternVL|Qwen3.5,1
mmstar,GIQ,554,CC,Qwen3.5,1.0,0.08333333333333333,instance reasoning,Gemma-4|InternVL|Qwen3.5,1
mmstar,GIQ,555,CC,Gemma-4,0.0,0.5,instance reasoning,Gemma-4|InternVL|Qwen3.5,2
mmstar,GIQ,564,CC,InternVL,1.0,0.4166666666666667,instance reasoning,Gemma-4|InternVL|Qwen3.5,3
mmstar,GIQ,569,MiC,Qwen3.5,1.0,0.75,instance reasoning,Gemma-4|InternVL|Qwen3.5,1
mmstar,GIQ,58,MiC,InternVL,0.0,0.4166666666666667,coarse perception,Gemma-4|InternVL|Qwen3.5,3
mmstar,GIQ,590,MiC,Gemma-4,1.0,0.08333333333333333,instance reasoning,Gemma-4|InternVL|Qwen3.5,2
mmstar,GIQ,595,MiC,Qwen3.5,1.0,0.25,instance reasoning,Gemma-4|InternVL|Qwen3.5,1
mmstar,GIQ,597,MiC,Gemma-4,0.0,0.9166666666666667,instance reasoning,Gemma-4|InternVL|Qwen3.5,2
mmstar,GIQ,599,MiC,InternVL,0.0,0.3333333333333333,instance reasoning,Gemma-4|InternVL|Qwen3.5,3
mmstar,GIQ,60,MiC,Gemma-4,1.0,1.0,coarse perception,Gemma-4|InternVL|Qwen3.5,2
mmstar,GIQ,610,MiC,Gemma-4,0.0,0.0,instance reasoning,Gemma-4|InternVL|Qwen3.5,2
mmstar,GIQ,617,MiC,Qwen3.5,1.0,0.5,instance reasoning,Gemma-4|InternVL|Qwen3.5,1
mmstar,GIQ,62,MiC,InternVL,0.0,1.0,coarse perception,Gemma-4|InternVL|Qwen3.5,3
mmstar,GIQ,624,CC,InternVL,0.0,1.0,instance reasoning,Gemma-4|InternVL|Qwen3.5,3
mmstar,GIQ,633,MiC,InternVL,0.0,0.9166666666666667,instance reasoning,Gemma-4|InternVL|Qwen3.5,3
mmstar,GIQ,639,MiC,Gemma-4,0.0,0.3333333333333333,instance reasoning,Gemma-4|InternVL|Qwen3.5,2
mmstar,GIQ,64,MiC,Qwen3.5,1.0,0.25,coarse perception,Gemma-4|InternVL|Qwen3.5,1
mmstar,GIQ,641,MiC,InternVL,0.0,0.41666666666666663,instance reasoning,Gemma-4|InternVL|Qwen3.5,3
mmstar,GIQ,660,CC,Gemma-4,0.0,0.8333333333333333,instance reasoning,Gemma-4|InternVL|Qwen3.5,2
mmstar,GIQ,667,CC,Gemma-4,0.0,0.5833333333333334,instance reasoning,Gemma-4|InternVL|Qwen3.5,2
mmstar,GIQ,669,MiC,Qwen3.5,0.0,0.3333333333333333,instance reasoning,Gemma-4|InternVL|Qwen3.5,1
mmstar,GIQ,67,MiC,InternVL,0.0,1.0,coarse perception,Gemma-4|InternVL|Qwen3.5,3
mmstar,GIQ,674,MiC,Gemma-4,0.0,0.75,instance reasoning,Gemma-4|InternVL|Qwen3.5,2
mmstar,GIQ,675,CC,Qwen3.5,1.0,0.08333333333333333,instance reasoning,Gemma-4|InternVL|Qwen3.5,1
mmstar,GIQ,68,CC,InternVL,0.0,0.0,coarse perception,Gemma-4|InternVL|Qwen3.5,3
mmstar,GIQ,681,MiC,InternVL,0.0,0.41666666666666663,instance reasoning,Gemma-4|InternVL|Qwen3.5,3
mmstar,GIQ,69,MiC,Qwen3.5,0.0,0.3333333333333333,coarse perception,Gemma-4|InternVL|Qwen3.5,1
mmstar,GIQ,7,MiC,Qwen3.5,1.0,0.5,coarse perception,Gemma-4|InternVL|Qwen3.5,1
mmstar,GIQ,75,MiC,Gemma-4,0.0,0.9166666666666667,coarse perception,Gemma-4|InternVL|Qwen3.5,2
mmstar,GIQ,751,CC,Qwen3.5,1.0,0.0,logical reasoning,Gemma-4|InternVL|Qwen3.5,1
mmstar,GIQ,754,MiC,InternVL,0.0,0.0,logical reasoning,Gemma-4|InternVL|Qwen3.5,3
mmstar,GIQ,755,MiC,Qwen3.5,1.0,0.16666666666666666,logical reasoning,Gemma-4|InternVL|Qwen3.5,1
mmstar,GIQ,763,MiC,Gemma-4,0.0,0.4166666666666667,logical reasoning,Gemma-4|InternVL|Qwen3.5,2
mmstar,GIQ,767,MiC,Qwen3.5,0.0,0.0,logical reasoning,Gemma-4|InternVL|Qwen3.5,1
mmstar,GIQ,82,CC,Gemma-4,0.0,0.5,coarse perception,Gemma-4|InternVL|Qwen3.5,2
mmstar,GIQ,834,CC,Gemma-4,1.0,0.9166666666666667,logical reasoning,Gemma-4|InternVL|Qwen3.5,2
mmstar,GIQ,845,MiC,Gemma-4,0.0,0.16666666666666666,logical reasoning,Gemma-4|InternVL|Qwen3.5,2
mmstar,GIQ,86,MiC,Gemma-4,1.0,0.75,coarse perception,Gemma-4|InternVL|Qwen3.5,2
mmstar,GIQ,876,MiC,Qwen3.5,1.0,0.75,logical reasoning,Gemma-4|InternVL|Qwen3.5,1
mmstar,GIQ,883,MiC,Qwen3.5,1.0,0.5,logical reasoning,Gemma-4|InternVL|Qwen3.5,1
mmstar,GIQ,896,CC,InternVL,0.0,0.5,logical reasoning,Gemma-4|InternVL|Qwen3.5,3
mmstar,GIQ,916,MiC,InternVL,0.0,0.25,logical reasoning,Gemma-4|InternVL|Qwen3.5,3
mmstar,GIQ,929,MiC,Gemma-4,1.0,0.16666666666666666,logical reasoning,Gemma-4|InternVL|Qwen3.5,2
mmstar,GIQ,933,MiC,Qwen3.5,1.0,0.0,logical reasoning,Gemma-4|InternVL|Qwen3.5,1
mmstar,GIQ,938,MiC,Gemma-4,1.0,0.0,logical reasoning,Gemma-4|InternVL|Qwen3.5,2
mmstar,GIQ,950,CC,InternVL,0.3333333333333333,0.6666666666666666,logical reasoning,Gemma-4|InternVL|Qwen3.5,3
mmstar,GIQ,951,CC,InternVL,0.0,0.75,logical reasoning,Gemma-4|InternVL|Qwen3.5,3
mmstar,GIQ,953,MiC,Gemma-4,1.0,0.4166666666666667,logical reasoning,Gemma-4|InternVL|Qwen3.5,2
mmstar,GIQ,955,CC,Gemma-4,0.3333333333333333,0.5833333333333334,logical reasoning,Gemma-4|InternVL|Qwen3.5,2
mmstar,GIQ,99,CC,Gemma-4,1.0,0.6666666666666666,coarse perception,Gemma-4|InternVL|Qwen3.5,2
mmstar,GLP,0,MiC,Gemma-4,0.0,0.75,coarse perception,Gemma-4|Llama-3.2|Pixtral,1
mmstar,GLP,10,MiC,Llama-3.2,0.0,0.8333333333333333,coarse perception,Gemma-4|Llama-3.2|Pixtral,3
mmstar,GLP,1006,CC,Gemma-4,0.3333333333333333,0.4166666666666667,math,Gemma-4|Llama-3.2|Pixtral,1
mmstar,GLP,1011,MiC,Gemma-4,0.0,1.0,math,Gemma-4|Llama-3.2|Pixtral,1
mmstar,GLP,1013,MiC,Gemma-4,0.3333333333333333,0.75,math,Gemma-4|Llama-3.2|Pixtral,1
mmstar,GLP,1019,MiC,Gemma-4,1.0,0.5,math,Gemma-4|Llama-3.2|Pixtral,1
mmstar,GLP,1024,MiC,Gemma-4,0.0,1.0,math,Gemma-4|Llama-3.2|Pixtral,1
mmstar,GLP,103,MiC,Llama-3.2,0.0,0.0,coarse perception,Gemma-4|Llama-3.2|Pixtral,3
mmstar,GLP,1030,MiC,Gemma-4,1.0,0.9166666666666667,math,Gemma-4|Llama-3.2|Pixtral,1
mmstar,GLP,1034,MiC,Llama-3.2,0.0,0.5,math,Gemma-4|Llama-3.2|Pixtral,3
mmstar,GLP,104,CC,Llama-3.2,0.0,0.5,coarse perception,Gemma-4|Llama-3.2|Pixtral,3
mmstar,GLP,1044,MiC,Pixtral,0.0,0.4166666666666667,math,Gemma-4|Llama-3.2|Pixtral,2
mmstar,GLP,1046,MiC,Gemma-4,1.0,0.8333333333333333,math,Gemma-4|Llama-3.2|Pixtral,1
mmstar,GLP,1052,CC,Gemma-4,1.0,1.0,math,Gemma-4|Llama-3.2|Pixtral,1
mmstar,GLP,1057,CC,Gemma-4,1.0,0.5833333333333334,math,Gemma-4|Llama-3.2|Pixtral,1
mmstar,GLP,1059,MiC,Gemma-4,1.0,0.75,math,Gemma-4|Llama-3.2|Pixtral,1
mmstar,GLP,106,CC,Gemma-4,0.3333333333333333,0.0,coarse perception,Gemma-4|Llama-3.2|Pixtral,1
mmstar,GLP,1062,MiC,Llama-3.2,0.0,1.0,math,Gemma-4|Llama-3.2|Pixtral,3
mmstar,GLP,1073,CC,Llama-3.2,0.3333333333333333,0.5,math,Gemma-4|Llama-3.2|Pixtral,3
mmstar,GLP,1074,MiC,Gemma-4,1.0,1.0,math,Gemma-4|Llama-3.2|Pixtral,1
mmstar,GLP,108,MiC,Gemma-4,1.0,0.6666666666666666,coarse perception,Gemma-4|Llama-3.2|Pixtral,1
mmstar,GLP,1085,MiC,Gemma-4,0.0,0.6666666666666666,math,Gemma-4|Llama-3.2|Pixtral,1
mmstar,GLP,1099,CC,Gemma-4,0.3333333333333333,1.0,math,Gemma-4|Llama-3.2|Pixtral,1
mmstar,GLP,1100,CC,Gemma-4,1.0,0.6666666666666666,math,Gemma-4|Llama-3.2|Pixtral,1
mmstar,GLP,1104,MiC,Gemma-4,1.0,1.0,math,Gemma-4|Llama-3.2|Pixtral,1
mmstar,GLP,1108,CC,Gemma-4,1.0,0.9166666666666667,math,Gemma-4|Llama-3.2|Pixtral,1
mmstar,GLP,111,MiC,Gemma-4,0.0,0.5,coarse perception,Gemma-4|Llama-3.2|Pixtral,1
mmstar,GLP,1114,MiC,Gemma-4,1.0,1.0,math,Gemma-4|Llama-3.2|Pixtral,1
mmstar,GLP,1120,MiC,Gemma-4,1.0,1.0,math,Gemma-4|Llama-3.2|Pixtral,1
mmstar,GLP,1122,MiC,Gemma-4,0.0,0.75,math,Gemma-4|Llama-3.2|Pixtral,1
mmstar,GLP,1128,MiC,Gemma-4,1.0,0.0,math,Gemma-4|Llama-3.2|Pixtral,1
mmstar,GLP,1134,CC,Gemma-4,0.0,0.5,math,Gemma-4|Llama-3.2|Pixtral,1
mmstar,GLP,1149,MiC,Gemma-4,0.0,1.0,math,Gemma-4|Llama-3.2|Pixtral,1
mmstar,GLP,115,MiC,Llama-3.2,0.0,0.0,coarse perception,Gemma-4|Llama-3.2|Pixtral,3
mmstar,GLP,1152,MiC,Gemma-4,1.0,0.8333333333333333,math,Gemma-4|Llama-3.2|Pixtral,1
mmstar,GLP,116,MiC,Gemma-4,1.0,0.9166666666666667,coarse perception,Gemma-4|Llama-3.2|Pixtral,1
mmstar,GLP,1166,MiC,Gemma-4,0.0,0.8333333333333333,math,Gemma-4|Llama-3.2|Pixtral,1
mmstar,GLP,1172,MiC,Gemma-4,0.0,0.9166666666666667,math,Gemma-4|Llama-3.2|Pixtral,1
mmstar,GLP,1180,MiC,Llama-3.2,0.0,1.0,math,Gemma-4|Llama-3.2|Pixtral,3
mmstar,GLP,1189,MiC,Gemma-4,0.0,0.0,math,Gemma-4|Llama-3.2|Pixtral,1
mmstar,GLP,1190,MiC,Gemma-4,1.0,1.0,math,Gemma-4|Llama-3.2|Pixtral,1
mmstar,GLP,1193,CC,Gemma-4,1.0,1.0,math,Gemma-4|Llama-3.2|Pixtral,1
mmstar,GLP,1199,MiC,Gemma-4,1.0,1.0,math,Gemma-4|Llama-3.2|Pixtral,1
mmstar,GLP,12,MiC,Llama-3.2,0.0,0.0,coarse perception,Gemma-4|Llama-3.2|Pixtral,3
mmstar,GLP,1203,MiC,Pixtral,1.0,1.0,math,Gemma-4|Llama-3.2|Pixtral,2
mmstar,GLP,1204,CC,Gemma-4,1.0,1.0,math,Gemma-4|Llama-3.2|Pixtral,1
mmstar,GLP,1205,MiC,Pixtral,0.0,0.3333333333333333,math,Gemma-4|Llama-3.2|Pixtral,2
mmstar,GLP,1228,CC,Gemma-4,1.0,1.0,math,Gemma-4|Llama-3.2|Pixtral,1
mmstar,GLP,1230,CC,Gemma-4,0.3333333333333333,1.0,math,Gemma-4|Llama-3.2|Pixtral,1
mmstar,GLP,1234,CC,Llama-3.2,0.0,0.5,math,Gemma-4|Llama-3.2|Pixtral,3
mmstar,GLP,1235,CC,Gemma-4,0.0,0.3333333333333333,math,Gemma-4|Llama-3.2|Pixtral,1
mmstar,GLP,1238,MiC,Gemma-4,0.0,1.0,math,Gemma-4|Llama-3.2|Pixtral,1
mmstar,GLP,1243,CC,Gemma-4,1.0,0.8333333333333333,math,Gemma-4|Llama-3.2|Pixtral,1
mmstar,GLP,1248,MiC,Gemma-4,1.0,0.9166666666666667,math,Gemma-4|Llama-3.2|Pixtral,1
mmstar,GLP,1258,CC,Llama-3.2,0.0,0.5833333333333334,science & technology,Gemma-4|Llama-3.2|Pixtral,3
mmstar,GLP,1259,CC,Gemma-4,1.0,0.5,science & technology,Gemma-4|Llama-3.2|Pixtral,1
mmstar,GLP,1265,MiC,Gemma-4,1.0,1.0,science & technology,Gemma-4|Llama-3.2|Pixtral,1
mmstar,GLP,1272,CC,Gemma-4,0.0,0.5833333333333334,science & technology,Gemma-4|Llama-3.2|Pixtral,1
mmstar,GLP,1275,CC,Gemma-4,1.0,0.0,science & technology,Gemma-4|Llama-3.2|Pixtral,1
mmstar,GLP,1276,CC,Gemma-4,0.0,0.25,science & technology,Gemma-4|Llama-3.2|Pixtral,1
mmstar,GLP,1277,MiC,Gemma-4,1.0,0.9166666666666667,science & technology,Gemma-4|Llama-3.2|Pixtral,1
mmstar,GLP,128,MiC,Llama-3.2,0.0,0.08333333333333333,coarse perception,Gemma-4|Llama-3.2|Pixtral,3
mmstar,GLP,1285,CC,Gemma-4,1.0,0.3333333333333333,science & technology,Gemma-4|Llama-3.2|Pixtral,1
mmstar,GLP,1292,MiC,Gemma-4,1.0,1.0,science & technology,Gemma-4|Llama-3.2|Pixtral,1
mmstar,GLP,1294,CC,Pixtral,0.3333333333333333,0.08333333333333333,science & technology,Gemma-4|Llama-3.2|Pixtral,2
mmstar,GLP,1295,CC,Pixtral,1.0,0.0,science & technology,Gemma-4|Llama-3.2|Pixtral,2
mmstar,GLP,1296,MiC,Gemma-4,0.0,0.5833333333333334,science & technology,Gemma-4|Llama-3.2|Pixtral,1
mmstar,GLP,1299,CC,Gemma-4,0.3333333333333333,0.5,science & technology,Gemma-4|Llama-3.2|Pixtral,1
mmstar,GLP,1300,CC,Gemma-4,1.0,0.4166666666666667,science & technology,Gemma-4|Llama-3.2|Pixtral,1
mmstar,GLP,1304,MiC,Gemma-4,1.0,1.0,science & technology,Gemma-4|Llama-3.2|Pixtral,1
mmstar,GLP,1305,MiC,Llama-3.2,0.0,0.5833333333333334,science & technology,Gemma-4|Llama-3.2|Pixtral,3
mmstar,GLP,1308,CC,Gemma-4,1.0,0.9166666666666667,science & technology,Gemma-4|Llama-3.2|Pixtral,1
mmstar,GLP,1313,MiC,Gemma-4,0.0,0.5,science & technology,Gemma-4|Llama-3.2|Pixtral,1
mmstar,GLP,1317,MiC,Gemma-4,0.0,0.6666666666666666,science & technology,Gemma-4|Llama-3.2|Pixtral,1
mmstar,GLP,1320,CC,Gemma-4,0.0,0.6666666666666666,science & technology,Gemma-4|Llama-3.2|Pixtral,1
mmstar,GLP,1321,MiC,Pixtral,1.0,0.0,science & technology,Gemma-4|Llama-3.2|Pixtral,2
mmstar,GLP,1322,MiC,Gemma-4,0.0,0.0,science & technology,Gemma-4|Llama-3.2|Pixtral,1
mmstar,GLP,1323,CC,Gemma-4,1.0,1.0,science & technology,Gemma-4|Llama-3.2|Pixtral,1
mmstar,GLP,1324,MiC,Gemma-4,0.0,0.6666666666666666,science & technology,Gemma-4|Llama-3.2|Pixtral,1
mmstar,GLP,1327,CC,Pixtral,1.0,0.08333333333333333,science & technology,Gemma-4|Llama-3.2|Pixtral,2
mmstar,GLP,1331,MiC,Gemma-4,1.0,1.0,science & technology,Gemma-4|Llama-3.2|Pixtral,1
mmstar,GLP,1334,MiC,Gemma-4,1.0,1.0,science & technology,Gemma-4|Llama-3.2|Pixtral,1
mmstar,GLP,1335,CC,Gemma-4,1.0,1.0,science & technology,Gemma-4|Llama-3.2|Pixtral,1
mmstar,GLP,1340,MiC,Llama-3.2,1.0,0.8333333333333333,science & technology,Gemma-4|Llama-3.2|Pixtral,3
mmstar,GLP,1344,MiC,Pixtral,0.0,0.0,science & technology,Gemma-4|Llama-3.2|Pixtral,2
mmstar,GLP,1345,CC,Gemma-4,1.0,1.0,science & technology,Gemma-4|Llama-3.2|Pixtral,1
mmstar,GLP,1346,MiC,Gemma-4,0.0,0.0,science & technology,Gemma-4|Llama-3.2|Pixtral,1
mmstar,GLP,1347,MiC,Gemma-4,0.0,0.25,science & technology,Gemma-4|Llama-3.2|Pixtral,1
mmstar,GLP,1350,MiC,Pixtral,0.0,0.5,science & technology,Gemma-4|Llama-3.2|Pixtral,2
mmstar,GLP,1354,CC,Gemma-4,1.0,0.5,science & technology,Gemma-4|Llama-3.2|Pixtral,1
mmstar,GLP,1363,CC,Pixtral,0.3333333333333333,0.16666666666666666,science & technology,Gemma-4|Llama-3.2|Pixtral,2
mmstar,GLP,1364,CC,Gemma-4,1.0,1.0,science & technology,Gemma-4|Llama-3.2|Pixtral,1
mmstar,GLP,1367,MiC,Gemma-4,1.0,1.0,science & technology,Gemma-4|Llama-3.2|Pixtral,1
mmstar,GLP,1369,MiC,Gemma-4,0.0,1.0,science & technology,Gemma-4|Llama-3.2|Pixtral,1
mmstar,GLP,1371,MiC,Gemma-4,1.0,0.5,science & technology,Gemma-4|Llama-3.2|Pixtral,1
mmstar,GLP,1373,MiC,Llama-3.2,0.0,0.25,science & technology,Gemma-4|Llama-3.2|Pixtral,3
mmstar,GLP,1376,CC,Gemma-4,1.0,0.08333333333333333,science & technology,Gemma-4|Llama-3.2|Pixtral,1
mmstar,GLP,1381,MiC,Gemma-4,0.0,0.5,science & technology,Gemma-4|Llama-3.2|Pixtral,1
mmstar,GLP,1384,CC,Gemma-4,0.0,0.25,science & technology,Gemma-4|Llama-3.2|Pixtral,1
mmstar,GLP,1391,MiC,Gemma-4,0.0,0.5,science & technology,Gemma-4|Llama-3.2|Pixtral,1
mmstar,GLP,1394,MiC,Pixtral,0.0,0.75,science & technology,Gemma-4|Llama-3.2|Pixtral,2
mmstar,GLP,1396,CC,Gemma-4,1.0,1.0,science & technology,Gemma-4|Llama-3.2|Pixtral,1
mmstar,GLP,1398,CC,Pixtral,0.0,0.6666666666666667,science & technology,Gemma-4|Llama-3.2|Pixtral,2
mmstar,GLP,1401,CC,Pixtral,0.0,0.4166666666666667,science & technology,Gemma-4|Llama-3.2|Pixtral,2
mmstar,GLP,1403,MiC,Gemma-4,1.0,0.5,science & technology,Gemma-4|Llama-3.2|Pixtral,1
mmstar,GLP,1404,CC,Gemma-4,1.0,0.3333333333333333,science & technology,Gemma-4|Llama-3.2|Pixtral,1
mmstar,GLP,1406,CC,Gemma-4,1.0,0.5,science & technology,Gemma-4|Llama-3.2|Pixtral,1
mmstar,GLP,141,CC,Gemma-4,0.0,0.9166666666666667,coarse perception,Gemma-4|Llama-3.2|Pixtral,1
mmstar,GLP,1414,MiC,Pixtral,1.0,0.08333333333333333,science & technology,Gemma-4|Llama-3.2|Pixtral,2
mmstar,GLP,1415,MiC,Gemma-4,1.0,0.6666666666666666,science & technology,Gemma-4|Llama-3.2|Pixtral,1
mmstar,GLP,1419,MiC,Pixtral,0.0,0.0,science & technology,Gemma-4|Llama-3.2|Pixtral,2
mmstar,GLP,1421,MiC,Gemma-4,1.0,0.5833333333333334,science & technology,Gemma-4|Llama-3.2|Pixtral,1
mmstar,GLP,1423,MiC,Gemma-4,1.0,1.0,science & technology,Gemma-4|Llama-3.2|Pixtral,1
mmstar,GLP,1432,MiC,Gemma-4,0.0,0.0,science & technology,Gemma-4|Llama-3.2|Pixtral,1
mmstar,GLP,1435,CC,Llama-3.2,1.0,0.41666666666666663,science & technology,Gemma-4|Llama-3.2|Pixtral,3
mmstar,GLP,144,CC,Gemma-4,1.0,0.3333333333333333,coarse perception,Gemma-4|Llama-3.2|Pixtral,1
mmstar,GLP,1444,CC,Gemma-4,1.0,0.5,science & technology,Gemma-4|Llama-3.2|Pixtral,1
mmstar,GLP,1450,MiC,Pixtral,0.0,0.25,science & technology,Gemma-4|Llama-3.2|Pixtral,2
mmstar,GLP,1451,CC,Gemma-4,1.0,0.9166666666666667,science & technology,Gemma-4|Llama-3.2|Pixtral,1
mmstar,GLP,1452,MiC,Gemma-4,1.0,0.5,science & technology,Gemma-4|Llama-3.2|Pixtral,1
mmstar,GLP,1459,MiC,Gemma-4,0.0,1.0,science & technology,Gemma-4|Llama-3.2|Pixtral,1
mmstar,GLP,1461,CC,Gemma-4,1.0,0.0,science & technology,Gemma-4|Llama-3.2|Pixtral,1
mmstar,GLP,1465,CC,Pixtral,0.0,0.0,science & technology,Gemma-4|Llama-3.2|Pixtral,2
mmstar,GLP,1469,CC,Llama-3.2,0.0,0.9166666666666667,science & technology,Gemma-4|Llama-3.2|Pixtral,3
mmstar,GLP,1472,MiC,Gemma-4,0.0,0.0,science & technology,Gemma-4|Llama-3.2|Pixtral,1
mmstar,GLP,1475,MiC,Gemma-4,1.0,0.4166666666666667,science & technology,Gemma-4|Llama-3.2|Pixtral,1
mmstar,GLP,1477,MiC,Pixtral,0.0,0.41666666666666663,science & technology,Gemma-4|Llama-3.2|Pixtral,2
mmstar,GLP,1481,CC,Gemma-4,1.0,0.4166666666666667,science & technology,Gemma-4|Llama-3.2|Pixtral,1
mmstar,GLP,1482,MiC,Pixtral,0.0,0.5,science & technology,Gemma-4|Llama-3.2|Pixtral,2
mmstar,GLP,1483,MiC,Gemma-4,1.0,0.5,science & technology,Gemma-4|Llama-3.2|Pixtral,1
mmstar,GLP,1484,CC,Gemma-4,1.0,0.5,science & technology,Gemma-4|Llama-3.2|Pixtral,1
mmstar,GLP,1486,CC,Llama-3.2,0.0,0.5,science & technology,Gemma-4|Llama-3.2|Pixtral,3
mmstar,GLP,1487,MiC,Gemma-4,0.0,0.5,science & technology,Gemma-4|Llama-3.2|Pixtral,1
mmstar,GLP,152,CC,Gemma-4,1.0,1.0,coarse perception,Gemma-4|Llama-3.2|Pixtral,1
mmstar,GLP,16,MiC,Gemma-4,0.0,0.25,coarse perception,Gemma-4|Llama-3.2|Pixtral,1
mmstar,GLP,17,MiC,Llama-3.2,0.0,0.6666666666666666,coarse perception,Gemma-4|Llama-3.2|Pixtral,3
mmstar,GLP,18,MiC,Gemma-4,1.0,0.0,coarse perception,Gemma-4|Llama-3.2|Pixtral,1
mmstar,GLP,188,CC,Pixtral,1.0,1.0,coarse perception,Gemma-4|Llama-3.2|Pixtral,2
mmstar,GLP,2,MiC,Llama-3.2,0.0,0.0,coarse perception,Gemma-4|Llama-3.2|Pixtral,3
mmstar,GLP,21,MiC,Pixtral,0.0,0.25,coarse perception,Gemma-4|Llama-3.2|Pixtral,2
mmstar,GLP,23,MiC,Gemma-4,1.0,0.5,coarse perception,Gemma-4|Llama-3.2|Pixtral,1
mmstar,GLP,239,CC,Gemma-4,1.0,1.0,coarse perception,Gemma-4|Llama-3.2|Pixtral,1
mmstar,GLP,251,CC,Gemma-4,1.0,0.0,fine-grained perception,Gemma-4|Llama-3.2|Pixtral,1
mmstar,GLP,256,MiC,Pixtral,0.0,1.0,fine-grained perception,Gemma-4|Llama-3.2|Pixtral,2
mmstar,GLP,261,MiC,Gemma-4,1.0,1.0,fine-grained perception,Gemma-4|Llama-3.2|Pixtral,1
mmstar,GLP,265,CC,Gemma-4,0.0,0.16666666666666666,fine-grained perception,Gemma-4|Llama-3.2|Pixtral,1
mmstar,GLP,267,MiC,Gemma-4,0.0,0.5,fine-grained perception,Gemma-4|Llama-3.2|Pixtral,1
mmstar,GLP,270,MiC,Llama-3.2,0.0,0.25,fine-grained perception,Gemma-4|Llama-3.2|Pixtral,3
mmstar,GLP,276,MiC,Gemma-4,0.0,0.75,fine-grained perception,Gemma-4|Llama-3.2|Pixtral,1
mmstar,GLP,278,CC,Gemma-4,1.0,1.0,fine-grained perception,Gemma-4|Llama-3.2|Pixtral,1
mmstar,GLP,279,CC,Llama-3.2,0.0,0.16666666666666666,fine-grained perception,Gemma-4|Llama-3.2|Pixtral,3
mmstar,GLP,287,MiC,Llama-3.2,0.0,0.5,fine-grained perception,Gemma-4|Llama-3.2|Pixtral,3
mmstar,GLP,288,CC,Pixtral,0.0,0.75,fine-grained perception,Gemma-4|Llama-3.2|Pixtral,2
mmstar,GLP,295,MiC,Pixtral,1.0,0.5,fine-grained perception,Gemma-4|Llama-3.2|Pixtral,2
mmstar,GLP,296,MiC,Gemma-4,0.0,1.0,fine-grained perception,Gemma-4|Llama-3.2|Pixtral,1
mmstar,GLP,297,CC,Gemma-4,0.3333333333333333,1.0,fine-grained perception,Gemma-4|Llama-3.2|Pixtral,1
mmstar,GLP,300,CC,Gemma-4,1.0,0.5,fine-grained perception,Gemma-4|Llama-3.2|Pixtral,1
mmstar,GLP,301,CC,Pixtral,1.0,1.0,fine-grained perception,Gemma-4|Llama-3.2|Pixtral,2
mmstar,GLP,303,MiC,Gemma-4,0.0,1.0,fine-grained perception,Gemma-4|Llama-3.2|Pixtral,1
mmstar,GLP,305,MiC,Pixtral,0.0,0.0,fine-grained perception,Gemma-4|Llama-3.2|Pixtral,2
mmstar,GLP,310,MiC,Gemma-4,1.0,0.5,fine-grained perception,Gemma-4|Llama-3.2|Pixtral,1
mmstar,GLP,312,MiC,Gemma-4,0.3333333333333333,0.0,fine-grained perception,Gemma-4|Llama-3.2|Pixtral,1
mmstar,GLP,313,MiC,Gemma-4,1.0,0.4166666666666667,fine-grained perception,Gemma-4|Llama-3.2|Pixtral,1
mmstar,GLP,315,CC,Llama-3.2,0.0,0.5833333333333334,fine-grained perception,Gemma-4|Llama-3.2|Pixtral,3
mmstar,GLP,323,CC,Llama-3.2,0.0,0.0,fine-grained perception,Gemma-4|Llama-3.2|Pixtral,3
mmstar,GLP,325,MiC,Gemma-4,0.0,0.3333333333333333,fine-grained perception,Gemma-4|Llama-3.2|Pixtral,1
mmstar,GLP,328,MiC,Gemma-4,1.0,0.6666666666666666,fine-grained perception,Gemma-4|Llama-3.2|Pixtral,1
mmstar,GLP,33,MiC,Pixtral,0.0,0.8333333333333333,coarse perception,Gemma-4|Llama-3.2|Pixtral,2
mmstar,GLP,331,CC,Pixtral,0.0,0.5,fine-grained perception,Gemma-4|Llama-3.2|Pixtral,2
mmstar,GLP,333,MiC,Gemma-4,1.0,0.5,fine-grained perception,Gemma-4|Llama-3.2|Pixtral,1
mmstar,GLP,337,MiC,Gemma-4,1.0,0.5,fine-grained perception,Gemma-4|Llama-3.2|Pixtral,1
mmstar,GLP,339,CC,Gemma-4,1.0,0.5,fine-grained perception,Gemma-4|Llama-3.2|Pixtral,1
mmstar,GLP,34,MiC,Gemma-4,0.3333333333333333,0.5,coarse perception,Gemma-4|Llama-3.2|Pixtral,1
mmstar,GLP,341,MiC,Gemma-4,1.0,1.0,fine-grained perception,Gemma-4|Llama-3.2|Pixtral,1
mmstar,GLP,342,MiC,Llama-3.2,0.0,0.0,fine-grained perception,Gemma-4|Llama-3.2|Pixtral,3
mmstar,GLP,343,MiC,Llama-3.2,1.0,0.5,fine-grained perception,Gemma-4|Llama-3.2|Pixtral,3
mmstar,GLP,344,MiC,Gemma-4,0.0,0.9166666666666667,fine-grained perception,Gemma-4|Llama-3.2|Pixtral,1
mmstar,GLP,347,MiC,Gemma-4,1.0,0.5,fine-grained perception,Gemma-4|Llama-3.2|Pixtral,1
mmstar,GLP,348,MiC,Gemma-4,0.0,1.0,fine-grained perception,Gemma-4|Llama-3.2|Pixtral,1
mmstar,GLP,35,MiC,Gemma-4,0.0,0.9166666666666667,coarse perception,Gemma-4|Llama-3.2|Pixtral,1
mmstar,GLP,350,CC,Llama-3.2,1.0,0.5,fine-grained perception,Gemma-4|Llama-3.2|Pixtral,3
mmstar,GLP,353,CC,Llama-3.2,0.0,0.4166666666666667,fine-grained perception,Gemma-4|Llama-3.2|Pixtral,3
mmstar,GLP,354,MiC,Pixtral,0.0,0.08333333333333333,fine-grained perception,Gemma-4|Llama-3.2|Pixtral,2
mmstar,GLP,356,MiC,Llama-3.2,0.0,0.5833333333333334,fine-grained perception,Gemma-4|Llama-3.2|Pixtral,3
mmstar,GLP,361,MiC,Gemma-4,1.0,1.0,fine-grained perception,Gemma-4|Llama-3.2|Pixtral,1
mmstar,GLP,364,MiC,Gemma-4,1.0,1.0,fine-grained perception,Gemma-4|Llama-3.2|Pixtral,1
mmstar,GLP,376,MiC,Llama-3.2,0.0,0.0,fine-grained perception,Gemma-4|Llama-3.2|Pixtral,3
mmstar,GLP,384,CC,Gemma-4,0.0,0.9166666666666667,fine-grained perception,Gemma-4|Llama-3.2|Pixtral,1
mmstar,GLP,385,MiC,Llama-3.2,0.0,0.25,fine-grained perception,Gemma-4|Llama-3.2|Pixtral,3
mmstar,GLP,387,MiC,Gemma-4,0.0,0.5,fine-grained perception,Gemma-4|Llama-3.2|Pixtral,1
mmstar,GLP,39,MiC,Pixtral,0.0,0.5,coarse perception,Gemma-4|Llama-3.2|Pixtral,2
mmstar,GLP,391,CC,Gemma-4,1.0,1.0,fine-grained perception,Gemma-4|Llama-3.2|Pixtral,1
mmstar,GLP,392,MiC,Gemma-4,1.0,1.0,fine-grained perception,Gemma-4|Llama-3.2|Pixtral,1
mmstar,GLP,394,MiC,Llama-3.2,0.0,1.0,fine-grained perception,Gemma-4|Llama-3.2|Pixtral,3
mmstar,GLP,40,MiC,Gemma-4,1.0,1.0,coarse perception,Gemma-4|Llama-3.2|Pixtral,1
mmstar,GLP,409,MiC,Gemma-4,0.0,0.0,fine-grained perception,Gemma-4|Llama-3.2|Pixtral,1
mmstar,GLP,410,MiC,Gemma-4,1.0,1.0,fine-grained perception,Gemma-4|Llama-3.2|Pixtral,1
mmstar,GLP,415,CC,Gemma-4,1.0,0.0,fine-grained perception,Gemma-4|Llama-3.2|Pixtral,1
mmstar,GLP,416,MiC,Llama-3.2,0.0,0.0,fine-grained perception,Gemma-4|Llama-3.2|Pixtral,3
mmstar,GLP,417,MiC,Llama-3.2,0.0,0.5,fine-grained perception,Gemma-4|Llama-3.2|Pixtral,3
mmstar,GLP,418,MiC,Gemma-4,1.0,1.0,fine-grained perception,Gemma-4|Llama-3.2|Pixtral,1
mmstar,GLP,427,CC,Gemma-4,1.0,1.0,fine-grained perception,Gemma-4|Llama-3.2|Pixtral,1
mmstar,GLP,43,MiC,Pixtral,1.0,0.5,coarse perception,Gemma-4|Llama-3.2|Pixtral,2
mmstar,GLP,434,MiC,Pixtral,1.0,0.0,fine-grained perception,Gemma-4|Llama-3.2|Pixtral,2
mmstar,GLP,435,CC,Llama-3.2,0.3333333333333333,0.5,fine-grained perception,Gemma-4|Llama-3.2|Pixtral,3
mmstar,GLP,436,MiC,Pixtral,0.0,0.0,fine-grained perception,Gemma-4|Llama-3.2|Pixtral,2
mmstar,GLP,437,MiC,Gemma-4,1.0,0.25,fine-grained perception,Gemma-4|Llama-3.2|Pixtral,1
mmstar,GLP,44,CC,Llama-3.2,0.0,0.9166666666666667,coarse perception,Gemma-4|Llama-3.2|Pixtral,3
mmstar,GLP,443,MiC,Llama-3.2,0.0,1.0,fine-grained perception,Gemma-4|Llama-3.2|Pixtral,3
mmstar,GLP,448,CC,Gemma-4,1.0,0.5,fine-grained perception,Gemma-4|Llama-3.2|Pixtral,1
mmstar,GLP,45,CC,Pixtral,0.0,0.0,coarse perception,Gemma-4|Llama-3.2|Pixtral,2
mmstar,GLP,450,CC,Gemma-4,0.0,0.5,fine-grained perception,Gemma-4|Llama-3.2|Pixtral,1
mmstar,GLP,451,CC,Pixtral,0.0,0.0,fine-grained perception,Gemma-4|Llama-3.2|Pixtral,2
mmstar,GLP,452,CC,Pixtral,0.0,0.5,fine-grained perception,Gemma-4|Llama-3.2|Pixtral,2
mmstar,GLP,455,MiC,Llama-3.2,0.0,0.25,fine-grained perception,Gemma-4|Llama-3.2|Pixtral,3
mmstar,GLP,456,MiC,Gemma-4,0.0,1.0,fine-grained perception,Gemma-4|Llama-3.2|Pixtral,1
mmstar,GLP,461,MiC,Pixtral,1.0,0.8333333333333334,fine-grained perception,Gemma-4|Llama-3.2|Pixtral,2
mmstar,GLP,462,CC,Gemma-4,0.3333333333333333,0.5,fine-grained perception,Gemma-4|Llama-3.2|Pixtral,1
mmstar,GLP,464,MiC,Gemma-4,1.0,1.0,fine-grained perception,Gemma-4|Llama-3.2|Pixtral,1
mmstar,GLP,466,MiC,Llama-3.2,1.0,0.0,fine-grained perception,Gemma-4|Llama-3.2|Pixtral,3
mmstar,GLP,467,CC,Pixtral,1.0,0.0,fine-grained perception,Gemma-4|Llama-3.2|Pixtral,2
mmstar,GLP,468,CC,Gemma-4,1.0,0.5,fine-grained perception,Gemma-4|Llama-3.2|Pixtral,1
mmstar,GLP,472,MiC,Llama-3.2,0.0,0.5833333333333334,fine-grained perception,Gemma-4|Llama-3.2|Pixtral,3
mmstar,GLP,474,CC,Gemma-4,1.0,1.0,fine-grained perception,Gemma-4|Llama-3.2|Pixtral,1
mmstar,GLP,480,CC,Gemma-4,1.0,0.0,fine-grained perception,Gemma-4|Llama-3.2|Pixtral,1
mmstar,GLP,482,CC,Gemma-4,0.3333333333333333,0.0,fine-grained perception,Gemma-4|Llama-3.2|Pixtral,1
mmstar,GLP,484,MiC,Gemma-4,1.0,1.0,fine-grained perception,Gemma-4|Llama-3.2|Pixtral,1
mmstar,GLP,486,MiC,Llama-3.2,0.0,0.5,fine-grained perception,Gemma-4|Llama-3.2|Pixtral,3
mmstar,GLP,495,CC,Gemma-4,0.3333333333333333,0.0,fine-grained perception,Gemma-4|Llama-3.2|Pixtral,1
mmstar,GLP,497,MiC,Gemma-4,1.0,0.5833333333333334,fine-grained perception,Gemma-4|Llama-3.2|Pixtral,1
mmstar,GLP,499,MiC,Gemma-4,1.0,1.0,fine-grained perception,Gemma-4|Llama-3.2|Pixtral,1
mmstar,GLP,5,MiC,Gemma-4,0.0,1.0,coarse perception,Gemma-4|Llama-3.2|Pixtral,1
mmstar,GLP,503,MiC,Pixtral,1.0,0.5,instance reasoning,Gemma-4|Llama-3.2|Pixtral,2
mmstar,GLP,504,MiC,Gemma-4,1.0,0.0,instance reasoning,Gemma-4|Llama-3.2|Pixtral,1
mmstar,GLP,506,CC,Pixtral,1.0,0.16666666666666666,instance reasoning,Gemma-4|Llama-3.2|Pixtral,2
mmstar,GLP,510,MiC,Pixtral,0.0,0.08333333333333333,instance reasoning,Gemma-4|Llama-3.2|Pixtral,2
mmstar,GLP,512,CC,Pixtral,1.0,0.0,instance reasoning,Gemma-4|Llama-3.2|Pixtral,2
mmstar,GLP,517,CC,Gemma-4,1.0,0.5,instance reasoning,Gemma-4|Llama-3.2|Pixtral,1
mmstar,GLP,520,MiC,Gemma-4,1.0,0.9166666666666667,instance reasoning,Gemma-4|Llama-3.2|Pixtral,1
mmstar,GLP,523,CC,Llama-3.2,0.0,0.0,instance reasoning,Gemma-4|Llama-3.2|Pixtral,3
mmstar,GLP,524,MiC,Pixtral,0.0,0.0,instance reasoning,Gemma-4|Llama-3.2|Pixtral,2
mmstar,GLP,526,MiC,Gemma-4,0.0,0.6666666666666666,instance reasoning,Gemma-4|Llama-3.2|Pixtral,1
mmstar,GLP,527,CC,Llama-3.2,0.0,0.5,instance reasoning,Gemma-4|Llama-3.2|Pixtral,3
mmstar,GLP,529,MiC,Gemma-4,1.0,0.5833333333333334,instance reasoning,Gemma-4|Llama-3.2|Pixtral,1
mmstar,GLP,53,MiC,Gemma-4,0.0,0.4166666666666667,coarse perception,Gemma-4|Llama-3.2|Pixtral,1
mmstar,GLP,534,CC,Pixtral,0.0,0.5833333333333334,instance reasoning,Gemma-4|Llama-3.2|Pixtral,2
mmstar,GLP,537,CC,Gemma-4,1.0,1.0,instance reasoning,Gemma-4|Llama-3.2|Pixtral,1
mmstar,GLP,539,MiC,Gemma-4,1.0,0.5,instance reasoning,Gemma-4|Llama-3.2|Pixtral,1
mmstar,GLP,540,MiC,Gemma-4,1.0,1.0,instance reasoning,Gemma-4|Llama-3.2|Pixtral,1
mmstar,GLP,545,MiC,Pixtral,0.0,0.4166666666666667,instance reasoning,Gemma-4|Llama-3.2|Pixtral,2
mmstar,GLP,547,CC,Llama-3.2,0.0,0.5,instance reasoning,Gemma-4|Llama-3.2|Pixtral,3
mmstar,GLP,549,MiC,Gemma-4,0.0,0.9166666666666667,instance reasoning,Gemma-4|Llama-3.2|Pixtral,1
mmstar,GLP,561,MiC,Llama-3.2,0.0,0.9166666666666667,instance reasoning,Gemma-4|Llama-3.2|Pixtral,3
mmstar,GLP,564,CC,Pixtral,0.0,0.5,instance reasoning,Gemma-4|Llama-3.2|Pixtral,2
mmstar,GLP,565,MiC,Gemma-4,1.0,0.8333333333333333,instance reasoning,Gemma-4|Llama-3.2|Pixtral,1
mmstar,GLP,569,CC,Llama-3.2,0.0,0.75,instance reasoning,Gemma-4|Llama-3.2|Pixtral,3
mmstar,GLP,57,MiC,Llama-3.2,0.0,0.0,coarse perception,Gemma-4|Llama-3.2|Pixtral,3
mmstar,GLP,570,MiC,Pixtral,0.0,1.0,instance reasoning,Gemma-4|Llama-3.2|Pixtral,2
mmstar,GLP,571,CC,Gemma-4,1.0,1.0,instance reasoning,Gemma-4|Llama-3.2|Pixtral,1
mmstar,GLP,58,MiC,Llama-3.2,0.0,0.5,coarse perception,Gemma-4|Llama-3.2|Pixtral,3
mmstar,GLP,585,MiC,Gemma-4,1.0,0.08333333333333333,instance reasoning,Gemma-4|Llama-3.2|Pixtral,1
mmstar,GLP,589,MiC,Gemma-4,1.0,0.75,instance reasoning,Gemma-4|Llama-3.2|Pixtral,1
mmstar,GLP,590,MiC,Gemma-4,1.0,0.0,instance reasoning,Gemma-4|Llama-3.2|Pixtral,1
mmstar,GLP,61,MiC,Llama-3.2,0.0,0.0,coarse perception,Gemma-4|Llama-3.2|Pixtral,3
mmstar,GLP,610,MiC,Gemma-4,1.0,0.16666666666666666,instance reasoning,Gemma-4|Llama-3.2|Pixtral,1
mmstar,GLP,617,MiC,Llama-3.2,0.0,0.5,instance reasoning,Gemma-4|Llama-3.2|Pixtral,3
mmstar,GLP,619,MiC,Gemma-4,1.0,1.0,instance reasoning,Gemma-4|Llama-3.2|Pixtral,1
mmstar,GLP,620,CC,Llama-3.2,1.0,0.75,instance reasoning,Gemma-4|Llama-3.2|Pixtral,3
mmstar,GLP,631,MiC,Pixtral,1.0,1.0,instance reasoning,Gemma-4|Llama-3.2|Pixtral,2
mmstar,GLP,639,CC,Llama-3.2,1.0,0.25,instance reasoning,Gemma-4|Llama-3.2|Pixtral,3
mmstar,GLP,64,MiC,Pixtral,0.0,0.4166666666666667,coarse perception,Gemma-4|Llama-3.2|Pixtral,2
mmstar,GLP,641,CC,Llama-3.2,0.0,0.6666666666666666,instance reasoning,Gemma-4|Llama-3.2|Pixtral,3
mmstar,GLP,647,CC,Gemma-4,0.3333333333333333,0.9166666666666667,instance reasoning,Gemma-4|Llama-3.2|Pixtral,1
mmstar,GLP,648,MiC,Pixtral,0.0,0.3333333333333333,instance reasoning,Gemma-4|Llama-3.2|Pixtral,2
mmstar,GLP,650,MiC,Gemma-4,0.0,0.0,instance reasoning,Gemma-4|Llama-3.2|Pixtral,1
mmstar,GLP,661,CC,Pixtral,0.0,0.3333333333333333,instance reasoning,Gemma-4|Llama-3.2|Pixtral,2
mmstar,GLP,662,MiC,Pixtral,1.0,1.0,instance reasoning,Gemma-4|Llama-3.2|Pixtral,2
mmstar,GLP,669,MiC,Llama-3.2,0.0,0.3333333333333333,instance reasoning,Gemma-4|Llama-3.2|Pixtral,3
mmstar,GLP,679,MiC,Gemma-4,1.0,1.0,instance reasoning,Gemma-4|Llama-3.2|Pixtral,1
mmstar,GLP,68,MiC,Gemma-4,0.0,0.5,coarse perception,Gemma-4|Llama-3.2|Pixtral,1
mmstar,GLP,687,MiC,Gemma-4,0.0,0.0,instance reasoning,Gemma-4|Llama-3.2|Pixtral,1
mmstar,GLP,751,MiC,Gemma-4,1.0,0.5833333333333333,logical reasoning,Gemma-4|Llama-3.2|Pixtral,1
mmstar,GLP,753,CC,Gemma-4,1.0,1.0,logical reasoning,Gemma-4|Llama-3.2|Pixtral,1
mmstar,GLP,76,MiC,Llama-3.2,0.0,0.25,coarse perception,Gemma-4|Llama-3.2|Pixtral,3
mmstar,GLP,763,MiC,Gemma-4,0.0,0.0,logical reasoning,Gemma-4|Llama-3.2|Pixtral,1
mmstar,GLP,766,MiC,Gemma-4,1.0,0.5,logical reasoning,Gemma-4|Llama-3.2|Pixtral,1
mmstar,GLP,768,MiC,Llama-3.2,0.0,0.0,logical reasoning,Gemma-4|Llama-3.2|Pixtral,3
mmstar,GLP,77,MiC,Pixtral,0.0,0.0,coarse perception,Gemma-4|Llama-3.2|Pixtral,2
mmstar,GLP,773,CC,Gemma-4,1.0,0.5,logical reasoning,Gemma-4|Llama-3.2|Pixtral,1
mmstar,GLP,780,CC,Gemma-4,0.0,1.0,logical reasoning,Gemma-4|Llama-3.2|Pixtral,1
mmstar,GLP,789,CC,Gemma-4,1.0,1.0,logical reasoning,Gemma-4|Llama-3.2|Pixtral,1
mmstar,GLP,79,CC,Gemma-4,1.0,0.5,coarse perception,Gemma-4|Llama-3.2|Pixtral,1
mmstar,GLP,799,CC,Pixtral,0.0,0.75,logical reasoning,Gemma-4|Llama-3.2|Pixtral,2
mmstar,GLP,800,MiC,Gemma-4,1.0,0.5833333333333334,logical reasoning,Gemma-4|Llama-3.2|Pixtral,1
mmstar,GLP,804,MiC,Pixtral,0.0,0.75,logical reasoning,Gemma-4|Llama-3.2|Pixtral,2
mmstar,GLP,805,CC,Pixtral,1.0,1.0,logical reasoning,Gemma-4|Llama-3.2|Pixtral,2
mmstar,GLP,81,CC,Pixtral,0.0,1.0,coarse perception,Gemma-4|Llama-3.2|Pixtral,2
mmstar,GLP,818,CC,Gemma-4,1.0,1.0,logical reasoning,Gemma-4|Llama-3.2|Pixtral,1
mmstar,GLP,82,CC,Llama-3.2,1.0,0.0,coarse perception,Gemma-4|Llama-3.2|Pixtral,3
mmstar,GLP,826,MiC,Gemma-4,1.0,1.0,logical reasoning,Gemma-4|Llama-3.2|Pixtral,1
mmstar,GLP,828,CC,Pixtral,0.0,0.0,logical reasoning,Gemma-4|Llama-3.2|Pixtral,2
mmstar,GLP,831,CC,Gemma-4,1.0,0.9166666666666667,logical reasoning,Gemma-4|Llama-3.2|Pixtral,1
mmstar,GLP,835,MiC,Llama-3.2,0.0,0.41666666666666663,logical reasoning,Gemma-4|Llama-3.2|Pixtral,3
mmstar,GLP,845,MiC,Gemma-4,0.0,0.08333333333333333,logical reasoning,Gemma-4|Llama-3.2|Pixtral,1
mmstar,GLP,855,CC,Gemma-4,1.0,0.75,logical reasoning,Gemma-4|Llama-3.2|Pixtral,1
mmstar,GLP,857,MiC,Gemma-4,1.0,0.5,logical reasoning,Gemma-4|Llama-3.2|Pixtral,1
mmstar,GLP,86,MiC,Pixtral,0.0,0.3333333333333333,coarse perception,Gemma-4|Llama-3.2|Pixtral,2
mmstar,GLP,863,MiC,Gemma-4,0.0,0.75,logical reasoning,Gemma-4|Llama-3.2|Pixtral,1
mmstar,GLP,866,MiC,Gemma-4,1.0,0.5,logical reasoning,Gemma-4|Llama-3.2|Pixtral,1
mmstar,GLP,870,MiC,Gemma-4,0.0,1.0,logical reasoning,Gemma-4|Llama-3.2|Pixtral,1
mmstar,GLP,872,CC,Gemma-4,1.0,0.8333333333333333,logical reasoning,Gemma-4|Llama-3.2|Pixtral,1
mmstar,GLP,882,MiC,Gemma-4,0.0,1.0,logical reasoning,Gemma-4|Llama-3.2|Pixtral,1
mmstar,GLP,883,MiC,Llama-3.2,1.0,0.5,logical reasoning,Gemma-4|Llama-3.2|Pixtral,3
mmstar,GLP,885,MiC,Pixtral,1.0,0.5,logical reasoning,Gemma-4|Llama-3.2|Pixtral,2
mmstar,GLP,894,CC,Pixtral,1.0,0.0,logical reasoning,Gemma-4|Llama-3.2|Pixtral,2
mmstar,GLP,896,CC,Llama-3.2,0.0,0.5,logical reasoning,Gemma-4|Llama-3.2|Pixtral,3
mmstar,GLP,9,MiC,Pixtral,0.0,0.0,coarse perception,Gemma-4|Llama-3.2|Pixtral,2
mmstar,GLP,904,CC,Gemma-4,0.3333333333333333,1.0,logical reasoning,Gemma-4|Llama-3.2|Pixtral,1
mmstar,GLP,907,MiC,Llama-3.2,0.0,0.5,logical reasoning,Gemma-4|Llama-3.2|Pixtral,3
mmstar,GLP,915,MiC,Gemma-4,0.0,0.5,logical reasoning,Gemma-4|Llama-3.2|Pixtral,1
mmstar,GLP,916,MiC,Llama-3.2,0.0,0.6666666666666666,logical reasoning,Gemma-4|Llama-3.2|Pixtral,3
mmstar,GLP,921,CC,Gemma-4,1.0,1.0,logical reasoning,Gemma-4|Llama-3.2|Pixtral,1
mmstar,GLP,926,MiC,Pixtral,1.0,0.41666666666666663,logical reasoning,Gemma-4|Llama-3.2|Pixtral,2
mmstar,GLP,928,MiC,Llama-3.2,0.0,1.0,logical reasoning,Gemma-4|Llama-3.2|Pixtral,3
mmstar,GLP,929,MiC,Gemma-4,0.0,0.41666666666666663,logical reasoning,Gemma-4|Llama-3.2|Pixtral,1
mmstar,GLP,937,CC,Pixtral,0.0,0.0,logical reasoning,Gemma-4|Llama-3.2|Pixtral,2
mmstar,GLP,938,MiC,Gemma-4,0.0,0.4166666666666667,logical reasoning,Gemma-4|Llama-3.2|Pixtral,1
mmstar,GLP,939,CC,Gemma-4,1.0,1.0,logical reasoning,Gemma-4|Llama-3.2|Pixtral,1
mmstar,GLP,941,CC,Pixtral,1.0,0.4166666666666667,logical reasoning,Gemma-4|Llama-3.2|Pixtral,2
mmstar,GLP,958,CC,Gemma-4,1.0,0.6666666666666666,logical reasoning,Gemma-4|Llama-3.2|Pixtral,1
mmstar,GLP,959,CC,Gemma-4,1.0,0.5,logical reasoning,Gemma-4|Llama-3.2|Pixtral,1
mmstar,GLP,96,CC,Pixtral,0.0,0.0,coarse perception,Gemma-4|Llama-3.2|Pixtral,2
mmstar,GLP,961,MiC,Llama-3.2,0.0,0.9166666666666667,logical reasoning,Gemma-4|Llama-3.2|Pixtral,3
mmstar,GLP,966,MiC,Gemma-4,1.0,0.5,logical reasoning,Gemma-4|Llama-3.2|Pixtral,1
mmstar,GLP,98,CC,Llama-3.2,0.0,0.16666666666666666,coarse perception,Gemma-4|Llama-3.2|Pixtral,3
mmstar,GLP,984,CC,Gemma-4,1.0,0.3333333333333333,logical reasoning,Gemma-4|Llama-3.2|Pixtral,1
mmstar,GLP,99,MiC,Pixtral,0.0,0.16666666666666666,coarse perception,Gemma-4|Llama-3.2|Pixtral,2
mmstar,GLQ,1006,CC,Gemma-4,1.0,0.08333333333333333,math,Gemma-4|Llama-3.2|Qwen3.5,2
mmstar,GLQ,105,MiC,Qwen3.5,1.0,0.0,coarse perception,Gemma-4|Llama-3.2|Qwen3.5,1
mmstar,GLQ,106,MiC,Gemma-4,0.0,0.0,coarse perception,Gemma-4|Llama-3.2|Qwen3.5,2
mmstar,GLQ,1073,CC,Qwen3.5,0.0,0.75,math,Gemma-4|Llama-3.2|Qwen3.5,1
mmstar,GLQ,1092,MiC,Gemma-4,1.0,1.0,math,Gemma-4|Llama-3.2|Qwen3.5,2
mmstar,GLQ,1128,CC,Gemma-4,1.0,0.0,math,Gemma-4|Llama-3.2|Qwen3.5,2
mmstar,GLQ,113,MiC,Gemma-4,0.0,0.16666666666666666,coarse perception,Gemma-4|Llama-3.2|Qwen3.5,2
mmstar,GLQ,1132,MiC,Llama-3.2,0.0,1.0,math,Gemma-4|Llama-3.2|Qwen3.5,3
mmstar,GLQ,1133,MiC,Qwen3.5,1.0,0.3333333333333333,math,Gemma-4|Llama-3.2|Qwen3.5,1
mmstar,GLQ,114,CC,Qwen3.5,1.0,0.5,coarse perception,Gemma-4|Llama-3.2|Qwen3.5,1
mmstar,GLQ,1177,MiC,Llama-3.2,0.0,0.3333333333333333,math,Gemma-4|Llama-3.2|Qwen3.5,3
mmstar,GLQ,12,MiC,Llama-3.2,0.0,0.0,coarse perception,Gemma-4|Llama-3.2|Qwen3.5,3
mmstar,GLQ,1203,MiC,Qwen3.5,1.0,1.0,math,Gemma-4|Llama-3.2|Qwen3.5,1
mmstar,GLQ,1217,MiC,Gemma-4,1.0,0.5,math,Gemma-4|Llama-3.2|Qwen3.5,2
mmstar,GLQ,1235,MiC,Gemma-4,0.0,0.0,math,Gemma-4|Llama-3.2|Qwen3.5,2
mmstar,GLQ,1240,MiC,Gemma-4,1.0,0.6666666666666667,math,Gemma-4|Llama-3.2|Qwen3.5,2
mmstar,GLQ,1258,MiC,Qwen3.5,1.0,0.08333333333333333,science & technology,Gemma-4|Llama-3.2|Qwen3.5,1
mmstar,GLQ,1259,CC,Gemma-4,1.0,0.16666666666666666,science & technology,Gemma-4|Llama-3.2|Qwen3.5,2
mmstar,GLQ,1264,CC,Qwen3.5,0.0,0.0,science & technology,Gemma-4|Llama-3.2|Qwen3.5,1
mmstar,GLQ,1266,MiC,Qwen3.5,1.0,0.0,science & technology,Gemma-4|Llama-3.2|Qwen3.5,1
mmstar,GLQ,127,CC,Llama-3.2,0.0,0.0,coarse perception,Gemma-4|Llama-3.2|Qwen3.5,3
mmstar,GLQ,1271,MiC,Qwen3.5,0.0,0.5,science & technology,Gemma-4|Llama-3.2|Qwen3.5,1
mmstar,GLQ,1272,CC,Gemma-4,0.0,0.16666666666666666,science & technology,Gemma-4|Llama-3.2|Qwen3.5,2
mmstar,GLQ,1276,CC,Gemma-4,0.0,0.0,science & technology,Gemma-4|Llama-3.2|Qwen3.5,2
mmstar,GLQ,128,MiC,Llama-3.2,0.0,0.0,coarse perception,Gemma-4|Llama-3.2|Qwen3.5,3
mmstar,GLQ,1285,MiC,Gemma-4,1.0,0.16666666666666666,science & technology,Gemma-4|Llama-3.2|Qwen3.5,2
mmstar,GLQ,1290,CC,Qwen3.5,1.0,0.25,science & technology,Gemma-4|Llama-3.2|Qwen3.5,1
mmstar,GLQ,1294,CC,Gemma-4,0.3333333333333333,0.08333333333333333,science & technology,Gemma-4|Llama-3.2|Qwen3.5,2
mmstar,GLQ,1295,CC,Gemma-4,0.0,0.4166666666666667,science & technology,Gemma-4|Llama-3.2|Qwen3.5,2
mmstar,GLQ,1300,CC,Gemma-4,1.0,0.3333333333333333,science & technology,Gemma-4|Llama-3.2|Qwen3.5,2
mmstar,GLQ,1305,CC,Qwen3.5,1.0,0.08333333333333333,science & technology,Gemma-4|Llama-3.2|Qwen3.5,1
mmstar,GLQ,1309,MiC,Qwen3.5,1.0,0.4166666666666667,science & technology,Gemma-4|Llama-3.2|Qwen3.5,1
mmstar,GLQ,1318,CC,Qwen3.5,0.0,0.3333333333333333,science & technology,Gemma-4|Llama-3.2|Qwen3.5,1
mmstar,GLQ,1320,CC,Gemma-4,1.0,0.5,science & technology,Gemma-4|Llama-3.2|Qwen3.5,2
mmstar,GLQ,1322,CC,Gemma-4,1.0,0.0,science & technology,Gemma-4|Llama-3.2|Qwen3.5,2
mmstar,GLQ,1324,CC,Gemma-4,0.0,0.5,science & technology,Gemma-4|Llama-3.2|Qwen3.5,2
mmstar,GLQ,1326,MiC,Gemma-4,0.0,0.4166666666666667,science & technology,Gemma-4|Llama-3.2|Qwen3.5,2
mmstar,GLQ,1328,CC,Gemma-4,0.0,0.3333333333333333,science & technology,Gemma-4|Llama-3.2|Qwen3.5,2
mmstar,GLQ,1329,MiC,Gemma-4,1.0,1.0,science & technology,Gemma-4|Llama-3.2|Qwen3.5,2
mmstar,GLQ,1333,CC,Gemma-4,0.0,0.4166666666666667,science & technology,Gemma-4|Llama-3.2|Qwen3.5,2
mmstar,GLQ,1336,CC,Gemma-4,0.0,0.25,science & technology,Gemma-4|Llama-3.2|Qwen3.5,2
mmstar,GLQ,1339,CC,Gemma-4,0.0,0.0,science & technology,Gemma-4|Llama-3.2|Qwen3.5,2
mmstar,GLQ,1343,CC,Qwen3.5,0.0,0.0,science & technology,Gemma-4|Llama-3.2|Qwen3.5,1
mmstar,GLQ,1347,MiC,Qwen3.5,0.0,0.25,science & technology,Gemma-4|Llama-3.2|Qwen3.5,1
mmstar,GLQ,1350,MiC,Qwen3.5,0.0,0.5,science & technology,Gemma-4|Llama-3.2|Qwen3.5,1
mmstar,GLQ,1363,MiC,Llama-3.2,0.0,0.3333333333333333,science & technology,Gemma-4|Llama-3.2|Qwen3.5,3
mmstar,GLQ,1375,CC,Qwen3.5,0.0,0.0,science & technology,Gemma-4|Llama-3.2|Qwen3.5,1
mmstar,GLQ,1376,CC,Gemma-4,1.0,0.5,science & technology,Gemma-4|Llama-3.2|Qwen3.5,2
mmstar,GLQ,1379,MiC,Llama-3.2,0.0,0.0,science & technology,Gemma-4|Llama-3.2|Qwen3.5,3
mmstar,GLQ,1384,MiC,Gemma-4,0.0,0.41666666666666663,science & technology,Gemma-4|Llama-3.2|Qwen3.5,2
mmstar,GLQ,1400,CC,Gemma-4,1.0,0.4166666666666667,science & technology,Gemma-4|Llama-3.2|Qwen3.5,2
mmstar,GLQ,1401,CC,Llama-3.2,0.0,0.6666666666666667,science & technology,Gemma-4|Llama-3.2|Qwen3.5,3
mmstar,GLQ,1402,CC,Gemma-4,0.0,1.0,science & technology,Gemma-4|Llama-3.2|Qwen3.5,2
mmstar,GLQ,1404,MiC,Gemma-4,0.0,0.0,science & technology,Gemma-4|Llama-3.2|Qwen3.5,2
mmstar,GLQ,1406,CC,Qwen3.5,1.0,0.0,science & technology,Gemma-4|Llama-3.2|Qwen3.5,1
mmstar,GLQ,1407,MiC,Gemma-4,1.0,0.5,science & technology,Gemma-4|Llama-3.2|Qwen3.5,2
mmstar,GLQ,1408,MiC,Qwen3.5,1.0,0.0,science & technology,Gemma-4|Llama-3.2|Qwen3.5,1
mmstar,GLQ,1414,CC,Llama-3.2,0.0,0.4166666666666667,science & technology,Gemma-4|Llama-3.2|Qwen3.5,3
mmstar,GLQ,1427,CC,Qwen3.5,0.0,0.5,science & technology,Gemma-4|Llama-3.2|Qwen3.5,1
mmstar,GLQ,1428,MiC,Qwen3.5,1.0,0.5,science & technology,Gemma-4|Llama-3.2|Qwen3.5,1
mmstar,GLQ,1432,MiC,Gemma-4,0.0,0.0,science & technology,Gemma-4|Llama-3.2|Qwen3.5,2
mmstar,GLQ,1437,CC,Gemma-4,1.0,0.0,science & technology,Gemma-4|Llama-3.2|Qwen3.5,2
mmstar,GLQ,1438,CC,Gemma-4,1.0,0.16666666666666666,science & technology,Gemma-4|Llama-3.2|Qwen3.5,2
mmstar,GLQ,1461,CC,Gemma-4,1.0,0.0,science & technology,Gemma-4|Llama-3.2|Qwen3.5,2
mmstar,GLQ,1469,CC,Qwen3.5,1.0,0.4166666666666667,science & technology,Gemma-4|Llama-3.2|Qwen3.5,1
mmstar,GLQ,147,MiC,Qwen3.5,0.0,0.25,coarse perception,Gemma-4|Llama-3.2|Qwen3.5,1
mmstar,GLQ,1476,MiC,Llama-3.2,0.0,0.5,science & technology,Gemma-4|Llama-3.2|Qwen3.5,3
mmstar,GLQ,1478,CC,Llama-3.2,1.0,0.0,science & technology,Gemma-4|Llama-3.2|Qwen3.5,3
mmstar,GLQ,1482,MiC,Llama-3.2,0.0,1.0,science & technology,Gemma-4|Llama-3.2|Qwen3.5,3
mmstar,GLQ,1484,CC,Gemma-4,0.0,0.5,science & technology,Gemma-4|Llama-3.2|Qwen3.5,2
mmstar,GLQ,1486,CC,Llama-3.2,0.0,0.75,science & technology,Gemma-4|Llama-3.2|Qwen3.5,3
mmstar,GLQ,149,MiC,Llama-3.2,0.0,0.08333333333333333,coarse perception,Gemma-4|Llama-3.2|Qwen3.5,3
mmstar,GLQ,1490,CC,Qwen3.5,1.0,0.41666666666666663,science & technology,Gemma-4|Llama-3.2|Qwen3.5,1
mmstar,GLQ,150,MiC,Gemma-4,0.0,0.41666666666666663,coarse perception,Gemma-4|Llama-3.2|Qwen3.5,2
mmstar,GLQ,159,MiC,Llama-3.2,0.0,1.0,coarse perception,Gemma-4|Llama-3.2|Qwen3.5,3
mmstar,GLQ,17,MiC,Llama-3.2,0.0,0.5,coarse perception,Gemma-4|Llama-3.2|Qwen3.5,3
mmstar,GLQ,18,MiC,Gemma-4,0.0,0.0,coarse perception,Gemma-4|Llama-3.2|Qwen3.5,2
mmstar,GLQ,2,MiC,Llama-3.2,0.0,0.0,coarse perception,Gemma-4|Llama-3.2|Qwen3.5,3
mmstar,GLQ,255,CC,Qwen3.5,1.0,0.0,fine-grained perception,Gemma-4|Llama-3.2|Qwen3.5,1
mmstar,GLQ,256,MiC,Qwen3.5,0.0,1.0,fine-grained perception,Gemma-4|Llama-3.2|Qwen3.5,1
mmstar,GLQ,260,CC,Gemma-4,0.0,0.0,fine-grained perception,Gemma-4|Llama-3.2|Qwen3.5,2
mmstar,GLQ,265,CC,Gemma-4,0.0,0.0,fine-grained perception,Gemma-4|Llama-3.2|Qwen3.5,2
mmstar,GLQ,266,MiC,Qwen3.5,1.0,0.5,fine-grained perception,Gemma-4|Llama-3.2|Qwen3.5,1
mmstar,GLQ,270,MiC,Llama-3.2,0.0,0.3333333333333333,fine-grained perception,Gemma-4|Llama-3.2|Qwen3.5,3
mmstar,GLQ,271,MiC,Llama-3.2,0.0,0.0,fine-grained perception,Gemma-4|Llama-3.2|Qwen3.5,3
mmstar,GLQ,279,CC,Gemma-4,0.0,0.0,fine-grained perception,Gemma-4|Llama-3.2|Qwen3.5,2
mmstar,GLQ,28,MiC,Llama-3.2,0.0,0.75,coarse perception,Gemma-4|Llama-3.2|Qwen3.5,3
mmstar,GLQ,286,MiC,Llama-3.2,0.0,0.0,fine-grained perception,Gemma-4|Llama-3.2|Qwen3.5,3
mmstar,GLQ,288,CC,Qwen3.5,1.0,0.9166666666666667,fine-grained perception,Gemma-4|Llama-3.2|Qwen3.5,1
mmstar,GLQ,291,MiC,Gemma-4,0.0,0.0,fine-grained perception,Gemma-4|Llama-3.2|Qwen3.5,2
mmstar,GLQ,301,CC,Qwen3.5,1.0,1.0,fine-grained perception,Gemma-4|Llama-3.2|Qwen3.5,1
mmstar,GLQ,307,CC,Gemma-4,0.3333333333333333,0.25,fine-grained perception,Gemma-4|Llama-3.2|Qwen3.5,2
mmstar,GLQ,308,CC,Gemma-4,0.0,1.0,fine-grained perception,Gemma-4|Llama-3.2|Qwen3.5,2
mmstar,GLQ,325,CC,Qwen3.5,0.0,0.0,fine-grained perception,Gemma-4|Llama-3.2|Qwen3.5,1
mmstar,GLQ,331,CC,Qwen3.5,1.0,0.5,fine-grained perception,Gemma-4|Llama-3.2|Qwen3.5,1
mmstar,GLQ,335,CC,Qwen3.5,1.0,0.8333333333333333,fine-grained perception,Gemma-4|Llama-3.2|Qwen3.5,1
mmstar,GLQ,339,MiC,Gemma-4,1.0,0.5,fine-grained perception,Gemma-4|Llama-3.2|Qwen3.5,2
mmstar,GLQ,342,MiC,Llama-3.2,0.0,0.0,fine-grained perception,Gemma-4|Llama-3.2|Qwen3.5,3
mmstar,GLQ,35,MiC,Gemma-4,0.0,0.5,coarse perception,Gemma-4|Llama-3.2|Qwen3.5,2
mmstar,GLQ,350,MiC,Llama-3.2,0.0,0.5833333333333334,fine-grained perception,Gemma-4|Llama-3.2|Qwen3.5,3
mmstar,GLQ,353,CC,Qwen3.5,0.0,0.0,fine-grained perception,Gemma-4|Llama-3.2|Qwen3.5,1
mmstar,GLQ,372,MiC,Qwen3.5,0.0,0.25,fine-grained perception,Gemma-4|Llama-3.2|Qwen3.5,1
mmstar,GLQ,376,CC,Llama-3.2,0.0,0.0,fine-grained perception,Gemma-4|Llama-3.2|Qwen3.5,3
mmstar,GLQ,380,CC,Gemma-4,1.0,0.08333333333333333,fine-grained perception,Gemma-4|Llama-3.2|Qwen3.5,2
mmstar,GLQ,394,MiC,Qwen3.5,1.0,0.5,fine-grained perception,Gemma-4|Llama-3.2|Qwen3.5,1
mmstar,GLQ,396,MiC,Qwen3.5,0.0,0.5,fine-grained perception,Gemma-4|Llama-3.2|Qwen3.5,1
mmstar,GLQ,409,MiC,Gemma-4,0.0,0.0,fine-grained perception,Gemma-4|Llama-3.2|Qwen3.5,2
mmstar,GLQ,415,MiC,Gemma-4,1.0,0.0,fine-grained perception,Gemma-4|Llama-3.2|Qwen3.5,2
mmstar,GLQ,416,MiC,Llama-3.2,0.0,0.0,fine-grained perception,Gemma-4|Llama-3.2|Qwen3.5,3
mmstar,GLQ,419,MiC,Gemma-4,1.0,0.5,fine-grained perception,Gemma-4|Llama-3.2|Qwen3.5,2
mmstar,GLQ,422,MiC,Llama-3.2,0.0,1.0,fine-grained perception,Gemma-4|Llama-3.2|Qwen3.5,3
mmstar,GLQ,423,MiC,Llama-3.2,0.0,0.5,fine-grained perception,Gemma-4|Llama-3.2|Qwen3.5,3
mmstar,GLQ,424,CC,Llama-3.2,1.0,0.0,fine-grained perception,Gemma-4|Llama-3.2|Qwen3.5,3
mmstar,GLQ,425,MiC,Gemma-4,0.0,1.0,fine-grained perception,Gemma-4|Llama-3.2|Qwen3.5,2
mmstar,GLQ,43,MiC,Llama-3.2,0.0,1.0,coarse perception,Gemma-4|Llama-3.2|Qwen3.5,3
mmstar,GLQ,435,CC,Llama-3.2,0.0,0.5,fine-grained perception,Gemma-4|Llama-3.2|Qwen3.5,3
mmstar,GLQ,437,MiC,Gemma-4,0.0,0.0,fine-grained perception,Gemma-4|Llama-3.2|Qwen3.5,2
mmstar,GLQ,446,MiC,Qwen3.5,1.0,0.5,fine-grained perception,Gemma-4|Llama-3.2|Qwen3.5,1
mmstar,GLQ,447,MiC,Qwen3.5,0.0,0.0,fine-grained perception,Gemma-4|Llama-3.2|Qwen3.5,1
mmstar,GLQ,450,MiC,Qwen3.5,1.0,0.0,fine-grained perception,Gemma-4|Llama-3.2|Qwen3.5,1
mmstar,GLQ,452,MiC,Llama-3.2,0.0,1.0,fine-grained perception,Gemma-4|Llama-3.2|Qwen3.5,3
mmstar,GLQ,455,MiC,Llama-3.2,0.0,0.16666666666666666,fine-grained perception,Gemma-4|Llama-3.2|Qwen3.5,3
mmstar,GLQ,457,MiC,Gemma-4,1.0,0.5833333333333334,fine-grained perception,Gemma-4|Llama-3.2|Qwen3.5,2
mmstar,GLQ,466,MiC,Llama-3.2,1.0,0.0,fine-grained perception,Gemma-4|Llama-3.2|Qwen3.5,3
mmstar,GLQ,469,CC,Gemma-4,0.0,0.08333333333333333,fine-grained perception,Gemma-4|Llama-3.2|Qwen3.5,2
mmstar,GLQ,480,CC,Gemma-4,1.0,0.0,fine-grained perception,Gemma-4|Llama-3.2|Qwen3.5,2
mmstar,GLQ,482,CC,Gemma-4,0.3333333333333333,0.0,fine-grained perception,Gemma-4|Llama-3.2|Qwen3.5,2
mmstar,GLQ,497,CC,Qwen3.5,0.3333333333333333,0.08333333333333333,fine-grained perception,Gemma-4|Llama-3.2|Qwen3.5,1
mmstar,GLQ,500,CC,Qwen3.5,1.0,0.25,instance reasoning,Gemma-4|Llama-3.2|Qwen3.5,1
mmstar,GLQ,504,MiC,Gemma-4,1.0,0.0,instance reasoning,Gemma-4|Llama-3.2|Qwen3.5,2
mmstar,GLQ,506,MiC,Gemma-4,0.0,0.16666666666666666,instance reasoning,Gemma-4|Llama-3.2|Qwen3.5,2
mmstar,GLQ,507,MiC,Gemma-4,0.0,0.0,instance reasoning,Gemma-4|Llama-3.2|Qwen3.5,2
mmstar,GLQ,508,MiC,Qwen3.5,0.0,0.0,instance reasoning,Gemma-4|Llama-3.2|Qwen3.5,1
mmstar,GLQ,514,CC,Gemma-4,1.0,0.5,instance reasoning,Gemma-4|Llama-3.2|Qwen3.5,2
mmstar,GLQ,516,MiC,Llama-3.2,0.0,0.0,instance reasoning,Gemma-4|Llama-3.2|Qwen3.5,3
mmstar,GLQ,521,CC,Gemma-4,0.0,0.6666666666666666,instance reasoning,Gemma-4|Llama-3.2|Qwen3.5,2
mmstar,GLQ,528,MiC,Llama-3.2,0.0,0.0,instance reasoning,Gemma-4|Llama-3.2|Qwen3.5,3
mmstar,GLQ,530,CC,Llama-3.2,0.0,0.5,instance reasoning,Gemma-4|Llama-3.2|Qwen3.5,3
mmstar,GLQ,539,MiC,Gemma-4,1.0,0.5,instance reasoning,Gemma-4|Llama-3.2|Qwen3.5,2
mmstar,GLQ,541,CC,Qwen3.5,0.3333333333333333,0.0,instance reasoning,Gemma-4|Llama-3.2|Qwen3.5,1
mmstar,GLQ,545,MiC,Qwen3.5,1.0,0.3333333333333333,instance reasoning,Gemma-4|Llama-3.2|Qwen3.5,1
mmstar,GLQ,554,CC,Qwen3.5,0.0,0.08333333333333333,instance reasoning,Gemma-4|Llama-3.2|Qwen3.5,1
mmstar,GLQ,555,MiC,Gemma-4,0.0,0.4166666666666667,instance reasoning,Gemma-4|Llama-3.2|Qwen3.5,2
mmstar,GLQ,56,MiC,Gemma-4,0.0,1.0,coarse perception,Gemma-4|Llama-3.2|Qwen3.5,2
mmstar,GLQ,561,MiC,Llama-3.2,0.0,0.5,instance reasoning,Gemma-4|Llama-3.2|Qwen3.5,3
mmstar,GLQ,57,MiC,Llama-3.2,0.0,0.08333333333333333,coarse perception,Gemma-4|Llama-3.2|Qwen3.5,3
mmstar,GLQ,570,CC,Qwen3.5,0.0,1.0,instance reasoning,Gemma-4|Llama-3.2|Qwen3.5,1
mmstar,GLQ,575,MiC,Gemma-4,0.0,1.0,instance reasoning,Gemma-4|Llama-3.2|Qwen3.5,2
mmstar,GLQ,58,MiC,Llama-3.2,0.0,0.5,coarse perception,Gemma-4|Llama-3.2|Qwen3.5,3
mmstar,GLQ,582,CC,Gemma-4,1.0,0.41666666666666663,instance reasoning,Gemma-4|Llama-3.2|Qwen3.5,2
mmstar,GLQ,583,MiC,Qwen3.5,1.0,1.0,instance reasoning,Gemma-4|Llama-3.2|Qwen3.5,1
mmstar,GLQ,585,MiC,Gemma-4,1.0,0.0,instance reasoning,Gemma-4|Llama-3.2|Qwen3.5,2
mmstar,GLQ,590,MiC,Gemma-4,1.0,0.0,instance reasoning,Gemma-4|Llama-3.2|Qwen3.5,2
mmstar,GLQ,595,MiC,Qwen3.5,1.0,0.08333333333333333,instance reasoning,Gemma-4|Llama-3.2|Qwen3.5,1
mmstar,GLQ,597,MiC,Gemma-4,0.0,0.5,instance reasoning,Gemma-4|Llama-3.2|Qwen3.5,2
mmstar,GLQ,599,MiC,Gemma-4,0.0,0.8333333333333333,instance reasoning,Gemma-4|Llama-3.2|Qwen3.5,2
mmstar,GLQ,62,MiC,Llama-3.2,0.0,1.0,coarse perception,Gemma-4|Llama-3.2|Qwen3.5,3
mmstar,GLQ,621,CC,Qwen3.5,1.0,0.3333333333333333,instance reasoning,Gemma-4|Llama-3.2|Qwen3.5,1
mmstar,GLQ,639,CC,Gemma-4,0.0,0.16666666666666666,instance reasoning,Gemma-4|Llama-3.2|Qwen3.5,2
mmstar,GLQ,648,MiC,Qwen3.5,1.0,0.5,instance reasoning,Gemma-4|Llama-3.2|Qwen3.5,1
mmstar,GLQ,65,CC,Gemma-4,1.0,1.0,coarse perception,Gemma-4|Llama-3.2|Qwen3.5,2
mmstar,GLQ,660,MiC,Gemma-4,0.0,0.5,instance reasoning,Gemma-4|Llama-3.2|Qwen3.5,2
mmstar,GLQ,667,MiC,Gemma-4,0.0,0.6666666666666666,instance reasoning,Gemma-4|Llama-3.2|Qwen3.5,2
mmstar,GLQ,68,CC,Gemma-4,0.0,0.5,coarse perception,Gemma-4|Llama-3.2|Qwen3.5,2
mmstar,GLQ,686,MiC,Qwen3.5,1.0,0.16666666666666666,instance reasoning,Gemma-4|Llama-3.2|Qwen3.5,1
mmstar,GLQ,687,CC,Llama-3.2,0.0,0.0,instance reasoning,Gemma-4|Llama-3.2|Qwen3.5,3
mmstar,GLQ,72,MiC,Gemma-4,0.0,1.0,coarse perception,Gemma-4|Llama-3.2|Qwen3.5,2
mmstar,GLQ,734,MiC,Qwen3.5,0.0,0.5,instance reasoning,Gemma-4|Llama-3.2|Qwen3.5,1
mmstar,GLQ,750,MiC,Gemma-4,0.0,0.0,logical reasoning,Gemma-4|Llama-3.2|Qwen3.5,2
mmstar,GLQ,755,CC,Qwen3.5,1.0,0.16666666666666666,logical reasoning,Gemma-4|Llama-3.2|Qwen3.5,1
mmstar,GLQ,767,MiC,Qwen3.5,0.0,0.0,logical reasoning,Gemma-4|Llama-3.2|Qwen3.5,1
mmstar,GLQ,779,MiC,Llama-3.2,0.0,0.0,logical reasoning,Gemma-4|Llama-3.2|Qwen3.5,3
mmstar,GLQ,796,CC,Qwen3.5,1.0,1.0,logical reasoning,Gemma-4|Llama-3.2|Qwen3.5,1
mmstar,GLQ,805,CC,Qwen3.5,1.0,1.0,logical reasoning,Gemma-4|Llama-3.2|Qwen3.5,1
mmstar,GLQ,81,CC,Qwen3.5,0.0,1.0,coarse perception,Gemma-4|Llama-3.2|Qwen3.5,1
mmstar,GLQ,82,MiC,Llama-3.2,0.0,0.0,coarse perception,Gemma-4|Llama-3.2|Qwen3.5,3
mmstar,GLQ,834,MiC,Gemma-4,1.0,0.75,logical reasoning,Gemma-4|Llama-3.2|Qwen3.5,2
mmstar,GLQ,850,MiC,Llama-3.2,1.0,1.0,logical reasoning,Gemma-4|Llama-3.2|Qwen3.5,3
mmstar,GLQ,885,CC,Gemma-4,1.0,0.75,logical reasoning,Gemma-4|Llama-3.2|Qwen3.5,2
mmstar,GLQ,889,MiC,Gemma-4,0.0,1.0,logical reasoning,Gemma-4|Llama-3.2|Qwen3.5,2
mmstar,GLQ,893,MiC,Llama-3.2,0.0,0.0,logical reasoning,Gemma-4|Llama-3.2|Qwen3.5,3
mmstar,GLQ,894,MiC,Llama-3.2,1.0,0.4166666666666667,logical reasoning,Gemma-4|Llama-3.2|Qwen3.5,3
mmstar,GLQ,896,CC,Llama-3.2,0.0,0.5,logical reasoning,Gemma-4|Llama-3.2|Qwen3.5,3
mmstar,GLQ,90,MiC,Qwen3.5,0.0,0.6666666666666666,coarse perception,Gemma-4|Llama-3.2|Qwen3.5,1
mmstar,GLQ,916,MiC,Llama-3.2,0.0,0.5,logical reasoning,Gemma-4|Llama-3.2|Qwen3.5,3
mmstar,GLQ,926,CC,Qwen3.5,1.0,0.75,logical reasoning,Gemma-4|Llama-3.2|Qwen3.5,1
mmstar,GLQ,929,MiC,Gemma-4,1.0,0.3333333333333333,logical reasoning,Gemma-4|Llama-3.2|Qwen3.5,2
mmstar,GLQ,933,MiC,Qwen3.5,1.0,0.0,logical reasoning,Gemma-4|Llama-3.2|Qwen3.5,1
mmstar,GLQ,940,CC,Qwen3.5,0.0,0.6666666666666666,logical reasoning,Gemma-4|Llama-3.2|Qwen3.5,1
mmstar,GLQ,942,MiC,Gemma-4,1.0,0.25,logical reasoning,Gemma-4|Llama-3.2|Qwen3.5,2
mmstar,GLQ,951,CC,Llama-3.2,0.0,0.75,logical reasoning,Gemma-4|Llama-3.2|Qwen3.5,3
mmstar,GLQ,952,MiC,Llama-3.2,0.0,0.0,logical reasoning,Gemma-4|Llama-3.2|Qwen3.5,3
mmstar,GLQ,953,CC,Gemma-4,0.0,0.5833333333333334,logical reasoning,Gemma-4|Llama-3.2|Qwen3.5,2
mmstar,GLQ,958,CC,Qwen3.5,1.0,0.6666666666666666,logical reasoning,Gemma-4|Llama-3.2|Qwen3.5,1
mmstar,GLQ,959,CC,Gemma-4,0.0,0.5,logical reasoning,Gemma-4|Llama-3.2|Qwen3.5,2
mmstar,GLQ,960,MiC,Qwen3.5,1.0,0.5833333333333334,logical reasoning,Gemma-4|Llama-3.2|Qwen3.5,1
mmstar,GLQ,964,CC,Gemma-4,1.0,0.75,logical reasoning,Gemma-4|Llama-3.2|Qwen3.5,2
mmstar,GLQ,966,CC,Gemma-4,0.0,0.5,logical reasoning,Gemma-4|Llama-3.2|Qwen3.5,2
mmstar,GLQ,973,CC,Qwen3.5,1.0,0.5,logical reasoning,Gemma-4|Llama-3.2|Qwen3.5,1
mmstar,GLQ,98,MiC,Llama-3.2,0.0,0.0,coarse perception,Gemma-4|Llama-3.2|Qwen3.5,3
mmstar,GLQ,983,MiC,Qwen3.5,1.0,0.5,logical reasoning,Gemma-4|Llama-3.2|Qwen3.5,1
mmstar,GPQ,10,MiC,Qwen3.5,0.0,1.0,coarse perception,Gemma-4|Pixtral|Qwen3.5,1
mmstar,GPQ,1012,MiC,Qwen3.5,1.0,0.08333333333333333,math,Gemma-4|Pixtral|Qwen3.5,1
mmstar,GPQ,104,CC,Qwen3.5,0.3333333333333333,0.5,coarse perception,Gemma-4|Pixtral|Qwen3.5,1
mmstar,GPQ,1044,CC,Gemma-4,1.0,0.4166666666666667,math,Gemma-4|Pixtral|Qwen3.5,2
mmstar,GPQ,105,MiC,Qwen3.5,1.0,0.0,coarse perception,Gemma-4|Pixtral|Qwen3.5,1
mmstar,GPQ,1050,MiC,Qwen3.5,1.0,0.25,math,Gemma-4|Pixtral|Qwen3.5,1
mmstar,GPQ,106,CC,Gemma-4,0.0,0.0,coarse perception,Gemma-4|Pixtral|Qwen3.5,2
mmstar,GPQ,1073,CC,Pixtral,0.0,0.5833333333333334,math,Gemma-4|Pixtral|Qwen3.5,3
mmstar,GPQ,108,MiC,Gemma-4,1.0,0.5,coarse perception,Gemma-4|Pixtral|Qwen3.5,2
mmstar,GPQ,1080,MiC,Pixtral,0.0,0.25,math,Gemma-4|Pixtral|Qwen3.5,3
mmstar,GPQ,1089,MiC,Qwen3.5,0.0,0.5,math,Gemma-4|Pixtral|Qwen3.5,1
mmstar,GPQ,1128,CC,Gemma-4,0.0,0.16666666666666666,math,Gemma-4|Pixtral|Qwen3.5,2
mmstar,GPQ,1132,MiC,Pixtral,0.0,0.9166666666666667,math,Gemma-4|Pixtral|Qwen3.5,3
mmstar,GPQ,1133,MiC,Pixtral,1.0,0.16666666666666666,math,Gemma-4|Pixtral|Qwen3.5,3
mmstar,GPQ,1178,MiC,Qwen3.5,1.0,1.0,math,Gemma-4|Pixtral|Qwen3.5,1
mmstar,GPQ,1180,MiC,Qwen3.5,0.0,1.0,math,Gemma-4|Pixtral|Qwen3.5,1
mmstar,GPQ,1189,MiC,Gemma-4,1.0,0.16666666666666666,math,Gemma-4|Pixtral|Qwen3.5,2
mmstar,GPQ,1205,MiC,Pixtral,0.0,0.5,math,Gemma-4|Pixtral|Qwen3.5,3
mmstar,GPQ,124,MiC,Pixtral,1.0,0.75,coarse perception,Gemma-4|Pixtral|Qwen3.5,3
mmstar,GPQ,1258,CC,Qwen3.5,1.0,0.16666666666666666,science & technology,Gemma-4|Pixtral|Qwen3.5,1
mmstar,GPQ,126,MiC,Pixtral,0.0,0.0,coarse perception,Gemma-4|Pixtral|Qwen3.5,3
mmstar,GPQ,1264,CC,Qwen3.5,1.0,0.08333333333333333,science & technology,Gemma-4|Pixtral|Qwen3.5,1
mmstar,GPQ,1266,MiC,Qwen3.5,1.0,0.0,science & technology,Gemma-4|Pixtral|Qwen3.5,1
mmstar,GPQ,1272,MiC,Qwen3.5,1.0,0.16666666666666666,science & technology,Gemma-4|Pixtral|Qwen3.5,1
mmstar,GPQ,1273,CC,Gemma-4,0.0,0.5833333333333334,science & technology,Gemma-4|Pixtral|Qwen3.5,2
mmstar,GPQ,1275,CC,Gemma-4,1.0,0.16666666666666666,science & technology,Gemma-4|Pixtral|Qwen3.5,2
mmstar,GPQ,1278,MiC,Pixtral,0.0,0.4166666666666667,science & technology,Gemma-4|Pixtral|Qwen3.5,3
mmstar,GPQ,1280,MiC,Qwen3.5,0.0,0.41666666666666663,science & technology,Gemma-4|Pixtral|Qwen3.5,1
mmstar,GPQ,1281,CC,Qwen3.5,0.0,0.0,science & technology,Gemma-4|Pixtral|Qwen3.5,1
mmstar,GPQ,1286,CC,Pixtral,0.3333333333333333,0.5833333333333334,science & technology,Gemma-4|Pixtral|Qwen3.5,3
mmstar,GPQ,1292,CC,Qwen3.5,0.0,0.5833333333333334,science & technology,Gemma-4|Pixtral|Qwen3.5,1
mmstar,GPQ,1305,CC,Qwen3.5,1.0,0.41666666666666663,science & technology,Gemma-4|Pixtral|Qwen3.5,1
mmstar,GPQ,1310,MiC,Pixtral,0.0,0.16666666666666666,science & technology,Gemma-4|Pixtral|Qwen3.5,3
mmstar,GPQ,1318,CC,Pixtral,0.0,0.25,science & technology,Gemma-4|Pixtral|Qwen3.5,3
mmstar,GPQ,1320,MiC,Gemma-4,1.0,0.5,science & technology,Gemma-4|Pixtral|Qwen3.5,2
mmstar,GPQ,1322,CC,Gemma-4,1.0,0.16666666666666666,science & technology,Gemma-4|Pixtral|Qwen3.5,2
mmstar,GPQ,1324,MiC,Gemma-4,1.0,0.5833333333333334,science & technology,Gemma-4|Pixtral|Qwen3.5,2
mmstar,GPQ,1326,MiC,Gemma-4,1.0,0.4166666666666667,science & technology,Gemma-4|Pixtral|Qwen3.5,2
mmstar,GPQ,1333,CC,Gemma-4,1.0,0.5833333333333334,science & technology,Gemma-4|Pixtral|Qwen3.5,2
mmstar,GPQ,1339,CC,Qwen3.5,1.0,0.0,science & technology,Gemma-4|Pixtral|Qwen3.5,1
mmstar,GPQ,1343,CC,Qwen3.5,1.0,0.0,science & technology,Gemma-4|Pixtral|Qwen3.5,1
mmstar,GPQ,1344,CC,Pixtral,1.0,0.08333333333333333,science & technology,Gemma-4|Pixtral|Qwen3.5,3
mmstar,GPQ,1347,MiC,Pixtral,0.0,0.25,science & technology,Gemma-4|Pixtral|Qwen3.5,3
mmstar,GPQ,135,MiC,Pixtral,1.0,1.0,coarse perception,Gemma-4|Pixtral|Qwen3.5,3
mmstar,GPQ,1358,MiC,Qwen3.5,1.0,0.25,science & technology,Gemma-4|Pixtral|Qwen3.5,1
mmstar,GPQ,1363,CC,Pixtral,1.0,0.41666666666666663,science & technology,Gemma-4|Pixtral|Qwen3.5,3
mmstar,GPQ,1367,CC,Qwen3.5,1.0,0.5,science & technology,Gemma-4|Pixtral|Qwen3.5,1
mmstar,GPQ,1373,MiC,Qwen3.5,1.0,0.5,science & technology,Gemma-4|Pixtral|Qwen3.5,1
mmstar,GPQ,1375,CC,Qwen3.5,1.0,0.0,science & technology,Gemma-4|Pixtral|Qwen3.5,1
mmstar,GPQ,1384,MiC,Gemma-4,0.0,0.25,science & technology,Gemma-4|Pixtral|Qwen3.5,2
mmstar,GPQ,1401,MiC,Gemma-4,0.0,0.6666666666666667,science & technology,Gemma-4|Pixtral|Qwen3.5,2
mmstar,GPQ,1409,CC,Qwen3.5,1.0,0.25,science & technology,Gemma-4|Pixtral|Qwen3.5,1
mmstar,GPQ,1418,MiC,Pixtral,0.0,0.0,science & technology,Gemma-4|Pixtral|Qwen3.5,3
mmstar,GPQ,1419,MiC,Pixtral,1.0,0.0,science & technology,Gemma-4|Pixtral|Qwen3.5,3
mmstar,GPQ,1432,MiC,Gemma-4,1.0,0.0,science & technology,Gemma-4|Pixtral|Qwen3.5,2
mmstar,GPQ,1434,MiC,Pixtral,0.0,0.3333333333333333,science & technology,Gemma-4|Pixtral|Qwen3.5,3
mmstar,GPQ,1435,MiC,Gemma-4,1.0,0.16666666666666666,science & technology,Gemma-4|Pixtral|Qwen3.5,2
mmstar,GPQ,1437,MiC,Gemma-4,1.0,0.4166666666666667,science & technology,Gemma-4|Pixtral|Qwen3.5,2
mmstar,GPQ,1438,MiC,Pixtral,1.0,0.0,science & technology,Gemma-4|Pixtral|Qwen3.5,3
mmstar,GPQ,1461,MiC,Gemma-4,1.0,0.0,science & technology,Gemma-4|Pixtral|Qwen3.5,2
mmstar,GPQ,1465,CC,Pixtral,0.0,0.0,science & technology,Gemma-4|Pixtral|Qwen3.5,3
mmstar,GPQ,1466,MiC,Pixtral,1.0,0.8333333333333333,science & technology,Gemma-4|Pixtral|Qwen3.5,3
mmstar,GPQ,1469,CC,Qwen3.5,0.3333333333333333,0.75,science & technology,Gemma-4|Pixtral|Qwen3.5,1
mmstar,GPQ,147,MiC,Qwen3.5,0.0,0.0,coarse perception,Gemma-4|Pixtral|Qwen3.5,1
mmstar,GPQ,1470,MiC,Qwen3.5,1.0,0.5833333333333334,science & technology,Gemma-4|Pixtral|Qwen3.5,1
mmstar,GPQ,1471,MiC,Gemma-4,1.0,0.8333333333333333,science & technology,Gemma-4|Pixtral|Qwen3.5,2
mmstar,GPQ,1477,MiC,Pixtral,0.0,0.25,science & technology,Gemma-4|Pixtral|Qwen3.5,3
mmstar,GPQ,1482,MiC,Pixtral,0.0,0.75,science & technology,Gemma-4|Pixtral|Qwen3.5,3
mmstar,GPQ,1484,MiC,Gemma-4,1.0,0.6666666666666666,science & technology,Gemma-4|Pixtral|Qwen3.5,2
mmstar,GPQ,1485,MiC,Pixtral,1.0,0.0,science & technology,Gemma-4|Pixtral|Qwen3.5,3
mmstar,GPQ,1486,CC,Pixtral,0.0,0.8333333333333333,science & technology,Gemma-4|Pixtral|Qwen3.5,3
mmstar,GPQ,1495,MiC,Pixtral,0.0,0.16666666666666666,science & technology,Gemma-4|Pixtral|Qwen3.5,3
mmstar,GPQ,150,MiC,Gemma-4,0.0,0.5833333333333333,coarse perception,Gemma-4|Pixtral|Qwen3.5,2
mmstar,GPQ,155,MiC,Gemma-4,1.0,1.0,coarse perception,Gemma-4|Pixtral|Qwen3.5,2
mmstar,GPQ,159,MiC,Pixtral,0.0,1.0,coarse perception,Gemma-4|Pixtral|Qwen3.5,3
mmstar,GPQ,16,MiC,Gemma-4,0.0,0.16666666666666666,coarse perception,Gemma-4|Pixtral|Qwen3.5,2
mmstar,GPQ,18,MiC,Gemma-4,0.0,0.0,coarse perception,Gemma-4|Pixtral|Qwen3.5,2
mmstar,GPQ,19,MiC,Gemma-4,0.0,0.5,coarse perception,Gemma-4|Pixtral|Qwen3.5,2
mmstar,GPQ,21,MiC,Qwen3.5,0.0,0.0,coarse perception,Gemma-4|Pixtral|Qwen3.5,1
mmstar,GPQ,23,CC,Qwen3.5,0.0,0.08333333333333333,coarse perception,Gemma-4|Pixtral|Qwen3.5,1
mmstar,GPQ,251,CC,Gemma-4,0.3333333333333333,0.0,fine-grained perception,Gemma-4|Pixtral|Qwen3.5,2
mmstar,GPQ,254,MiC,Pixtral,0.0,0.0,fine-grained perception,Gemma-4|Pixtral|Qwen3.5,3
mmstar,GPQ,255,CC,Qwen3.5,1.0,0.0,fine-grained perception,Gemma-4|Pixtral|Qwen3.5,1
mmstar,GPQ,258,MiC,Pixtral,0.0,0.9166666666666667,fine-grained perception,Gemma-4|Pixtral|Qwen3.5,3
mmstar,GPQ,265,CC,Gemma-4,0.0,0.08333333333333333,fine-grained perception,Gemma-4|Pixtral|Qwen3.5,2
mmstar,GPQ,267,CC,Gemma-4,0.3333333333333333,0.25,fine-grained perception,Gemma-4|Pixtral|Qwen3.5,2
mmstar,GPQ,270,MiC,Pixtral,0.0,0.75,fine-grained perception,Gemma-4|Pixtral|Qwen3.5,3
mmstar,GPQ,279,MiC,Gemma-4,1.0,0.16666666666666666,fine-grained perception,Gemma-4|Pixtral|Qwen3.5,2
mmstar,GPQ,287,MiC,Qwen3.5,0.0,0.25,fine-grained perception,Gemma-4|Pixtral|Qwen3.5,1
mmstar,GPQ,288,CC,Pixtral,0.3333333333333333,0.6666666666666667,fine-grained perception,Gemma-4|Pixtral|Qwen3.5,3
mmstar,GPQ,289,MiC,Qwen3.5,0.0,0.0,fine-grained perception,Gemma-4|Pixtral|Qwen3.5,1
mmstar,GPQ,293,MiC,Pixtral,0.0,0.5,fine-grained perception,Gemma-4|Pixtral|Qwen3.5,3
mmstar,GPQ,295,MiC,Pixtral,0.0,0.5833333333333334,fine-grained perception,Gemma-4|Pixtral|Qwen3.5,3
mmstar,GPQ,298,MiC,Gemma-4,0.3333333333333333,0.0,fine-grained perception,Gemma-4|Pixtral|Qwen3.5,2
mmstar,GPQ,300,CC,Qwen3.5,0.0,0.0,fine-grained perception,Gemma-4|Pixtral|Qwen3.5,1
mmstar,GPQ,305,MiC,Pixtral,0.0,0.0,fine-grained perception,Gemma-4|Pixtral|Qwen3.5,3
mmstar,GPQ,311,MiC,Qwen3.5,0.0,0.0,fine-grained perception,Gemma-4|Pixtral|Qwen3.5,1
mmstar,GPQ,312,CC,Gemma-4,0.0,0.25,fine-grained perception,Gemma-4|Pixtral|Qwen3.5,2
mmstar,GPQ,322,MiC,Gemma-4,0.0,0.5,fine-grained perception,Gemma-4|Pixtral|Qwen3.5,2
mmstar,GPQ,325,MiC,Qwen3.5,0.0,0.0,fine-grained perception,Gemma-4|Pixtral|Qwen3.5,1
mmstar,GPQ,328,MiC,Gemma-4,1.0,0.5,fine-grained perception,Gemma-4|Pixtral|Qwen3.5,2
mmstar,GPQ,339,CC,Gemma-4,1.0,0.5,fine-grained perception,Gemma-4|Pixtral|Qwen3.5,2
mmstar,GPQ,34,MiC,Gemma-4,0.0,0.6666666666666666,coarse perception,Gemma-4|Pixtral|Qwen3.5,2
mmstar,GPQ,343,MiC,Qwen3.5,0.0,0.3333333333333333,fine-grained perception,Gemma-4|Pixtral|Qwen3.5,1
mmstar,GPQ,344,CC,Qwen3.5,1.0,0.75,fine-grained perception,Gemma-4|Pixtral|Qwen3.5,1
mmstar,GPQ,346,MiC,Pixtral,0.0,0.3333333333333333,fine-grained perception,Gemma-4|Pixtral|Qwen3.5,3
mmstar,GPQ,353,CC,Qwen3.5,0.0,0.08333333333333333,fine-grained perception,Gemma-4|Pixtral|Qwen3.5,1
mmstar,GPQ,354,MiC,Pixtral,0.0,0.0,fine-grained perception,Gemma-4|Pixtral|Qwen3.5,3
mmstar,GPQ,36,MiC,Pixtral,0.0,0.6666666666666666,coarse perception,Gemma-4|Pixtral|Qwen3.5,3
mmstar,GPQ,372,MiC,Qwen3.5,1.0,0.25,fine-grained perception,Gemma-4|Pixtral|Qwen3.5,1
mmstar,GPQ,376,CC,Gemma-4,0.3333333333333333,0.5,fine-grained perception,Gemma-4|Pixtral|Qwen3.5,2
mmstar,GPQ,380,CC,Qwen3.5,0.3333333333333333,0.08333333333333333,fine-grained perception,Gemma-4|Pixtral|Qwen3.5,1
mmstar,GPQ,385,MiC,Qwen3.5,0.0,0.25,fine-grained perception,Gemma-4|Pixtral|Qwen3.5,1
mmstar,GPQ,39,MiC,Pixtral,0.0,0.5,coarse perception,Gemma-4|Pixtral|Qwen3.5,3
mmstar,GPQ,394,MiC,Qwen3.5,0.0,0.8333333333333333,fine-grained perception,Gemma-4|Pixtral|Qwen3.5,1
mmstar,GPQ,395,CC,Qwen3.5,1.0,0.5,fine-grained perception,Gemma-4|Pixtral|Qwen3.5,1
mmstar,GPQ,396,MiC,Qwen3.5,0.0,0.5833333333333334,fine-grained perception,Gemma-4|Pixtral|Qwen3.5,1
mmstar,GPQ,398,CC,Gemma-4,0.3333333333333333,0.75,fine-grained perception,Gemma-4|Pixtral|Qwen3.5,2
mmstar,GPQ,409,CC,Gemma-4,0.0,0.0,fine-grained perception,Gemma-4|Pixtral|Qwen3.5,2
mmstar,GPQ,415,CC,Gemma-4,0.3333333333333333,0.0,fine-grained perception,Gemma-4|Pixtral|Qwen3.5,2
mmstar,GPQ,417,MiC,Gemma-4,0.0,0.8333333333333333,fine-grained perception,Gemma-4|Pixtral|Qwen3.5,2
mmstar,GPQ,422,CC,Pixtral,0.0,1.0,fine-grained perception,Gemma-4|Pixtral|Qwen3.5,3
mmstar,GPQ,43,MiC,Pixtral,0.0,0.9166666666666667,coarse perception,Gemma-4|Pixtral|Qwen3.5,3
mmstar,GPQ,434,MiC,Pixtral,1.0,0.16666666666666666,fine-grained perception,Gemma-4|Pixtral|Qwen3.5,3
mmstar,GPQ,443,MiC,Qwen3.5,1.0,0.9166666666666667,fine-grained perception,Gemma-4|Pixtral|Qwen3.5,1
mmstar,GPQ,446,MiC,Qwen3.5,0.0,0.5,fine-grained perception,Gemma-4|Pixtral|Qwen3.5,1
mmstar,GPQ,447,MiC,Qwen3.5,0.0,0.16666666666666666,fine-grained perception,Gemma-4|Pixtral|Qwen3.5,1
mmstar,GPQ,45,CC,Pixtral,0.0,0.0,coarse perception,Gemma-4|Pixtral|Qwen3.5,3
mmstar,GPQ,450,CC,Qwen3.5,0.0,0.0,fine-grained perception,Gemma-4|Pixtral|Qwen3.5,1
mmstar,GPQ,451,MiC,Pixtral,0.0,0.16666666666666666,fine-grained perception,Gemma-4|Pixtral|Qwen3.5,3
mmstar,GPQ,452,MiC,Pixtral,0.0,0.6666666666666666,fine-grained perception,Gemma-4|Pixtral|Qwen3.5,3
mmstar,GPQ,455,MiC,Gemma-4,0.0,0.6666666666666666,fine-grained perception,Gemma-4|Pixtral|Qwen3.5,2
mmstar,GPQ,467,MiC,Pixtral,0.0,0.0,fine-grained perception,Gemma-4|Pixtral|Qwen3.5,3
mmstar,GPQ,468,MiC,Gemma-4,0.0,0.9166666666666667,fine-grained perception,Gemma-4|Pixtral|Qwen3.5,2
mmstar,GPQ,47,CC,Gemma-4,1.0,0.5,coarse perception,Gemma-4|Pixtral|Qwen3.5,2
mmstar,GPQ,475,MiC,Pixtral,0.0,0.16666666666666666,fine-grained perception,Gemma-4|Pixtral|Qwen3.5,3
mmstar,GPQ,494,MiC,Pixtral,0.0,0.0,fine-grained perception,Gemma-4|Pixtral|Qwen3.5,3
mmstar,GPQ,495,CC,Gemma-4,0.0,0.0,fine-grained perception,Gemma-4|Pixtral|Qwen3.5,2
mmstar,GPQ,497,CC,Qwen3.5,0.0,0.08333333333333333,fine-grained perception,Gemma-4|Pixtral|Qwen3.5,1
mmstar,GPQ,500,CC,Qwen3.5,1.0,0.3333333333333333,instance reasoning,Gemma-4|Pixtral|Qwen3.5,1
mmstar,GPQ,502,MiC,Pixtral,0.0,0.0,instance reasoning,Gemma-4|Pixtral|Qwen3.5,3
mmstar,GPQ,503,MiC,Qwen3.5,1.0,0.16666666666666666,instance reasoning,Gemma-4|Pixtral|Qwen3.5,1
mmstar,GPQ,504,MiC,Gemma-4,0.0,0.0,instance reasoning,Gemma-4|Pixtral|Qwen3.5,2
mmstar,GPQ,507,MiC,Gemma-4,1.0,0.16666666666666666,instance reasoning,Gemma-4|Pixtral|Qwen3.5,2
mmstar,GPQ,508,MiC,Qwen3.5,0.0,0.08333333333333333,instance reasoning,Gemma-4|Pixtral|Qwen3.5,1
mmstar,GPQ,510,MiC,Pixtral,0.0,0.0,instance reasoning,Gemma-4|Pixtral|Qwen3.5,3
mmstar,GPQ,512,CC,Pixtral,0.0,0.0,instance reasoning,Gemma-4|Pixtral|Qwen3.5,3
mmstar,GPQ,514,MiC,Gemma-4,1.0,0.3333333333333333,instance reasoning,Gemma-4|Pixtral|Qwen3.5,2
mmstar,GPQ,521,CC,Gemma-4,1.0,0.6666666666666666,instance reasoning,Gemma-4|Pixtral|Qwen3.5,2
mmstar,GPQ,524,MiC,Pixtral,0.0,0.0,instance reasoning,Gemma-4|Pixtral|Qwen3.5,3
mmstar,GPQ,525,MiC,Gemma-4,0.0,0.3333333333333333,instance reasoning,Gemma-4|Pixtral|Qwen3.5,2
mmstar,GPQ,527,CC,Qwen3.5,0.0,0.5,instance reasoning,Gemma-4|Pixtral|Qwen3.5,1
mmstar,GPQ,530,MiC,Pixtral,0.0,0.25,instance reasoning,Gemma-4|Pixtral|Qwen3.5,3
mmstar,GPQ,536,MiC,Gemma-4,1.0,0.0,instance reasoning,Gemma-4|Pixtral|Qwen3.5,2
mmstar,GPQ,539,MiC,Gemma-4,0.0,0.5833333333333334,instance reasoning,Gemma-4|Pixtral|Qwen3.5,2
mmstar,GPQ,541,MiC,Qwen3.5,1.0,0.0,instance reasoning,Gemma-4|Pixtral|Qwen3.5,1
mmstar,GPQ,545,MiC,Qwen3.5,1.0,0.08333333333333333,instance reasoning,Gemma-4|Pixtral|Qwen3.5,1
mmstar,GPQ,547,CC,Qwen3.5,1.0,0.4166666666666667,instance reasoning,Gemma-4|Pixtral|Qwen3.5,1
mmstar,GPQ,554,MiC,Qwen3.5,0.0,0.0,instance reasoning,Gemma-4|Pixtral|Qwen3.5,1
mmstar,GPQ,557,MiC,Gemma-4,0.0,0.25,instance reasoning,Gemma-4|Pixtral|Qwen3.5,2
mmstar,GPQ,561,MiC,Qwen3.5,0.0,1.0,instance reasoning,Gemma-4|Pixtral|Qwen3.5,1
mmstar,GPQ,564,CC,Pixtral,1.0,0.5,instance reasoning,Gemma-4|Pixtral|Qwen3.5,3
mmstar,GPQ,582,MiC,Gemma-4,0.0,0.16666666666666666,instance reasoning,Gemma-4|Pixtral|Qwen3.5,2
mmstar,GPQ,590,MiC,Gemma-4,1.0,0.08333333333333333,instance reasoning,Gemma-4|Pixtral|Qwen3.5,2
mmstar,GPQ,595,MiC,Qwen3.5,1.0,0.16666666666666666,instance reasoning,Gemma-4|Pixtral|Qwen3.5,1
mmstar,GPQ,599,MiC,Pixtral,0.0,0.5,instance reasoning,Gemma-4|Pixtral|Qwen3.5,3
mmstar,GPQ,601,MiC,Qwen3.5,0.0,0.4166666666666667,instance reasoning,Gemma-4|Pixtral|Qwen3.5,1
mmstar,GPQ,61,MiC,Pixtral,0.0,0.25,coarse perception,Gemma-4|Pixtral|Qwen3.5,3
mmstar,GPQ,617,MiC,Qwen3.5,1.0,0.5,instance reasoning,Gemma-4|Pixtral|Qwen3.5,1
mmstar,GPQ,62,MiC,Pixtral,0.0,1.0,coarse perception,Gemma-4|Pixtral|Qwen3.5,3
mmstar,GPQ,620,CC,Qwen3.5,1.0,0.75,instance reasoning,Gemma-4|Pixtral|Qwen3.5,1
mmstar,GPQ,633,MiC,Pixtral,1.0,0.9166666666666667,instance reasoning,Gemma-4|Pixtral|Qwen3.5,3
mmstar,GPQ,637,MiC,Pixtral,0.0,0.0,instance reasoning,Gemma-4|Pixtral|Qwen3.5,3
mmstar,GPQ,638,CC,Qwen3.5,1.0,1.0,instance reasoning,Gemma-4|Pixtral|Qwen3.5,1
mmstar,GPQ,639,CC,Gemma-4,0.0,0.5,instance reasoning,Gemma-4|Pixtral|Qwen3.5,2
mmstar,GPQ,64,MiC,Pixtral,1.0,0.0,coarse perception,Gemma-4|Pixtral|Qwen3.5,3
mmstar,GPQ,640,MiC,Qwen3.5,0.0,0.08333333333333333,instance reasoning,Gemma-4|Pixtral|Qwen3.5,1
mmstar,GPQ,641,CC,Qwen3.5,1.0,0.8333333333333333,instance reasoning,Gemma-4|Pixtral|Qwen3.5,1
mmstar,GPQ,650,MiC,Gemma-4,0.0,0.0,instance reasoning,Gemma-4|Pixtral|Qwen3.5,2
mmstar,GPQ,675,CC,Qwen3.5,0.0,0.0,instance reasoning,Gemma-4|Pixtral|Qwen3.5,1
mmstar,GPQ,68,MiC,Gemma-4,0.0,0.5,coarse perception,Gemma-4|Pixtral|Qwen3.5,2
mmstar,GPQ,681,MiC,Pixtral,0.0,0.41666666666666663,instance reasoning,Gemma-4|Pixtral|Qwen3.5,3
mmstar,GPQ,751,CC,Qwen3.5,1.0,0.25,logical reasoning,Gemma-4|Pixtral|Qwen3.5,1
mmstar,GPQ,76,MiC,Qwen3.5,0.0,0.4166666666666667,coarse perception,Gemma-4|Pixtral|Qwen3.5,1
mmstar,GPQ,763,MiC,Gemma-4,0.0,0.4166666666666667,logical reasoning,Gemma-4|Pixtral|Qwen3.5,2
mmstar,GPQ,77,MiC,Gemma-4,1.0,0.16666666666666666,coarse perception,Gemma-4|Pixtral|Qwen3.5,2
mmstar,GPQ,799,CC,Qwen3.5,0.0,0.5,logical reasoning,Gemma-4|Pixtral|Qwen3.5,1
mmstar,GPQ,835,MiC,Qwen3.5,0.0,0.41666666666666663,logical reasoning,Gemma-4|Pixtral|Qwen3.5,1
mmstar,GPQ,836,MiC,Qwen3.5,0.0,1.0,logical reasoning,Gemma-4|Pixtral|Qwen3.5,1
mmstar,GPQ,862,CC,Gemma-4,0.0,0.9166666666666667,logical reasoning,Gemma-4|Pixtral|Qwen3.5,2
mmstar,GPQ,883,MiC,Qwen3.5,1.0,0.5,logical reasoning,Gemma-4|Pixtral|Qwen3.5,1
mmstar,GPQ,885,MiC,Gemma-4,1.0,0.5,logical reasoning,Gemma-4|Pixtral|Qwen3.5,2
mmstar,GPQ,89,MiC,Pixtral,0.0,1.0,coarse perception,Gemma-4|Pixtral|Qwen3.5,3
mmstar,GPQ,894,MiC,Pixtral,1.0,0.08333333333333333,logical reasoning,Gemma-4|Pixtral|Qwen3.5,3
mmstar,GPQ,9,CC,Pixtral,0.0,0.0,coarse perception,Gemma-4|Pixtral|Qwen3.5,3
mmstar,GPQ,928,MiC,Qwen3.5,1.0,1.0,logical reasoning,Gemma-4|Pixtral|Qwen3.5,1
mmstar,GPQ,929,CC,Gemma-4,1.0,0.5,logical reasoning,Gemma-4|Pixtral|Qwen3.5,2
mmstar,GPQ,933,MiC,Qwen3.5,1.0,0.0,logical reasoning,Gemma-4|Pixtral|Qwen3.5,1
mmstar,GPQ,937,CC,Pixtral,1.0,0.0,logical reasoning,Gemma-4|Pixtral|Qwen3.5,3
mmstar,GPQ,941,MiC,Qwen3.5,0.3333333333333333,0.0,logical reasoning,Gemma-4|Pixtral|Qwen3.5,1
mmstar,GPQ,950,MiC,Gemma-4,1.0,1.0,logical reasoning,Gemma-4|Pixtral|Qwen3.5,2
mmstar,GPQ,953,MiC,Gemma-4,1.0,0.16666666666666666,logical reasoning,Gemma-4|Pixtral|Qwen3.5,2
mmstar,GPQ,958,CC,Gemma-4,0.3333333333333333,0.5833333333333334,logical reasoning,Gemma-4|Pixtral|Qwen3.5,2
mmstar,GPQ,959,MiC,Gemma-4,0.0,0.5,logical reasoning,Gemma-4|Pixtral|Qwen3.5,2
mmstar,GPQ,96,MiC,Pixtral,0.0,0.0,coarse perception,Gemma-4|Pixtral|Qwen3.5,3
mmstar,GPQ,960,MiC,Qwen3.5,1.0,0.5,logical reasoning,Gemma-4|Pixtral|Qwen3.5,1
mmstar,GPQ,961,CC,Qwen3.5,0.3333333333333333,1.0,logical reasoning,Gemma-4|Pixtral|Qwen3.5,1
mmstar,GPQ,966,CC,Gemma-4,1.0,0.5,logical reasoning,Gemma-4|Pixtral|Qwen3.5,2
mmstar,ILP,1005,CC,InternVL,0.0,0.6666666666666666,math,InternVL|Llama-3.2|Pixtral,1
mmstar,ILP,1006,CC,Llama-3.2,0.0,0.9166666666666667,math,InternVL|Llama-3.2|Pixtral,3
mmstar,ILP,1007,MiC,InternVL,0.0,0.08333333333333333,math,InternVL|Llama-3.2|Pixtral,1
mmstar,ILP,1009,MiC,Pixtral,0.0,1.0,math,InternVL|Llama-3.2|Pixtral,2
mmstar,ILP,1010,MiC,InternVL,1.0,1.0,math,InternVL|Llama-3.2|Pixtral,1
mmstar,ILP,1011,MiC,InternVL,0.0,1.0,math,InternVL|Llama-3.2|Pixtral,1
mmstar,ILP,1012,CC,Pixtral,0.0,0.75,math,InternVL|Llama-3.2|Pixtral,2
mmstar,ILP,1013,MiC,InternVL,0.0,1.0,math,InternVL|Llama-3.2|Pixtral,1
mmstar,ILP,1014,CC,InternVL,1.0,1.0,math,InternVL|Llama-3.2|Pixtral,1
mmstar,ILP,1015,MiC,InternVL,1.0,1.0,math,InternVL|Llama-3.2|Pixtral,1
mmstar,ILP,1024,MiC,InternVL,0.0,1.0,math,InternVL|Llama-3.2|Pixtral,1
mmstar,ILP,1028,CC,InternVL,1.0,0.9166666666666667,math,InternVL|Llama-3.2|Pixtral,1
mmstar,ILP,1030,CC,InternVL,0.0,1.0,math,InternVL|Llama-3.2|Pixtral,1
mmstar,ILP,1031,MiC,InternVL,1.0,1.0,math,InternVL|Llama-3.2|Pixtral,1
mmstar,ILP,1032,CC,InternVL,1.0,1.0,math,InternVL|Llama-3.2|Pixtral,1
mmstar,ILP,1033,CC,Pixtral,0.3333333333333333,0.75,math,InternVL|Llama-3.2|Pixtral,2
mmstar,ILP,1034,MiC,InternVL,0.0,0.0,math,InternVL|Llama-3.2|Pixtral,1
mmstar,ILP,104,MiC,Llama-3.2,0.0,0.5,coarse perception,InternVL|Llama-3.2|Pixtral,3
mmstar,ILP,1044,MiC,InternVL,0.0,0.3333333333333333,math,InternVL|Llama-3.2|Pixtral,1
mmstar,ILP,1050,CC,Llama-3.2,0.0,0.5833333333333334,math,InternVL|Llama-3.2|Pixtral,3
mmstar,ILP,1052,CC,InternVL,1.0,1.0,math,InternVL|Llama-3.2|Pixtral,1
mmstar,ILP,1063,MiC,Llama-3.2,0.0,1.0,math,InternVL|Llama-3.2|Pixtral,3
mmstar,ILP,1074,CC,InternVL,1.0,1.0,math,InternVL|Llama-3.2|Pixtral,1
mmstar,ILP,1076,MiC,InternVL,0.0,1.0,math,InternVL|Llama-3.2|Pixtral,1
mmstar,ILP,1077,MiC,InternVL,0.0,0.6666666666666666,math,InternVL|Llama-3.2|Pixtral,1
mmstar,ILP,1079,MiC,Llama-3.2,0.0,1.0,math,InternVL|Llama-3.2|Pixtral,3
mmstar,ILP,108,MiC,InternVL,0.0,0.41666666666666663,coarse perception,InternVL|Llama-3.2|Pixtral,1
mmstar,ILP,1082,MiC,InternVL,1.0,1.0,math,InternVL|Llama-3.2|Pixtral,1
mmstar,ILP,1087,MiC,InternVL,1.0,1.0,math,InternVL|Llama-3.2|Pixtral,1
mmstar,ILP,1089,MiC,InternVL,0.0,0.5,math,InternVL|Llama-3.2|Pixtral,1
mmstar,ILP,1093,MiC,Pixtral,0.0,1.0,math,InternVL|Llama-3.2|Pixtral,2
mmstar,ILP,1099,CC,InternVL,1.0,1.0,math,InternVL|Llama-3.2|Pixtral,1
mmstar,ILP,1100,CC,Llama-3.2,1.0,1.0,math,InternVL|Llama-3.2|Pixtral,3
mmstar,ILP,1114,MiC,InternVL,1.0,1.0,math,InternVL|Llama-3.2|Pixtral,1
mmstar,ILP,1117,CC,Pixtral,0.0,1.0,math,InternVL|Llama-3.2|Pixtral,2
mmstar,ILP,1120,MiC,InternVL,1.0,1.0,math,InternVL|Llama-3.2|Pixtral,1
mmstar,ILP,1128,CC,Llama-3.2,0.3333333333333333,0.5,math,InternVL|Llama-3.2|Pixtral,3
mmstar,ILP,1130,CC,InternVL,1.0,1.0,math,InternVL|Llama-3.2|Pixtral,1
mmstar,ILP,1137,MiC,InternVL,1.0,1.0,math,InternVL|Llama-3.2|Pixtral,1
mmstar,ILP,1138,MiC,InternVL,1.0,1.0,math,InternVL|Llama-3.2|Pixtral,1
mmstar,ILP,1148,MiC,Pixtral,0.0,1.0,math,InternVL|Llama-3.2|Pixtral,2
mmstar,ILP,1164,MiC,InternVL,0.0,0.9166666666666667,math,InternVL|Llama-3.2|Pixtral,1
mmstar,ILP,1165,CC,InternVL,1.0,0.6666666666666666,math,InternVL|Llama-3.2|Pixtral,1
mmstar,ILP,1166,CC,InternVL,0.3333333333333333,1.0,math,InternVL|Llama-3.2|Pixtral,1
mmstar,ILP,1172,MiC,InternVL,1.0,1.0,math,InternVL|Llama-3.2|Pixtral,1
mmstar,ILP,1199,MiC,InternVL,0.0,1.0,math,InternVL|Llama-3.2|Pixtral,1
mmstar,ILP,12,CC,Llama-3.2,0.3333333333333333,0.0,coarse perception,InternVL|Llama-3.2|Pixtral,3
mmstar,ILP,1205,MiC,Pixtral,0.0,0.0,math,InternVL|Llama-3.2|Pixtral,2
mmstar,ILP,1217,MiC,InternVL,0.0,0.9166666666666667,math,InternVL|Llama-3.2|Pixtral,1
mmstar,ILP,1220,MiC,Llama-3.2,0.0,0.8333333333333334,math,InternVL|Llama-3.2|Pixtral,3
mmstar,ILP,1227,MiC,Llama-3.2,0.0,1.0,math,InternVL|Llama-3.2|Pixtral,3
mmstar,ILP,1228,MiC,InternVL,1.0,1.0,math,InternVL|Llama-3.2|Pixtral,1
mmstar,ILP,123,MiC,Pixtral,1.0,0.9166666666666667,coarse perception,InternVL|Llama-3.2|Pixtral,2
mmstar,ILP,1234,MiC,Llama-3.2,0.0,0.6666666666666666,math,InternVL|Llama-3.2|Pixtral,3
mmstar,ILP,1238,MiC,InternVL,0.3333333333333333,1.0,math,InternVL|Llama-3.2|Pixtral,1
mmstar,ILP,1240,MiC,Pixtral,0.0,0.6666666666666666,math,InternVL|Llama-3.2|Pixtral,2
mmstar,ILP,125,CC,Llama-3.2,1.0,1.0,coarse perception,InternVL|Llama-3.2|Pixtral,3
mmstar,ILP,1250,CC,InternVL,0.0,0.0,science & technology,InternVL|Llama-3.2|Pixtral,1
mmstar,ILP,1265,MiC,InternVL,1.0,0.9166666666666667,science & technology,InternVL|Llama-3.2|Pixtral,1
mmstar,ILP,127,MiC,Llama-3.2,0.0,0.0,coarse perception,InternVL|Llama-3.2|Pixtral,3
mmstar,ILP,1271,CC,InternVL,0.3333333333333333,0.75,science & technology,InternVL|Llama-3.2|Pixtral,1
mmstar,ILP,1272,CC,InternVL,0.3333333333333333,0.75,science & technology,InternVL|Llama-3.2|Pixtral,1
mmstar,ILP,128,MiC,Llama-3.2,1.0,0.08333333333333333,coarse perception,InternVL|Llama-3.2|Pixtral,3
mmstar,ILP,1282,CC,Llama-3.2,0.0,1.0,science & technology,InternVL|Llama-3.2|Pixtral,3
mmstar,ILP,1292,MiC,InternVL,0.0,0.8333333333333333,science & technology,InternVL|Llama-3.2|Pixtral,1
mmstar,ILP,1293,MiC,Pixtral,1.0,1.0,science & technology,InternVL|Llama-3.2|Pixtral,2
mmstar,ILP,1294,CC,Llama-3.2,0.0,0.41666666666666663,science & technology,InternVL|Llama-3.2|Pixtral,3
mmstar,ILP,1295,CC,Pixtral,1.0,0.4166666666666667,science & technology,InternVL|Llama-3.2|Pixtral,2
mmstar,ILP,1299,MiC,Pixtral,0.0,1.0,science & technology,InternVL|Llama-3.2|Pixtral,2
mmstar,ILP,13,MiC,Pixtral,0.0,1.0,coarse perception,InternVL|Llama-3.2|Pixtral,2
mmstar,ILP,1300,CC,Pixtral,0.0,0.9166666666666667,science & technology,InternVL|Llama-3.2|Pixtral,2
mmstar,ILP,1304,MiC,InternVL,0.0,1.0,science & technology,InternVL|Llama-3.2|Pixtral,1
mmstar,ILP,1308,CC,InternVL,0.0,0.9166666666666667,science & technology,InternVL|Llama-3.2|Pixtral,1
mmstar,ILP,1310,CC,Llama-3.2,0.0,0.16666666666666666,science & technology,InternVL|Llama-3.2|Pixtral,3
mmstar,ILP,1311,CC,Pixtral,0.3333333333333333,1.0,science & technology,InternVL|Llama-3.2|Pixtral,2
mmstar,ILP,1318,CC,InternVL,0.0,0.25,science & technology,InternVL|Llama-3.2|Pixtral,1
mmstar,ILP,1320,MiC,InternVL,0.0,0.6666666666666666,science & technology,InternVL|Llama-3.2|Pixtral,1
mmstar,ILP,1321,CC,Pixtral,0.0,0.0,science & technology,InternVL|Llama-3.2|Pixtral,2
mmstar,ILP,1322,CC,Llama-3.2,0.3333333333333333,0.4166666666666667,science & technology,InternVL|Llama-3.2|Pixtral,3
mmstar,ILP,1324,MiC,InternVL,0.0,0.5833333333333334,science & technology,InternVL|Llama-3.2|Pixtral,1
mmstar,ILP,1326,MiC,InternVL,0.0,0.3333333333333333,science & technology,InternVL|Llama-3.2|Pixtral,1
mmstar,ILP,1328,CC,Llama-3.2,0.3333333333333333,0.5,science & technology,InternVL|Llama-3.2|Pixtral,3
mmstar,ILP,133,MiC,InternVL,1.0,0.0,coarse perception,InternVL|Llama-3.2|Pixtral,1
mmstar,ILP,1331,MiC,InternVL,0.0,1.0,science & technology,InternVL|Llama-3.2|Pixtral,1
mmstar,ILP,1333,CC,InternVL,0.0,0.5833333333333334,science & technology,InternVL|Llama-3.2|Pixtral,1
mmstar,ILP,1334,MiC,InternVL,0.0,1.0,science & technology,InternVL|Llama-3.2|Pixtral,1
mmstar,ILP,1335,MiC,InternVL,0.0,1.0,science & technology,InternVL|Llama-3.2|Pixtral,1
mmstar,ILP,1340,MiC,InternVL,1.0,0.6666666666666666,science & technology,InternVL|Llama-3.2|Pixtral,1
mmstar,ILP,1342,MiC,Pixtral,0.0,1.0,science & technology,InternVL|Llama-3.2|Pixtral,2
mmstar,ILP,1344,CC,Pixtral,0.3333333333333333,0.0,science & technology,InternVL|Llama-3.2|Pixtral,2
mmstar,ILP,1345,CC,InternVL,0.0,1.0,science & technology,InternVL|Llama-3.2|Pixtral,1
mmstar,ILP,1348,CC,Llama-3.2,0.0,1.0,science & technology,InternVL|Llama-3.2|Pixtral,3
mmstar,ILP,1350,CC,Pixtral,0.3333333333333333,0.5,science & technology,InternVL|Llama-3.2|Pixtral,2
mmstar,ILP,1353,MiC,InternVL,0.0,0.9166666666666667,science & technology,InternVL|Llama-3.2|Pixtral,1
mmstar,ILP,1363,CC,Llama-3.2,0.0,0.16666666666666666,science & technology,InternVL|Llama-3.2|Pixtral,3
mmstar,ILP,1364,CC,InternVL,0.3333333333333333,0.9166666666666667,science & technology,InternVL|Llama-3.2|Pixtral,1
mmstar,ILP,1365,CC,Pixtral,1.0,1.0,science & technology,InternVL|Llama-3.2|Pixtral,2
mmstar,ILP,1367,MiC,InternVL,0.0,0.9166666666666667,science & technology,InternVL|Llama-3.2|Pixtral,1
mmstar,ILP,1369,MiC,InternVL,0.0,1.0,science & technology,InternVL|Llama-3.2|Pixtral,1
mmstar,ILP,1373,MiC,Llama-3.2,0.0,0.3333333333333333,science & technology,InternVL|Llama-3.2|Pixtral,3
mmstar,ILP,1376,CC,Pixtral,0.0,0.5,science & technology,InternVL|Llama-3.2|Pixtral,2
mmstar,ILP,1384,MiC,Pixtral,0.0,0.5,science & technology,InternVL|Llama-3.2|Pixtral,2
mmstar,ILP,1389,CC,InternVL,1.0,1.0,science & technology,InternVL|Llama-3.2|Pixtral,1
mmstar,ILP,1398,CC,Pixtral,1.0,0.4166666666666667,science & technology,InternVL|Llama-3.2|Pixtral,2
mmstar,ILP,1400,CC,Pixtral,0.3333333333333333,0.5,science & technology,InternVL|Llama-3.2|Pixtral,2
mmstar,ILP,1405,MiC,InternVL,1.0,1.0,science & technology,InternVL|Llama-3.2|Pixtral,1
mmstar,ILP,1407,MiC,Pixtral,0.0,0.5,science & technology,InternVL|Llama-3.2|Pixtral,2
mmstar,ILP,1409,MiC,Pixtral,0.0,0.8333333333333333,science & technology,InternVL|Llama-3.2|Pixtral,2
mmstar,ILP,1414,CC,Pixtral,0.0,0.08333333333333333,science & technology,InternVL|Llama-3.2|Pixtral,2
mmstar,ILP,1418,MiC,Pixtral,0.0,0.16666666666666666,science & technology,InternVL|Llama-3.2|Pixtral,2
mmstar,ILP,1419,CC,Pixtral,0.3333333333333333,0.0,science & technology,InternVL|Llama-3.2|Pixtral,2
mmstar,ILP,142,MiC,Pixtral,0.0,0.0,coarse perception,InternVL|Llama-3.2|Pixtral,2
mmstar,ILP,1423,MiC,InternVL,0.0,1.0,science & technology,InternVL|Llama-3.2|Pixtral,1
mmstar,ILP,1424,CC,InternVL,1.0,1.0,science & technology,InternVL|Llama-3.2|Pixtral,1
mmstar,ILP,1427,CC,InternVL,1.0,0.16666666666666666,science & technology,InternVL|Llama-3.2|Pixtral,1
mmstar,ILP,1428,CC,InternVL,0.0,0.25,science & technology,InternVL|Llama-3.2|Pixtral,1
mmstar,ILP,1429,MiC,InternVL,1.0,0.8333333333333333,science & technology,InternVL|Llama-3.2|Pixtral,1
mmstar,ILP,1437,MiC,Llama-3.2,0.0,0.5833333333333334,science & technology,InternVL|Llama-3.2|Pixtral,3
mmstar,ILP,144,CC,Pixtral,1.0,0.6666666666666666,coarse perception,InternVL|Llama-3.2|Pixtral,2
mmstar,ILP,1451,CC,InternVL,0.0,0.9166666666666667,science & technology,InternVL|Llama-3.2|Pixtral,1
mmstar,ILP,1452,MiC,Llama-3.2,0.0,1.0,science & technology,InternVL|Llama-3.2|Pixtral,3
mmstar,ILP,1457,MiC,InternVL,0.0,0.0,science & technology,InternVL|Llama-3.2|Pixtral,1
mmstar,ILP,146,CC,InternVL,0.0,0.0,coarse perception,InternVL|Llama-3.2|Pixtral,1
mmstar,ILP,1465,CC,Pixtral,0.3333333333333333,0.16666666666666666,science & technology,InternVL|Llama-3.2|Pixtral,2
mmstar,ILP,1470,CC,InternVL,0.0,0.75,science & technology,InternVL|Llama-3.2|Pixtral,1
mmstar,ILP,1472,MiC,Llama-3.2,1.0,0.25,science & technology,InternVL|Llama-3.2|Pixtral,3
mmstar,ILP,1475,MiC,Pixtral,0.0,0.9166666666666667,science & technology,InternVL|Llama-3.2|Pixtral,2
mmstar,ILP,1476,CC,Llama-3.2,1.0,0.3333333333333333,science & technology,InternVL|Llama-3.2|Pixtral,3
mmstar,ILP,1478,CC,Llama-3.2,0.3333333333333333,0.0,science & technology,InternVL|Llama-3.2|Pixtral,3
mmstar,ILP,1484,CC,InternVL,1.0,0.5,science & technology,InternVL|Llama-3.2|Pixtral,1
mmstar,ILP,1490,CC,InternVL,0.0,0.9166666666666667,science & technology,InternVL|Llama-3.2|Pixtral,1
mmstar,ILP,1492,CC,Llama-3.2,0.0,1.0,science & technology,InternVL|Llama-3.2|Pixtral,3
mmstar,ILP,1497,CC,Pixtral,0.0,1.0,science & technology,InternVL|Llama-3.2|Pixtral,2
mmstar,ILP,15,MiC,InternVL,0.0,0.8333333333333333,coarse perception,InternVL|Llama-3.2|Pixtral,1
mmstar,ILP,151,MiC,Llama-3.2,0.0,0.0,coarse perception,InternVL|Llama-3.2|Pixtral,3
mmstar,ILP,152,MiC,InternVL,0.0,1.0,coarse perception,InternVL|Llama-3.2|Pixtral,1
mmstar,ILP,163,MiC,Llama-3.2,1.0,0.6666666666666666,coarse perception,InternVL|Llama-3.2|Pixtral,3
mmstar,ILP,19,MiC,Llama-3.2,0.0,0.5,coarse perception,InternVL|Llama-3.2|Pixtral,3
mmstar,ILP,20,MiC,Pixtral,0.0,1.0,coarse perception,InternVL|Llama-3.2|Pixtral,2
mmstar,ILP,23,MiC,Pixtral,0.0,0.75,coarse perception,InternVL|Llama-3.2|Pixtral,2
mmstar,ILP,254,MiC,Pixtral,1.0,0.16666666666666666,fine-grained perception,InternVL|Llama-3.2|Pixtral,2
mmstar,ILP,261,MiC,InternVL,0.0,1.0,fine-grained perception,InternVL|Llama-3.2|Pixtral,1
mmstar,ILP,263,MiC,Pixtral,1.0,1.0,fine-grained perception,InternVL|Llama-3.2|Pixtral,2
mmstar,ILP,265,MiC,Llama-3.2,0.0,0.6666666666666666,fine-grained perception,InternVL|Llama-3.2|Pixtral,3
mmstar,ILP,266,MiC,InternVL,0.0,0.5,fine-grained perception,InternVL|Llama-3.2|Pixtral,1
mmstar,ILP,267,MiC,InternVL,1.0,0.75,fine-grained perception,InternVL|Llama-3.2|Pixtral,1
mmstar,ILP,269,CC,InternVL,0.0,1.0,fine-grained perception,InternVL|Llama-3.2|Pixtral,1
mmstar,ILP,270,CC,Llama-3.2,0.0,0.0,fine-grained perception,InternVL|Llama-3.2|Pixtral,3
mmstar,ILP,271,MiC,Llama-3.2,0.0,0.0,fine-grained perception,InternVL|Llama-3.2|Pixtral,3
mmstar,ILP,273,CC,Llama-3.2,0.0,0.0,fine-grained perception,InternVL|Llama-3.2|Pixtral,3
mmstar,ILP,279,CC,Llama-3.2,0.0,0.41666666666666663,fine-grained perception,InternVL|Llama-3.2|Pixtral,3
mmstar,ILP,283,MiC,Pixtral,0.0,0.75,fine-grained perception,InternVL|Llama-3.2|Pixtral,2
mmstar,ILP,284,CC,InternVL,0.3333333333333333,0.0,fine-grained perception,InternVL|Llama-3.2|Pixtral,1
mmstar,ILP,285,MiC,InternVL,1.0,1.0,fine-grained perception,InternVL|Llama-3.2|Pixtral,1
mmstar,ILP,287,MiC,Llama-3.2,0.0,0.5833333333333334,fine-grained perception,InternVL|Llama-3.2|Pixtral,3
mmstar,ILP,296,MiC,InternVL,0.0,1.0,fine-grained perception,InternVL|Llama-3.2|Pixtral,1
mmstar,ILP,297,CC,InternVL,1.0,0.9166666666666667,fine-grained perception,InternVL|Llama-3.2|Pixtral,1
mmstar,ILP,300,CC,Pixtral,0.0,0.8333333333333333,fine-grained perception,InternVL|Llama-3.2|Pixtral,2
mmstar,ILP,303,MiC,InternVL,0.0,0.8333333333333333,fine-grained perception,InternVL|Llama-3.2|Pixtral,1
mmstar,ILP,305,MiC,Pixtral,0.0,0.0,fine-grained perception,InternVL|Llama-3.2|Pixtral,2
mmstar,ILP,307,CC,Pixtral,1.0,0.75,fine-grained perception,InternVL|Llama-3.2|Pixtral,2
mmstar,ILP,309,CC,InternVL,0.0,0.0,fine-grained perception,InternVL|Llama-3.2|Pixtral,1
mmstar,ILP,31,MiC,Pixtral,0.0,1.0,coarse perception,InternVL|Llama-3.2|Pixtral,2
mmstar,ILP,310,CC,Llama-3.2,1.0,1.0,fine-grained perception,InternVL|Llama-3.2|Pixtral,3
mmstar,ILP,312,CC,Llama-3.2,0.0,0.5,fine-grained perception,InternVL|Llama-3.2|Pixtral,3
mmstar,ILP,318,MiC,Llama-3.2,0.0,0.8333333333333333,fine-grained perception,InternVL|Llama-3.2|Pixtral,3
mmstar,ILP,32,MiC,Pixtral,1.0,0.08333333333333333,coarse perception,InternVL|Llama-3.2|Pixtral,2
mmstar,ILP,321,MiC,InternVL,0.0,1.0,fine-grained perception,InternVL|Llama-3.2|Pixtral,1
mmstar,ILP,322,MiC,Llama-3.2,0.0,0.5,fine-grained perception,InternVL|Llama-3.2|Pixtral,3
mmstar,ILP,328,MiC,InternVL,0.0,0.5,fine-grained perception,InternVL|Llama-3.2|Pixtral,1
mmstar,ILP,331,CC,Pixtral,1.0,0.5,fine-grained perception,InternVL|Llama-3.2|Pixtral,2
mmstar,ILP,337,MiC,Llama-3.2,0.0,1.0,fine-grained perception,InternVL|Llama-3.2|Pixtral,3
mmstar,ILP,339,MiC,InternVL,0.0,0.5,fine-grained perception,InternVL|Llama-3.2|Pixtral,1
mmstar,ILP,34,MiC,InternVL,0.0,0.5,coarse perception,InternVL|Llama-3.2|Pixtral,1
mmstar,ILP,342,CC,Llama-3.2,0.0,0.0,fine-grained perception,InternVL|Llama-3.2|Pixtral,3
mmstar,ILP,343,MiC,Llama-3.2,1.0,0.5,fine-grained perception,InternVL|Llama-3.2|Pixtral,3
mmstar,ILP,348,MiC,InternVL,0.0,1.0,fine-grained perception,InternVL|Llama-3.2|Pixtral,1
mmstar,ILP,35,MiC,InternVL,0.0,0.9166666666666667,coarse perception,InternVL|Llama-3.2|Pixtral,1
mmstar,ILP,350,MiC,InternVL,1.0,0.0,fine-grained perception,InternVL|Llama-3.2|Pixtral,1
mmstar,ILP,352,MiC,Pixtral,1.0,1.0,fine-grained perception,InternVL|Llama-3.2|Pixtral,2
mmstar,ILP,354,MiC,Pixtral,0.0,0.08333333333333333,fine-grained perception,InternVL|Llama-3.2|Pixtral,2
mmstar,ILP,355,MiC,InternVL,0.0,0.0,fine-grained perception,InternVL|Llama-3.2|Pixtral,1
mmstar,ILP,361,MiC,InternVL,0.0,1.0,fine-grained perception,InternVL|Llama-3.2|Pixtral,1
mmstar,ILP,371,MiC,Llama-3.2,0.0,1.0,fine-grained perception,InternVL|Llama-3.2|Pixtral,3
mmstar,ILP,372,CC,InternVL,1.0,0.5,fine-grained perception,InternVL|Llama-3.2|Pixtral,1
mmstar,ILP,376,MiC,Llama-3.2,0.0,0.16666666666666666,fine-grained perception,InternVL|Llama-3.2|Pixtral,3
mmstar,ILP,38,MiC,InternVL,0.0,0.5,coarse perception,InternVL|Llama-3.2|Pixtral,1
mmstar,ILP,384,CC,InternVL,0.3333333333333333,0.9166666666666667,fine-grained perception,InternVL|Llama-3.2|Pixtral,1
mmstar,ILP,385,MiC,InternVL,0.0,0.08333333333333333,fine-grained perception,InternVL|Llama-3.2|Pixtral,1
mmstar,ILP,391,MiC,InternVL,0.0,1.0,fine-grained perception,InternVL|Llama-3.2|Pixtral,1
mmstar,ILP,392,MiC,InternVL,0.0,1.0,fine-grained perception,InternVL|Llama-3.2|Pixtral,1
mmstar,ILP,395,CC,InternVL,0.3333333333333333,0.5,fine-grained perception,InternVL|Llama-3.2|Pixtral,1
mmstar,ILP,40,MiC,InternVL,0.0,1.0,coarse perception,InternVL|Llama-3.2|Pixtral,1
mmstar,ILP,402,MiC,InternVL,0.0,1.0,fine-grained perception,InternVL|Llama-3.2|Pixtral,1
mmstar,ILP,416,MiC,Llama-3.2,0.0,0.0,fine-grained perception,InternVL|Llama-3.2|Pixtral,3
mmstar,ILP,417,CC,InternVL,0.0,0.4166666666666667,fine-grained perception,InternVL|Llama-3.2|Pixtral,1
mmstar,ILP,418,MiC,InternVL,0.0,1.0,fine-grained perception,InternVL|Llama-3.2|Pixtral,1
mmstar,ILP,419,MiC,Pixtral,1.0,0.5,fine-grained perception,InternVL|Llama-3.2|Pixtral,2
mmstar,ILP,424,MiC,Llama-3.2,0.0,0.08333333333333333,fine-grained perception,InternVL|Llama-3.2|Pixtral,3
mmstar,ILP,432,MiC,InternVL,0.0,0.0,fine-grained perception,InternVL|Llama-3.2|Pixtral,1
mmstar,ILP,433,CC,InternVL,0.0,1.0,fine-grained perception,InternVL|Llama-3.2|Pixtral,1
mmstar,ILP,434,MiC,Pixtral,0.0,0.0,fine-grained perception,InternVL|Llama-3.2|Pixtral,2
mmstar,ILP,436,MiC,Pixtral,0.0,0.0,fine-grained perception,InternVL|Llama-3.2|Pixtral,2
mmstar,ILP,438,CC,InternVL,0.0,0.0,fine-grained perception,InternVL|Llama-3.2|Pixtral,1
mmstar,ILP,440,MiC,Llama-3.2,0.0,1.0,fine-grained perception,InternVL|Llama-3.2|Pixtral,3
mmstar,ILP,446,MiC,InternVL,0.0,0.5,fine-grained perception,InternVL|Llama-3.2|Pixtral,1
mmstar,ILP,447,MiC,Llama-3.2,0.0,0.5833333333333334,fine-grained perception,InternVL|Llama-3.2|Pixtral,3
mmstar,ILP,45,CC,Pixtral,0.3333333333333333,0.0,coarse perception,InternVL|Llama-3.2|Pixtral,2
mmstar,ILP,456,MiC,InternVL,0.0,1.0,fine-grained perception,InternVL|Llama-3.2|Pixtral,1
mmstar,ILP,457,MiC,Pixtral,1.0,0.8333333333333333,fine-grained perception,InternVL|Llama-3.2|Pixtral,2
mmstar,ILP,462,CC,Pixtral,0.0,1.0,fine-grained perception,InternVL|Llama-3.2|Pixtral,2
mmstar,ILP,464,MiC,InternVL,1.0,1.0,fine-grained perception,InternVL|Llama-3.2|Pixtral,1
mmstar,ILP,466,MiC,Llama-3.2,0.0,0.08333333333333333,fine-grained perception,InternVL|Llama-3.2|Pixtral,3
mmstar,ILP,467,MiC,Pixtral,1.0,0.0,fine-grained perception,InternVL|Llama-3.2|Pixtral,2
mmstar,ILP,47,MiC,Llama-3.2,0.0,0.5,coarse perception,InternVL|Llama-3.2|Pixtral,3
mmstar,ILP,474,MiC,InternVL,1.0,1.0,fine-grained perception,InternVL|Llama-3.2|Pixtral,1
mmstar,ILP,475,CC,Llama-3.2,0.0,0.08333333333333333,fine-grained perception,InternVL|Llama-3.2|Pixtral,3
mmstar,ILP,479,CC,InternVL,1.0,1.0,fine-grained perception,InternVL|Llama-3.2|Pixtral,1
mmstar,ILP,483,MiC,InternVL,0.0,0.0,fine-grained perception,InternVL|Llama-3.2|Pixtral,1
mmstar,ILP,484,MiC,InternVL,0.0,1.0,fine-grained perception,InternVL|Llama-3.2|Pixtral,1
mmstar,ILP,486,CC,Llama-3.2,0.0,0.9166666666666667,fine-grained perception,InternVL|Llama-3.2|Pixtral,3
mmstar,ILP,489,CC,Pixtral,1.0,1.0,fine-grained perception,InternVL|Llama-3.2|Pixtral,2
mmstar,ILP,496,MiC,InternVL,0.0,1.0,fine-grained perception,InternVL|Llama-3.2|Pixtral,1
mmstar,ILP,499,CC,InternVL,0.0,1.0,fine-grained perception,InternVL|Llama-3.2|Pixtral,1
mmstar,ILP,5,MiC,InternVL,0.0,1.0,coarse perception,InternVL|Llama-3.2|Pixtral,1
mmstar,ILP,500,MiC,InternVL,0.0,0.5,instance reasoning,InternVL|Llama-3.2|Pixtral,1
mmstar,ILP,503,CC,Pixtral,1.0,0.6666666666666666,instance reasoning,InternVL|Llama-3.2|Pixtral,2
mmstar,ILP,507,CC,Llama-3.2,0.0,0.6666666666666667,instance reasoning,InternVL|Llama-3.2|Pixtral,3
mmstar,ILP,512,MiC,Pixtral,0.3333333333333333,0.0,instance reasoning,InternVL|Llama-3.2|Pixtral,2
mmstar,ILP,513,MiC,Llama-3.2,0.0,1.0,instance reasoning,InternVL|Llama-3.2|Pixtral,3
mmstar,ILP,514,MiC,InternVL,1.0,0.5833333333333334,instance reasoning,InternVL|Llama-3.2|Pixtral,1
mmstar,ILP,515,MiC,InternVL,0.0,1.0,instance reasoning,InternVL|Llama-3.2|Pixtral,1
mmstar,ILP,520,CC,InternVL,0.0,0.9166666666666667,instance reasoning,InternVL|Llama-3.2|Pixtral,1
mmstar,ILP,522,CC,InternVL,1.0,1.0,instance reasoning,InternVL|Llama-3.2|Pixtral,1
mmstar,ILP,523,CC,Llama-3.2,0.0,0.0,instance reasoning,InternVL|Llama-3.2|Pixtral,3
mmstar,ILP,524,CC,Pixtral,0.0,0.0,instance reasoning,InternVL|Llama-3.2|Pixtral,2
mmstar,ILP,525,MiC,InternVL,0.0,0.16666666666666666,instance reasoning,InternVL|Llama-3.2|Pixtral,1
mmstar,ILP,527,MiC,Llama-3.2,0.3333333333333333,0.5,instance reasoning,InternVL|Llama-3.2|Pixtral,3
mmstar,ILP,528,CC,Llama-3.2,0.3333333333333333,0.16666666666666666,instance reasoning,InternVL|Llama-3.2|Pixtral,3
mmstar,ILP,529,MiC,InternVL,1.0,0.3333333333333333,instance reasoning,InternVL|Llama-3.2|Pixtral,1
mmstar,ILP,530,CC,Pixtral,0.0,0.08333333333333333,instance reasoning,InternVL|Llama-3.2|Pixtral,2
mmstar,ILP,534,MiC,InternVL,0.0,0.16666666666666666,instance reasoning,InternVL|Llama-3.2|Pixtral,1
mmstar,ILP,537,CC,InternVL,0.0,1.0,instance reasoning,InternVL|Llama-3.2|Pixtral,1
mmstar,ILP,539,MiC,InternVL,0.0,0.5,instance reasoning,InternVL|Llama-3.2|Pixtral,1
mmstar,ILP,540,MiC,InternVL,1.0,1.0,instance reasoning,InternVL|Llama-3.2|Pixtral,1
mmstar,ILP,549,MiC,InternVL,0.0,1.0,instance reasoning,InternVL|Llama-3.2|Pixtral,1
mmstar,ILP,555,CC,Pixtral,0.0,0.6666666666666666,instance reasoning,InternVL|Llama-3.2|Pixtral,2
mmstar,ILP,564,CC,InternVL,0.0,0.0,instance reasoning,InternVL|Llama-3.2|Pixtral,1
mmstar,ILP,565,MiC,InternVL,0.0,0.8333333333333333,instance reasoning,InternVL|Llama-3.2|Pixtral,1
mmstar,ILP,57,MiC,Llama-3.2,0.0,0.0,coarse perception,InternVL|Llama-3.2|Pixtral,3
mmstar,ILP,571,CC,InternVL,1.0,1.0,instance reasoning,InternVL|Llama-3.2|Pixtral,1
mmstar,ILP,573,MiC,InternVL,0.0,0.0,instance reasoning,InternVL|Llama-3.2|Pixtral,1
mmstar,ILP,580,MiC,InternVL,1.0,1.0,instance reasoning,InternVL|Llama-3.2|Pixtral,1
mmstar,ILP,582,MiC,Pixtral,1.0,0.4166666666666667,instance reasoning,InternVL|Llama-3.2|Pixtral,2
mmstar,ILP,589,CC,InternVL,1.0,1.0,instance reasoning,InternVL|Llama-3.2|Pixtral,1
mmstar,ILP,590,MiC,Llama-3.2,1.0,0.5,instance reasoning,InternVL|Llama-3.2|Pixtral,3
mmstar,ILP,591,CC,InternVL,0.0,0.75,instance reasoning,InternVL|Llama-3.2|Pixtral,1
mmstar,ILP,612,MiC,Pixtral,0.0,1.0,instance reasoning,InternVL|Llama-3.2|Pixtral,2
mmstar,ILP,615,MiC,Pixtral,1.0,1.0,instance reasoning,InternVL|Llama-3.2|Pixtral,2
mmstar,ILP,617,MiC,Llama-3.2,0.0,0.5,instance reasoning,InternVL|Llama-3.2|Pixtral,3
mmstar,ILP,619,MiC,InternVL,1.0,1.0,instance reasoning,InternVL|Llama-3.2|Pixtral,1
mmstar,ILP,639,CC,Llama-3.2,0.3333333333333333,0.41666666666666663,instance reasoning,InternVL|Llama-3.2|Pixtral,3
mmstar,ILP,640,CC,Llama-3.2,0.3333333333333333,0.08333333333333333,instance reasoning,InternVL|Llama-3.2|Pixtral,3
mmstar,ILP,647,MiC,InternVL,0.0,1.0,instance reasoning,InternVL|Llama-3.2|Pixtral,1
mmstar,ILP,648,MiC,Pixtral,0.0,0.3333333333333333,instance reasoning,InternVL|Llama-3.2|Pixtral,2
mmstar,ILP,656,CC,InternVL,1.0,0.75,instance reasoning,InternVL|Llama-3.2|Pixtral,1
mmstar,ILP,665,MiC,Pixtral,0.0,0.0,instance reasoning,InternVL|Llama-3.2|Pixtral,2
mmstar,ILP,671,MiC,InternVL,1.0,1.0,instance reasoning,InternVL|Llama-3.2|Pixtral,1
mmstar,ILP,675,CC,Pixtral,1.0,0.3333333333333333,instance reasoning,InternVL|Llama-3.2|Pixtral,2
mmstar,ILP,678,MiC,InternVL,1.0,1.0,instance reasoning,InternVL|Llama-3.2|Pixtral,1
mmstar,ILP,68,MiC,InternVL,0.0,0.4166666666666667,coarse perception,InternVL|Llama-3.2|Pixtral,1
mmstar,ILP,680,MiC,Pixtral,0.0,1.0,instance reasoning,InternVL|Llama-3.2|Pixtral,2
mmstar,ILP,681,MiC,Llama-3.2,1.0,0.0,instance reasoning,InternVL|Llama-3.2|Pixtral,3
mmstar,ILP,686,MiC,Pixtral,0.0,0.3333333333333333,instance reasoning,InternVL|Llama-3.2|Pixtral,2
mmstar,ILP,687,CC,Llama-3.2,0.0,0.08333333333333333,instance reasoning,InternVL|Llama-3.2|Pixtral,3
mmstar,ILP,69,MiC,InternVL,1.0,0.5,coarse perception,InternVL|Llama-3.2|Pixtral,1
mmstar,ILP,7,MiC,Pixtral,0.0,0.75,coarse perception,InternVL|Llama-3.2|Pixtral,2
mmstar,ILP,753,CC,InternVL,0.0,1.0,logical reasoning,InternVL|Llama-3.2|Pixtral,1
mmstar,ILP,754,MiC,InternVL,0.0,0.0,logical reasoning,InternVL|Llama-3.2|Pixtral,1
mmstar,ILP,755,CC,Pixtral,0.0,0.5833333333333334,logical reasoning,InternVL|Llama-3.2|Pixtral,2
mmstar,ILP,760,MiC,InternVL,1.0,1.0,logical reasoning,InternVL|Llama-3.2|Pixtral,1
mmstar,ILP,763,MiC,Llama-3.2,0.0,0.5,logical reasoning,InternVL|Llama-3.2|Pixtral,3
mmstar,ILP,765,CC,Pixtral,0.0,1.0,logical reasoning,InternVL|Llama-3.2|Pixtral,2
mmstar,ILP,77,MiC,Pixtral,1.0,0.25,coarse perception,InternVL|Llama-3.2|Pixtral,2
mmstar,ILP,779,MiC,Llama-3.2,0.0,0.08333333333333333,logical reasoning,InternVL|Llama-3.2|Pixtral,3
mmstar,ILP,789,CC,InternVL,0.3333333333333333,1.0,logical reasoning,InternVL|Llama-3.2|Pixtral,1
mmstar,ILP,795,MiC,InternVL,1.0,0.16666666666666666,logical reasoning,InternVL|Llama-3.2|Pixtral,1
mmstar,ILP,804,MiC,Pixtral,0.0,0.6666666666666666,logical reasoning,InternVL|Llama-3.2|Pixtral,2
mmstar,ILP,810,MiC,Pixtral,0.0,0.8333333333333333,logical reasoning,InternVL|Llama-3.2|Pixtral,2
mmstar,ILP,82,CC,Llama-3.2,0.0,0.16666666666666666,coarse perception,InternVL|Llama-3.2|Pixtral,3
mmstar,ILP,822,MiC,InternVL,1.0,1.0,logical reasoning,InternVL|Llama-3.2|Pixtral,1
mmstar,ILP,835,MiC,Llama-3.2,0.0,0.3333333333333333,logical reasoning,InternVL|Llama-3.2|Pixtral,3
mmstar,ILP,851,MiC,Pixtral,0.0,1.0,logical reasoning,InternVL|Llama-3.2|Pixtral,2
mmstar,ILP,86,MiC,Pixtral,0.0,0.41666666666666663,coarse perception,InternVL|Llama-3.2|Pixtral,2
mmstar,ILP,863,CC,Pixtral,0.0,1.0,logical reasoning,InternVL|Llama-3.2|Pixtral,2
mmstar,ILP,864,CC,Pixtral,1.0,1.0,logical reasoning,InternVL|Llama-3.2|Pixtral,2
mmstar,ILP,870,MiC,InternVL,0.0,0.9166666666666667,logical reasoning,InternVL|Llama-3.2|Pixtral,1
mmstar,ILP,872,CC,Pixtral,1.0,1.0,logical reasoning,InternVL|Llama-3.2|Pixtral,2
mmstar,ILP,876,CC,Pixtral,0.3333333333333333,0.5,logical reasoning,InternVL|Llama-3.2|Pixtral,2
mmstar,ILP,878,MiC,Pixtral,1.0,1.0,logical reasoning,InternVL|Llama-3.2|Pixtral,2
mmstar,ILP,882,MiC,InternVL,0.0,1.0,logical reasoning,InternVL|Llama-3.2|Pixtral,1
mmstar,ILP,883,MiC,Llama-3.2,0.0,0.5,logical reasoning,InternVL|Llama-3.2|Pixtral,3
mmstar,ILP,894,CC,Pixtral,1.0,0.0,logical reasoning,InternVL|Llama-3.2|Pixtral,2
mmstar,ILP,9,MiC,Pixtral,0.0,0.0,coarse perception,InternVL|Llama-3.2|Pixtral,2
mmstar,ILP,90,CC,InternVL,0.0,0.41666666666666663,coarse perception,InternVL|Llama-3.2|Pixtral,1
mmstar,ILP,904,CC,InternVL,0.3333333333333333,1.0,logical reasoning,InternVL|Llama-3.2|Pixtral,1
mmstar,ILP,905,MiC,InternVL,0.0,1.0,logical reasoning,InternVL|Llama-3.2|Pixtral,1
mmstar,ILP,906,MiC,InternVL,0.0,1.0,logical reasoning,InternVL|Llama-3.2|Pixtral,1
mmstar,ILP,907,CC,Llama-3.2,0.3333333333333333,0.5833333333333334,logical reasoning,InternVL|Llama-3.2|Pixtral,3
mmstar,ILP,912,CC,Llama-3.2,0.3333333333333333,1.0,logical reasoning,InternVL|Llama-3.2|Pixtral,3
mmstar,ILP,916,CC,InternVL,0.0,0.25,logical reasoning,InternVL|Llama-3.2|Pixtral,1
mmstar,ILP,918,CC,Pixtral,1.0,1.0,logical reasoning,InternVL|Llama-3.2|Pixtral,2
mmstar,ILP,926,CC,Pixtral,1.0,0.41666666666666663,logical reasoning,InternVL|Llama-3.2|Pixtral,2
mmstar,ILP,929,MiC,InternVL,0.0,0.5833333333333334,logical reasoning,InternVL|Llama-3.2|Pixtral,1
mmstar,ILP,94,CC,Llama-3.2,0.3333333333333333,1.0,coarse perception,InternVL|Llama-3.2|Pixtral,3
mmstar,ILP,940,MiC,InternVL,0.0,0.6666666666666666,logical reasoning,InternVL|Llama-3.2|Pixtral,1
mmstar,ILP,944,MiC,Pixtral,0.0,0.9166666666666667,logical reasoning,InternVL|Llama-3.2|Pixtral,2
mmstar,ILP,952,MiC,Llama-3.2,0.0,0.0,logical reasoning,InternVL|Llama-3.2|Pixtral,3
mmstar,ILP,953,CC,Pixtral,0.3333333333333333,0.75,logical reasoning,InternVL|Llama-3.2|Pixtral,2
mmstar,ILP,955,MiC,Pixtral,0.3333333333333333,0.6666666666666666,logical reasoning,InternVL|Llama-3.2|Pixtral,2
mmstar,ILP,959,CC,InternVL,0.0,0.5,logical reasoning,InternVL|Llama-3.2|Pixtral,1
mmstar,ILP,96,MiC,Pixtral,0.0,0.0,coarse perception,InternVL|Llama-3.2|Pixtral,2
mmstar,ILP,960,CC,InternVL,0.0,0.5,logical reasoning,InternVL|Llama-3.2|Pixtral,1
mmstar,ILP,966,MiC,InternVL,0.0,0.5,logical reasoning,InternVL|Llama-3.2|Pixtral,1
mmstar,ILP,973,CC,InternVL,0.0,0.75,logical reasoning,InternVL|Llama-3.2|Pixtral,1
mmstar,ILP,974,CC,InternVL,1.0,1.0,logical reasoning,InternVL|Llama-3.2|Pixtral,1
mmstar,ILP,99,MiC,Pixtral,1.0,0.41666666666666663,coarse perception,InternVL|Llama-3.2|Pixtral,2
mmstar,ILQ,0,MiC,InternVL,0.0,0.5,coarse perception,InternVL|Llama-3.2|Qwen3.5,2
mmstar,ILQ,1006,MiC,Qwen3.5,0.0,0.5833333333333334,math,InternVL|Llama-3.2|Qwen3.5,1
mmstar,ILQ,1009,MiC,Qwen3.5,1.0,0.9166666666666667,math,InternVL|Llama-3.2|Qwen3.5,1
mmstar,ILQ,1012,MiC,Qwen3.5,0.0,0.41666666666666663,math,InternVL|Llama-3.2|Qwen3.5,1
mmstar,ILQ,1013,CC,Qwen3.5,1.0,0.5,math,InternVL|Llama-3.2|Qwen3.5,1
mmstar,ILQ,1022,CC,Qwen3.5,1.0,0.8333333333333333,math,InternVL|Llama-3.2|Qwen3.5,1
mmstar,ILQ,1025,MiC,Qwen3.5,0.0,0.9166666666666667,math,InternVL|Llama-3.2|Qwen3.5,1
mmstar,ILQ,1026,MiC,Qwen3.5,0.0,0.9166666666666667,math,InternVL|Llama-3.2|Qwen3.5,1
mmstar,ILQ,1033,CC,Qwen3.5,1.0,0.75,math,InternVL|Llama-3.2|Qwen3.5,1
mmstar,ILQ,1034,MiC,InternVL,0.0,0.0,math,InternVL|Llama-3.2|Qwen3.5,2
mmstar,ILQ,1037,MiC,Qwen3.5,1.0,0.6666666666666666,math,InternVL|Llama-3.2|Qwen3.5,1
mmstar,ILQ,1044,MiC,InternVL,1.0,0.41666666666666663,math,InternVL|Llama-3.2|Qwen3.5,2
mmstar,ILQ,1047,MiC,Qwen3.5,1.0,0.9166666666666667,math,InternVL|Llama-3.2|Qwen3.5,1
mmstar,ILQ,105,MiC,Qwen3.5,1.0,0.0,coarse perception,InternVL|Llama-3.2|Qwen3.5,1
mmstar,ILQ,1050,MiC,Qwen3.5,1.0,0.08333333333333333,math,InternVL|Llama-3.2|Qwen3.5,1
mmstar,ILQ,1066,MiC,Qwen3.5,1.0,0.9166666666666667,math,InternVL|Llama-3.2|Qwen3.5,1
mmstar,ILQ,1073,CC,InternVL,1.0,0.3333333333333333,math,InternVL|Llama-3.2|Qwen3.5,2
mmstar,ILQ,1075,MiC,InternVL,1.0,0.8333333333333333,math,InternVL|Llama-3.2|Qwen3.5,2
mmstar,ILQ,1078,CC,Qwen3.5,1.0,0.75,math,InternVL|Llama-3.2|Qwen3.5,1
mmstar,ILQ,108,MiC,InternVL,0.0,0.3333333333333333,coarse perception,InternVL|Llama-3.2|Qwen3.5,2
mmstar,ILQ,1081,CC,Qwen3.5,1.0,0.5833333333333334,math,InternVL|Llama-3.2|Qwen3.5,1
mmstar,ILQ,1092,CC,InternVL,0.0,1.0,math,InternVL|Llama-3.2|Qwen3.5,2
mmstar,ILQ,111,MiC,Qwen3.5,1.0,0.5,coarse perception,InternVL|Llama-3.2|Qwen3.5,1
mmstar,ILQ,1134,MiC,Qwen3.5,1.0,0.5,math,InternVL|Llama-3.2|Qwen3.5,1
mmstar,ILQ,1137,CC,Qwen3.5,1.0,0.5833333333333334,math,InternVL|Llama-3.2|Qwen3.5,1
mmstar,ILQ,1151,MiC,Qwen3.5,1.0,1.0,math,InternVL|Llama-3.2|Qwen3.5,1
mmstar,ILQ,1157,CC,Qwen3.5,1.0,0.5833333333333334,math,InternVL|Llama-3.2|Qwen3.5,1
mmstar,ILQ,1166,CC,Qwen3.5,1.0,0.5,math,InternVL|Llama-3.2|Qwen3.5,1
mmstar,ILQ,12,CC,Llama-3.2,0.0,0.0,coarse perception,InternVL|Llama-3.2|Qwen3.5,3
mmstar,ILQ,1220,MiC,Qwen3.5,1.0,0.5833333333333334,math,InternVL|Llama-3.2|Qwen3.5,1
mmstar,ILQ,1234,MiC,Qwen3.5,1.0,0.16666666666666666,math,InternVL|Llama-3.2|Qwen3.5,1
mmstar,ILQ,1235,MiC,Qwen3.5,1.0,0.5,math,InternVL|Llama-3.2|Qwen3.5,1
mmstar,ILQ,124,CC,InternVL,0.0,0.5,coarse perception,InternVL|Llama-3.2|Qwen3.5,2
mmstar,ILQ,1243,MiC,Qwen3.5,1.0,0.6666666666666666,math,InternVL|Llama-3.2|Qwen3.5,1
mmstar,ILQ,1252,MiC,Qwen3.5,1.0,0.3333333333333333,science & technology,InternVL|Llama-3.2|Qwen3.5,1
mmstar,ILQ,1254,MiC,Qwen3.5,0.0,0.8333333333333333,science & technology,InternVL|Llama-3.2|Qwen3.5,1
mmstar,ILQ,1258,MiC,Qwen3.5,1.0,0.0,science & technology,InternVL|Llama-3.2|Qwen3.5,1
mmstar,ILQ,1261,CC,InternVL,0.0,0.16666666666666666,science & technology,InternVL|Llama-3.2|Qwen3.5,2
mmstar,ILQ,1266,MiC,Qwen3.5,1.0,0.08333333333333333,science & technology,InternVL|Llama-3.2|Qwen3.5,1
mmstar,ILQ,127,CC,Llama-3.2,0.0,0.0,coarse perception,InternVL|Llama-3.2|Qwen3.5,3
mmstar,ILQ,1272,MiC,Qwen3.5,1.0,0.3333333333333333,science & technology,InternVL|Llama-3.2|Qwen3.5,1
mmstar,ILQ,1273,MiC,InternVL,0.0,0.41666666666666663,science & technology,InternVL|Llama-3.2|Qwen3.5,2
mmstar,ILQ,1276,MiC,Llama-3.2,0.0,0.5,science & technology,InternVL|Llama-3.2|Qwen3.5,3
mmstar,ILQ,128,MiC,Llama-3.2,0.0,0.0,coarse perception,InternVL|Llama-3.2|Qwen3.5,3
mmstar,ILQ,1280,MiC,Llama-3.2,0.0,0.16666666666666666,science & technology,InternVL|Llama-3.2|Qwen3.5,3
mmstar,ILQ,1281,MiC,Qwen3.5,1.0,0.0,science & technology,InternVL|Llama-3.2|Qwen3.5,1
mmstar,ILQ,1282,MiC,Qwen3.5,1.0,0.5,science & technology,InternVL|Llama-3.2|Qwen3.5,1
mmstar,ILQ,1285,CC,Qwen3.5,0.0,0.5,science & technology,InternVL|Llama-3.2|Qwen3.5,1
mmstar,ILQ,1286,CC,InternVL,0.0,0.5,science & technology,InternVL|Llama-3.2|Qwen3.5,2
mmstar,ILQ,1287,MiC,Qwen3.5,1.0,0.6666666666666666,science & technology,InternVL|Llama-3.2|Qwen3.5,1
mmstar,ILQ,1289,CC,Qwen3.5,1.0,0.0,science & technology,InternVL|Llama-3.2|Qwen3.5,1
mmstar,ILQ,1293,CC,Qwen3.5,0.3333333333333333,0.75,science & technology,InternVL|Llama-3.2|Qwen3.5,1
mmstar,ILQ,1294,CC,Llama-3.2,1.0,0.41666666666666663,science & technology,InternVL|Llama-3.2|Qwen3.5,3
mmstar,ILQ,1295,CC,Llama-3.2,0.0,0.8333333333333334,science & technology,InternVL|Llama-3.2|Qwen3.5,3
mmstar,ILQ,1296,CC,Qwen3.5,0.0,0.5,science & technology,InternVL|Llama-3.2|Qwen3.5,1
mmstar,ILQ,1297,CC,Qwen3.5,1.0,0.6666666666666666,science & technology,InternVL|Llama-3.2|Qwen3.5,1
mmstar,ILQ,1299,CC,Qwen3.5,1.0,0.5833333333333334,science & technology,InternVL|Llama-3.2|Qwen3.5,1
mmstar,ILQ,13,MiC,Qwen3.5,0.0,1.0,coarse perception,InternVL|Llama-3.2|Qwen3.5,1
mmstar,ILQ,1306,MiC,Qwen3.5,1.0,0.5,science & technology,InternVL|Llama-3.2|Qwen3.5,1
mmstar,ILQ,1309,MiC,Qwen3.5,0.0,0.4166666666666667,science & technology,InternVL|Llama-3.2|Qwen3.5,1
mmstar,ILQ,1311,CC,Qwen3.5,1.0,1.0,science & technology,InternVL|Llama-3.2|Qwen3.5,1
mmstar,ILQ,1320,CC,InternVL,0.3333333333333333,0.5,science & technology,InternVL|Llama-3.2|Qwen3.5,2
mmstar,ILQ,1324,MiC,InternVL,0.0,0.4166666666666667,science & technology,InternVL|Llama-3.2|Qwen3.5,2
mmstar,ILQ,1326,MiC,InternVL,0.0,0.3333333333333333,science & technology,InternVL|Llama-3.2|Qwen3.5,2
mmstar,ILQ,1328,MiC,Llama-3.2,0.0,0.75,science & technology,InternVL|Llama-3.2|Qwen3.5,3
mmstar,ILQ,133,CC,InternVL,0.0,0.0,coarse perception,InternVL|Llama-3.2|Qwen3.5,2
mmstar,ILQ,1333,CC,InternVL,0.0,0.4166666666666667,science & technology,InternVL|Llama-3.2|Qwen3.5,2
mmstar,ILQ,1336,CC,Qwen3.5,0.0,0.5833333333333334,science & technology,InternVL|Llama-3.2|Qwen3.5,1
mmstar,ILQ,1341,CC,Qwen3.5,1.0,0.0,science & technology,InternVL|Llama-3.2|Qwen3.5,1
mmstar,ILQ,1342,MiC,Qwen3.5,1.0,0.8333333333333333,science & technology,InternVL|Llama-3.2|Qwen3.5,1
mmstar,ILQ,1343,MiC,Qwen3.5,1.0,0.0,science & technology,InternVL|Llama-3.2|Qwen3.5,1
mmstar,ILQ,1344,MiC,Llama-3.2,0.0,0.4166666666666667,science & technology,InternVL|Llama-3.2|Qwen3.5,3
mmstar,ILQ,1347,CC,InternVL,0.0,0.16666666666666666,science & technology,InternVL|Llama-3.2|Qwen3.5,2
mmstar,ILQ,1350,CC,Qwen3.5,1.0,0.5,science & technology,InternVL|Llama-3.2|Qwen3.5,1
mmstar,ILQ,1354,CC,Qwen3.5,1.0,0.5833333333333334,science & technology,InternVL|Llama-3.2|Qwen3.5,1
mmstar,ILQ,1359,MiC,Qwen3.5,0.0,1.0,science & technology,InternVL|Llama-3.2|Qwen3.5,1
mmstar,ILQ,1365,CC,Qwen3.5,1.0,1.0,science & technology,InternVL|Llama-3.2|Qwen3.5,1
mmstar,ILQ,1371,CC,Qwen3.5,1.0,0.5,science & technology,InternVL|Llama-3.2|Qwen3.5,1
mmstar,ILQ,1375,CC,Qwen3.5,1.0,0.0,science & technology,InternVL|Llama-3.2|Qwen3.5,1
mmstar,ILQ,1381,MiC,Qwen3.5,0.0,0.5,science & technology,InternVL|Llama-3.2|Qwen3.5,1
mmstar,ILQ,1391,CC,Qwen3.5,0.0,0.5,science & technology,InternVL|Llama-3.2|Qwen3.5,1
mmstar,ILQ,1394,MiC,Qwen3.5,1.0,0.41666666666666663,science & technology,InternVL|Llama-3.2|Qwen3.5,1
mmstar,ILQ,1398,MiC,InternVL,0.0,0.5,science & technology,InternVL|Llama-3.2|Qwen3.5,2
mmstar,ILQ,1402,CC,InternVL,0.0,1.0,science & technology,InternVL|Llama-3.2|Qwen3.5,2
mmstar,ILQ,1408,CC,Qwen3.5,0.0,0.0,science & technology,InternVL|Llama-3.2|Qwen3.5,1
mmstar,ILQ,1413,CC,Qwen3.5,0.0,0.5833333333333334,science & technology,InternVL|Llama-3.2|Qwen3.5,1
mmstar,ILQ,1415,MiC,Qwen3.5,1.0,0.5,science & technology,InternVL|Llama-3.2|Qwen3.5,1
mmstar,ILQ,1421,MiC,Qwen3.5,1.0,0.5,science & technology,InternVL|Llama-3.2|Qwen3.5,1
mmstar,ILQ,1427,CC,InternVL,0.0,0.0,science & technology,InternVL|Llama-3.2|Qwen3.5,2
mmstar,ILQ,1434,CC,Qwen3.5,1.0,0.5,science & technology,InternVL|Llama-3.2|Qwen3.5,1
mmstar,ILQ,1435,MiC,Qwen3.5,1.0,0.41666666666666663,science & technology,InternVL|Llama-3.2|Qwen3.5,1
mmstar,ILQ,1437,MiC,Llama-3.2,1.0,0.5,science & technology,InternVL|Llama-3.2|Qwen3.5,3
mmstar,ILQ,144,MiC,Qwen3.5,1.0,0.5833333333333333,coarse perception,InternVL|Llama-3.2|Qwen3.5,1
mmstar,ILQ,1442,MiC,Llama-3.2,1.0,0.9166666666666667,science & technology,InternVL|Llama-3.2|Qwen3.5,3
mmstar,ILQ,1444,MiC,Qwen3.5,0.0,0.5833333333333334,science & technology,InternVL|Llama-3.2|Qwen3.5,1
mmstar,ILQ,1453,MiC,Qwen3.5,1.0,0.4166666666666667,science & technology,InternVL|Llama-3.2|Qwen3.5,1
mmstar,ILQ,146,CC,InternVL,0.0,0.0,coarse perception,InternVL|Llama-3.2|Qwen3.5,2
mmstar,ILQ,147,MiC,Qwen3.5,0.0,0.25,coarse perception,InternVL|Llama-3.2|Qwen3.5,1
mmstar,ILQ,1472,MiC,Llama-3.2,0.0,0.3333333333333333,science & technology,InternVL|Llama-3.2|Qwen3.5,3
mmstar,ILQ,1475,MiC,Qwen3.5,0.0,0.9166666666666667,science & technology,InternVL|Llama-3.2|Qwen3.5,1
mmstar,ILQ,1476,MiC,Llama-3.2,1.0,0.5833333333333334,science & technology,InternVL|Llama-3.2|Qwen3.5,3
mmstar,ILQ,1477,MiC,Qwen3.5,1.0,0.4166666666666667,science & technology,InternVL|Llama-3.2|Qwen3.5,1
mmstar,ILQ,1478,MiC,Llama-3.2,0.0,0.0,science & technology,InternVL|Llama-3.2|Qwen3.5,3
mmstar,ILQ,1482,CC,InternVL,0.0,0.5,science & technology,InternVL|Llama-3.2|Qwen3.5,2
mmstar,ILQ,1486,CC,InternVL,0.0,0.25,science & technology,InternVL|Llama-3.2|Qwen3.5,2
mmstar,ILQ,1487,MiC,Qwen3.5,1.0,0.5,science & technology,InternVL|Llama-3.2|Qwen3.5,1
mmstar,ILQ,1495,CC,Qwen3.5,1.0,0.41666666666666663,science & technology,InternVL|Llama-3.2|Qwen3.5,1
mmstar,ILQ,163,CC,Llama-3.2,1.0,0.6666666666666666,coarse perception,InternVL|Llama-3.2|Qwen3.5,3
mmstar,ILQ,19,MiC,Llama-3.2,0.0,0.5833333333333334,coarse perception,InternVL|Llama-3.2|Qwen3.5,3
mmstar,ILQ,2,MiC,Llama-3.2,0.0,0.0,coarse perception,InternVL|Llama-3.2|Qwen3.5,3
mmstar,ILQ,21,MiC,Qwen3.5,0.0,0.25,coarse perception,InternVL|Llama-3.2|Qwen3.5,1
mmstar,ILQ,23,MiC,Qwen3.5,0.0,0.41666666666666663,coarse perception,InternVL|Llama-3.2|Qwen3.5,1
mmstar,ILQ,255,CC,Qwen3.5,1.0,0.0,fine-grained perception,InternVL|Llama-3.2|Qwen3.5,1
mmstar,ILQ,263,MiC,Qwen3.5,1.0,1.0,fine-grained perception,InternVL|Llama-3.2|Qwen3.5,1
mmstar,ILQ,265,MiC,Qwen3.5,1.0,0.5,fine-grained perception,InternVL|Llama-3.2|Qwen3.5,1
mmstar,ILQ,267,MiC,Qwen3.5,1.0,0.5,fine-grained perception,InternVL|Llama-3.2|Qwen3.5,1
mmstar,ILQ,270,CC,Llama-3.2,0.0,0.08333333333333333,fine-grained perception,InternVL|Llama-3.2|Qwen3.5,3
mmstar,ILQ,281,MiC,Qwen3.5,1.0,0.0,fine-grained perception,InternVL|Llama-3.2|Qwen3.5,1
mmstar,ILQ,283,MiC,Qwen3.5,1.0,0.5833333333333334,fine-grained perception,InternVL|Llama-3.2|Qwen3.5,1
mmstar,ILQ,284,CC,InternVL,0.3333333333333333,0.0,fine-grained perception,InternVL|Llama-3.2|Qwen3.5,2
mmstar,ILQ,286,MiC,Llama-3.2,0.0,0.0,fine-grained perception,InternVL|Llama-3.2|Qwen3.5,3
mmstar,ILQ,288,CC,Qwen3.5,0.0,0.5833333333333334,fine-grained perception,InternVL|Llama-3.2|Qwen3.5,1
mmstar,ILQ,293,MiC,InternVL,0.0,0.25,fine-grained perception,InternVL|Llama-3.2|Qwen3.5,2
mmstar,ILQ,295,MiC,InternVL,1.0,0.5,fine-grained perception,InternVL|Llama-3.2|Qwen3.5,2
mmstar,ILQ,300,CC,Qwen3.5,1.0,0.5,fine-grained perception,InternVL|Llama-3.2|Qwen3.5,1
mmstar,ILQ,309,CC,InternVL,0.0,0.0,fine-grained perception,InternVL|Llama-3.2|Qwen3.5,2
mmstar,ILQ,310,CC,Qwen3.5,1.0,0.5,fine-grained perception,InternVL|Llama-3.2|Qwen3.5,1
mmstar,ILQ,311,MiC,Qwen3.5,0.0,0.0,fine-grained perception,InternVL|Llama-3.2|Qwen3.5,1
mmstar,ILQ,313,MiC,Qwen3.5,1.0,0.5,fine-grained perception,InternVL|Llama-3.2|Qwen3.5,1
mmstar,ILQ,318,MiC,Llama-3.2,0.0,0.5,fine-grained perception,InternVL|Llama-3.2|Qwen3.5,3
mmstar,ILQ,322,MiC,Llama-3.2,0.0,0.5,fine-grained perception,InternVL|Llama-3.2|Qwen3.5,3
mmstar,ILQ,325,MiC,Qwen3.5,0.0,0.16666666666666666,fine-grained perception,InternVL|Llama-3.2|Qwen3.5,1
mmstar,ILQ,328,MiC,InternVL,0.0,0.3333333333333333,fine-grained perception,InternVL|Llama-3.2|Qwen3.5,2
mmstar,ILQ,33,MiC,InternVL,0.0,0.5833333333333334,coarse perception,InternVL|Llama-3.2|Qwen3.5,2
mmstar,ILQ,331,CC,Qwen3.5,1.0,0.5,fine-grained perception,InternVL|Llama-3.2|Qwen3.5,1
mmstar,ILQ,333,CC,Qwen3.5,1.0,0.5,fine-grained perception,InternVL|Llama-3.2|Qwen3.5,1
mmstar,ILQ,339,MiC,InternVL,0.0,0.5,fine-grained perception,InternVL|Llama-3.2|Qwen3.5,2
mmstar,ILQ,342,MiC,Llama-3.2,0.0,0.0,fine-grained perception,InternVL|Llama-3.2|Qwen3.5,3
mmstar,ILQ,343,MiC,Qwen3.5,0.0,0.0,fine-grained perception,InternVL|Llama-3.2|Qwen3.5,1
mmstar,ILQ,346,MiC,Llama-3.2,0.0,0.3333333333333333,fine-grained perception,InternVL|Llama-3.2|Qwen3.5,3
mmstar,ILQ,352,MiC,Qwen3.5,1.0,1.0,fine-grained perception,InternVL|Llama-3.2|Qwen3.5,1
mmstar,ILQ,353,CC,Qwen3.5,0.3333333333333333,0.0,fine-grained perception,InternVL|Llama-3.2|Qwen3.5,1
mmstar,ILQ,355,MiC,InternVL,0.0,0.0,fine-grained perception,InternVL|Llama-3.2|Qwen3.5,2
mmstar,ILQ,372,CC,Qwen3.5,1.0,0.0,fine-grained perception,InternVL|Llama-3.2|Qwen3.5,1
mmstar,ILQ,376,CC,Llama-3.2,0.0,0.16666666666666666,fine-grained perception,InternVL|Llama-3.2|Qwen3.5,3
mmstar,ILQ,380,CC,Qwen3.5,1.0,0.16666666666666666,fine-grained perception,InternVL|Llama-3.2|Qwen3.5,1
mmstar,ILQ,384,CC,InternVL,1.0,0.5,fine-grained perception,InternVL|Llama-3.2|Qwen3.5,2
mmstar,ILQ,387,MiC,Qwen3.5,1.0,0.4166666666666667,fine-grained perception,InternVL|Llama-3.2|Qwen3.5,1
mmstar,ILQ,39,MiC,InternVL,0.0,0.5,coarse perception,InternVL|Llama-3.2|Qwen3.5,2
mmstar,ILQ,398,CC,InternVL,0.0,0.5833333333333334,fine-grained perception,InternVL|Llama-3.2|Qwen3.5,2
mmstar,ILQ,407,MiC,Qwen3.5,1.0,1.0,fine-grained perception,InternVL|Llama-3.2|Qwen3.5,1
mmstar,ILQ,416,MiC,Llama-3.2,0.0,0.0,fine-grained perception,InternVL|Llama-3.2|Qwen3.5,3
mmstar,ILQ,417,CC,InternVL,0.0,0.4166666666666667,fine-grained perception,InternVL|Llama-3.2|Qwen3.5,2
mmstar,ILQ,423,MiC,InternVL,0.0,0.0,fine-grained perception,InternVL|Llama-3.2|Qwen3.5,2
mmstar,ILQ,424,CC,Llama-3.2,0.0,0.08333333333333333,fine-grained perception,InternVL|Llama-3.2|Qwen3.5,3
mmstar,ILQ,425,MiC,InternVL,0.0,1.0,fine-grained perception,InternVL|Llama-3.2|Qwen3.5,2
mmstar,ILQ,432,MiC,InternVL,0.0,0.0,fine-grained perception,InternVL|Llama-3.2|Qwen3.5,2
mmstar,ILQ,434,MiC,Llama-3.2,0.0,0.5,fine-grained perception,InternVL|Llama-3.2|Qwen3.5,3
mmstar,ILQ,440,CC,Qwen3.5,1.0,0.5833333333333334,fine-grained perception,InternVL|Llama-3.2|Qwen3.5,1
mmstar,ILQ,447,MiC,Qwen3.5,1.0,0.08333333333333333,fine-grained perception,InternVL|Llama-3.2|Qwen3.5,1
mmstar,ILQ,448,MiC,Qwen3.5,1.0,0.5,fine-grained perception,InternVL|Llama-3.2|Qwen3.5,1
mmstar,ILQ,450,CC,Qwen3.5,0.0,0.08333333333333333,fine-grained perception,InternVL|Llama-3.2|Qwen3.5,1
mmstar,ILQ,452,MiC,InternVL,0.0,0.6666666666666666,fine-grained perception,InternVL|Llama-3.2|Qwen3.5,2
mmstar,ILQ,455,MiC,Llama-3.2,0.0,0.16666666666666666,fine-grained perception,InternVL|Llama-3.2|Qwen3.5,3
mmstar,ILQ,457,MiC,Qwen3.5,1.0,1.0,fine-grained perception,InternVL|Llama-3.2|Qwen3.5,1
mmstar,ILQ,462,CC,Qwen3.5,1.0,0.75,fine-grained perception,InternVL|Llama-3.2|Qwen3.5,1
mmstar,ILQ,463,MiC,Qwen3.5,0.0,0.25,fine-grained perception,InternVL|Llama-3.2|Qwen3.5,1
mmstar,ILQ,466,MiC,Llama-3.2,0.0,0.08333333333333333,fine-grained perception,InternVL|Llama-3.2|Qwen3.5,3
mmstar,ILQ,469,CC,Llama-3.2,0.0,0.5833333333333334,fine-grained perception,InternVL|Llama-3.2|Qwen3.5,3
mmstar,ILQ,47,CC,Llama-3.2,0.3333333333333333,0.5,coarse perception,InternVL|Llama-3.2|Qwen3.5,3
mmstar,ILQ,475,CC,Llama-3.2,0.0,0.25,fine-grained perception,InternVL|Llama-3.2|Qwen3.5,3
mmstar,ILQ,478,CC,Qwen3.5,0.0,0.25,fine-grained perception,InternVL|Llama-3.2|Qwen3.5,1
mmstar,ILQ,483,MiC,InternVL,0.0,0.0,fine-grained perception,InternVL|Llama-3.2|Qwen3.5,2
mmstar,ILQ,489,MiC,Qwen3.5,1.0,0.9166666666666667,fine-grained perception,InternVL|Llama-3.2|Qwen3.5,1
mmstar,ILQ,497,CC,Qwen3.5,1.0,0.08333333333333333,fine-grained perception,InternVL|Llama-3.2|Qwen3.5,1
mmstar,ILQ,508,MiC,Qwen3.5,0.0,0.0,instance reasoning,InternVL|Llama-3.2|Qwen3.5,1
mmstar,ILQ,510,MiC,Qwen3.5,1.0,0.3333333333333333,instance reasoning,InternVL|Llama-3.2|Qwen3.5,1
mmstar,ILQ,514,CC,Qwen3.5,1.0,0.6666666666666666,instance reasoning,InternVL|Llama-3.2|Qwen3.5,1
mmstar,ILQ,517,MiC,Qwen3.5,1.0,0.5,instance reasoning,InternVL|Llama-3.2|Qwen3.5,1
mmstar,ILQ,519,MiC,InternVL,0.0,0.08333333333333333,instance reasoning,InternVL|Llama-3.2|Qwen3.5,2
mmstar,ILQ,523,CC,Llama-3.2,0.0,0.0,instance reasoning,InternVL|Llama-3.2|Qwen3.5,3
mmstar,ILQ,526,MiC,Qwen3.5,1.0,0.5,instance reasoning,InternVL|Llama-3.2|Qwen3.5,1
mmstar,ILQ,53,MiC,Qwen3.5,1.0,0.5,coarse perception,InternVL|Llama-3.2|Qwen3.5,1
mmstar,ILQ,534,CC,InternVL,0.0,0.08333333333333333,instance reasoning,InternVL|Llama-3.2|Qwen3.5,2
mmstar,ILQ,539,MiC,InternVL,0.0,0.5,instance reasoning,InternVL|Llama-3.2|Qwen3.5,2
mmstar,ILQ,541,CC,Qwen3.5,1.0,0.0,instance reasoning,InternVL|Llama-3.2|Qwen3.5,1
mmstar,ILQ,542,MiC,InternVL,0.0,0.0,instance reasoning,InternVL|Llama-3.2|Qwen3.5,2
mmstar,ILQ,549,MiC,Qwen3.5,1.0,0.5,instance reasoning,InternVL|Llama-3.2|Qwen3.5,1
mmstar,ILQ,552,MiC,Qwen3.5,0.0,1.0,instance reasoning,InternVL|Llama-3.2|Qwen3.5,1
mmstar,ILQ,554,CC,Qwen3.5,1.0,0.08333333333333333,instance reasoning,InternVL|Llama-3.2|Qwen3.5,1
mmstar,ILQ,555,CC,Qwen3.5,1.0,0.9166666666666667,instance reasoning,InternVL|Llama-3.2|Qwen3.5,1
mmstar,ILQ,557,CC,Qwen3.5,1.0,0.5,instance reasoning,InternVL|Llama-3.2|Qwen3.5,1
mmstar,ILQ,564,CC,InternVL,0.0,0.4166666666666667,instance reasoning,InternVL|Llama-3.2|Qwen3.5,2
mmstar,ILQ,565,CC,InternVL,0.0,0.5,instance reasoning,InternVL|Llama-3.2|Qwen3.5,2
mmstar,ILQ,569,CC,Qwen3.5,1.0,0.4166666666666667,instance reasoning,InternVL|Llama-3.2|Qwen3.5,1
mmstar,ILQ,57,MiC,Llama-3.2,0.0,0.08333333333333333,coarse perception,InternVL|Llama-3.2|Qwen3.5,3
mmstar,ILQ,575,MiC,InternVL,0.0,1.0,instance reasoning,InternVL|Llama-3.2|Qwen3.5,2
mmstar,ILQ,585,MiC,Qwen3.5,1.0,0.16666666666666666,instance reasoning,InternVL|Llama-3.2|Qwen3.5,1
mmstar,ILQ,589,CC,Qwen3.5,1.0,0.5,instance reasoning,InternVL|Llama-3.2|Qwen3.5,1
mmstar,ILQ,595,MiC,Qwen3.5,1.0,0.08333333333333333,instance reasoning,InternVL|Llama-3.2|Qwen3.5,1
mmstar,ILQ,597,MiC,Llama-3.2,0.0,0.9166666666666667,instance reasoning,InternVL|Llama-3.2|Qwen3.5,3
mmstar,ILQ,599,MiC,InternVL,0.0,0.5,instance reasoning,InternVL|Llama-3.2|Qwen3.5,2
mmstar,ILQ,601,MiC,Llama-3.2,0.0,0.25,instance reasoning,InternVL|Llama-3.2|Qwen3.5,3
mmstar,ILQ,61,CC,Llama-3.2,0.0,0.25,coarse perception,InternVL|Llama-3.2|Qwen3.5,3
mmstar,ILQ,610,MiC,Qwen3.5,1.0,0.3333333333333333,instance reasoning,InternVL|Llama-3.2|Qwen3.5,1
mmstar,ILQ,612,MiC,Qwen3.5,1.0,1.0,instance reasoning,InternVL|Llama-3.2|Qwen3.5,1
mmstar,ILQ,621,CC,Qwen3.5,1.0,0.6666666666666666,instance reasoning,InternVL|Llama-3.2|Qwen3.5,1
mmstar,ILQ,639,MiC,Llama-3.2,0.0,0.3333333333333333,instance reasoning,InternVL|Llama-3.2|Qwen3.5,3
mmstar,ILQ,64,MiC,Qwen3.5,1.0,0.41666666666666663,coarse perception,InternVL|Llama-3.2|Qwen3.5,1
mmstar,ILQ,643,CC,InternVL,0.0,0.0,instance reasoning,InternVL|Llama-3.2|Qwen3.5,2
mmstar,ILQ,65,CC,InternVL,0.0,1.0,coarse perception,InternVL|Llama-3.2|Qwen3.5,2
mmstar,ILQ,669,MiC,Qwen3.5,0.0,0.16666666666666666,instance reasoning,InternVL|Llama-3.2|Qwen3.5,1
mmstar,ILQ,675,MiC,Qwen3.5,1.0,0.08333333333333333,instance reasoning,InternVL|Llama-3.2|Qwen3.5,1
mmstar,ILQ,68,MiC,InternVL,0.0,0.4166666666666667,coarse perception,InternVL|Llama-3.2|Qwen3.5,2
mmstar,ILQ,680,MiC,Qwen3.5,1.0,1.0,instance reasoning,InternVL|Llama-3.2|Qwen3.5,1
mmstar,ILQ,681,MiC,Llama-3.2,0.0,0.08333333333333333,instance reasoning,InternVL|Llama-3.2|Qwen3.5,3
mmstar,ILQ,687,MiC,Llama-3.2,0.0,0.08333333333333333,instance reasoning,InternVL|Llama-3.2|Qwen3.5,3
mmstar,ILQ,7,MiC,Qwen3.5,1.0,0.75,coarse perception,InternVL|Llama-3.2|Qwen3.5,1
mmstar,ILQ,72,MiC,InternVL,0.0,1.0,coarse perception,InternVL|Llama-3.2|Qwen3.5,2
mmstar,ILQ,75,MiC,Llama-3.2,0.0,0.9166666666666667,coarse perception,InternVL|Llama-3.2|Qwen3.5,3
mmstar,ILQ,754,MiC,InternVL,0.0,0.0,logical reasoning,InternVL|Llama-3.2|Qwen3.5,2
mmstar,ILQ,755,CC,Qwen3.5,1.0,0.25,logical reasoning,InternVL|Llama-3.2|Qwen3.5,1
mmstar,ILQ,76,MiC,Llama-3.2,0.0,0.0,coarse perception,InternVL|Llama-3.2|Qwen3.5,3
mmstar,ILQ,763,MiC,Llama-3.2,0.0,0.5,logical reasoning,InternVL|Llama-3.2|Qwen3.5,3
mmstar,ILQ,765,MiC,Qwen3.5,1.0,0.9166666666666667,logical reasoning,InternVL|Llama-3.2|Qwen3.5,1
mmstar,ILQ,766,MiC,Qwen3.5,1.0,0.5,logical reasoning,InternVL|Llama-3.2|Qwen3.5,1
mmstar,ILQ,773,CC,Qwen3.5,1.0,0.5,logical reasoning,InternVL|Llama-3.2|Qwen3.5,1
mmstar,ILQ,779,MiC,Llama-3.2,0.0,0.0,logical reasoning,InternVL|Llama-3.2|Qwen3.5,3
mmstar,ILQ,800,CC,Qwen3.5,1.0,0.5,logical reasoning,InternVL|Llama-3.2|Qwen3.5,1
mmstar,ILQ,82,CC,Llama-3.2,1.0,0.16666666666666666,coarse perception,InternVL|Llama-3.2|Qwen3.5,3
mmstar,ILQ,831,MiC,InternVL,0.0,0.6666666666666666,logical reasoning,InternVL|Llama-3.2|Qwen3.5,2
mmstar,ILQ,845,MiC,Llama-3.2,0.0,0.16666666666666666,logical reasoning,InternVL|Llama-3.2|Qwen3.5,3
mmstar,ILQ,851,MiC,Qwen3.5,1.0,0.8333333333333333,logical reasoning,InternVL|Llama-3.2|Qwen3.5,1
mmstar,ILQ,857,CC,Qwen3.5,1.0,0.5,logical reasoning,InternVL|Llama-3.2|Qwen3.5,1
mmstar,ILQ,859,MiC,Qwen3.5,1.0,1.0,logical reasoning,InternVL|Llama-3.2|Qwen3.5,1
mmstar,ILQ,863,MiC,Qwen3.5,0.0,0.75,logical reasoning,InternVL|Llama-3.2|Qwen3.5,1
mmstar,ILQ,866,MiC,Qwen3.5,0.0,0.5,logical reasoning,InternVL|Llama-3.2|Qwen3.5,1
mmstar,ILQ,872,MiC,Qwen3.5,1.0,0.8333333333333333,logical reasoning,InternVL|Llama-3.2|Qwen3.5,1
mmstar,ILQ,876,MiC,Qwen3.5,1.0,0.5,logical reasoning,InternVL|Llama-3.2|Qwen3.5,1
mmstar,ILQ,885,MiC,InternVL,0.0,0.5833333333333333,logical reasoning,InternVL|Llama-3.2|Qwen3.5,2
mmstar,ILQ,889,MiC,InternVL,0.0,1.0,logical reasoning,InternVL|Llama-3.2|Qwen3.5,2
mmstar,ILQ,893,CC,Qwen3.5,0.0,0.0,logical reasoning,InternVL|Llama-3.2|Qwen3.5,1
mmstar,ILQ,897,CC,Qwen3.5,1.0,1.0,logical reasoning,InternVL|Llama-3.2|Qwen3.5,1
mmstar,ILQ,916,MiC,InternVL,0.0,0.08333333333333333,logical reasoning,InternVL|Llama-3.2|Qwen3.5,2
mmstar,ILQ,918,CC,Qwen3.5,1.0,1.0,logical reasoning,InternVL|Llama-3.2|Qwen3.5,1
mmstar,ILQ,926,CC,InternVL,1.0,0.75,logical reasoning,InternVL|Llama-3.2|Qwen3.5,2
mmstar,ILQ,929,MiC,InternVL,0.0,0.5,logical reasoning,InternVL|Llama-3.2|Qwen3.5,2
mmstar,ILQ,933,MiC,Qwen3.5,0.0,0.0,logical reasoning,InternVL|Llama-3.2|Qwen3.5,1
mmstar,ILQ,938,CC,Qwen3.5,0.0,0.5,logical reasoning,InternVL|Llama-3.2|Qwen3.5,1
mmstar,ILQ,941,MiC,Qwen3.5,1.0,0.3333333333333333,logical reasoning,InternVL|Llama-3.2|Qwen3.5,1
mmstar,ILQ,95,MiC,InternVL,0.0,1.0,coarse perception,InternVL|Llama-3.2|Qwen3.5,2
mmstar,ILQ,959,MiC,InternVL,1.0,0.5,logical reasoning,InternVL|Llama-3.2|Qwen3.5,2
mmstar,ILQ,966,CC,InternVL,0.0,0.5,logical reasoning,InternVL|Llama-3.2|Qwen3.5,2
mmstar,ILQ,969,CC,Qwen3.5,0.0,0.08333333333333333,logical reasoning,InternVL|Llama-3.2|Qwen3.5,1
mmstar,ILQ,98,CC,Llama-3.2,0.0,0.0,coarse perception,InternVL|Llama-3.2|Qwen3.5,3
mmstar,ILQ,99,MiC,Qwen3.5,1.0,0.75,coarse perception,InternVL|Llama-3.2|Qwen3.5,1
mmstar,IPQ,10,MiC,InternVL,0.0,0.5,coarse perception,InternVL|Pixtral|Qwen3.5,2
mmstar,IPQ,1006,CC,Qwen3.5,0.0,0.6666666666666666,math,InternVL|Pixtral|Qwen3.5,1
mmstar,IPQ,1007,CC,Pixtral,0.3333333333333333,0.0,math,InternVL|Pixtral|Qwen3.5,3
mmstar,IPQ,1012,CC,Qwen3.5,0.0,0.3333333333333333,math,InternVL|Pixtral|Qwen3.5,1
mmstar,IPQ,1013,CC,Qwen3.5,1.0,0.5,math,InternVL|Pixtral|Qwen3.5,1
mmstar,IPQ,1019,CC,Qwen3.5,0.0,0.6666666666666666,math,InternVL|Pixtral|Qwen3.5,1
mmstar,IPQ,1030,CC,Qwen3.5,1.0,0.5,math,InternVL|Pixtral|Qwen3.5,1
mmstar,IPQ,1032,MiC,Qwen3.5,0.0,0.5,math,InternVL|Pixtral|Qwen3.5,1
mmstar,IPQ,1034,MiC,InternVL,0.0,0.08333333333333333,math,InternVL|Pixtral|Qwen3.5,2
mmstar,IPQ,1037,MiC,Qwen3.5,1.0,0.5,math,InternVL|Pixtral|Qwen3.5,1
mmstar,IPQ,104,MiC,Qwen3.5,1.0,0.5,coarse perception,InternVL|Pixtral|Qwen3.5,1
mmstar,IPQ,1044,CC,InternVL,0.3333333333333333,0.3333333333333333,math,InternVL|Pixtral|Qwen3.5,2
mmstar,IPQ,1047,CC,Pixtral,1.0,0.75,math,InternVL|Pixtral|Qwen3.5,3
mmstar,IPQ,1050,CC,Qwen3.5,1.0,0.16666666666666666,math,InternVL|Pixtral|Qwen3.5,1
mmstar,IPQ,1075,MiC,InternVL,0.0,0.8333333333333333,math,InternVL|Pixtral|Qwen3.5,2
mmstar,IPQ,1081,CC,Qwen3.5,1.0,0.5833333333333334,math,InternVL|Pixtral|Qwen3.5,1
mmstar,IPQ,1100,CC,Qwen3.5,0.3333333333333333,0.75,math,InternVL|Pixtral|Qwen3.5,1
mmstar,IPQ,111,MiC,Qwen3.5,0.0,0.5,coarse perception,InternVL|Pixtral|Qwen3.5,1
mmstar,IPQ,1133,CC,Qwen3.5,0.0,0.08333333333333333,math,InternVL|Pixtral|Qwen3.5,1
mmstar,IPQ,1134,CC,Qwen3.5,0.0,0.5,math,InternVL|Pixtral|Qwen3.5,1
mmstar,IPQ,1148,MiC,Qwen3.5,1.0,0.75,math,InternVL|Pixtral|Qwen3.5,1
mmstar,IPQ,1152,CC,Qwen3.5,1.0,0.5,math,InternVL|Pixtral|Qwen3.5,1
mmstar,IPQ,1157,CC,Qwen3.5,0.0,0.5833333333333334,math,InternVL|Pixtral|Qwen3.5,1
mmstar,IPQ,1172,MiC,Qwen3.5,0.0,0.5,math,InternVL|Pixtral|Qwen3.5,1
mmstar,IPQ,1177,MiC,InternVL,0.0,0.5,math,InternVL|Pixtral|Qwen3.5,2
mmstar,IPQ,119,MiC,InternVL,0.0,0.8333333333333333,coarse perception,InternVL|Pixtral|Qwen3.5,2
mmstar,IPQ,1220,MiC,Qwen3.5,0.0,0.5833333333333334,math,InternVL|Pixtral|Qwen3.5,1
mmstar,IPQ,1223,CC,Qwen3.5,1.0,0.6666666666666666,math,InternVL|Pixtral|Qwen3.5,1
mmstar,IPQ,1234,CC,Qwen3.5,1.0,0.5833333333333334,math,InternVL|Pixtral|Qwen3.5,1
mmstar,IPQ,1240,CC,InternVL,1.0,0.5833333333333334,math,InternVL|Pixtral|Qwen3.5,2
mmstar,IPQ,1243,CC,Qwen3.5,1.0,0.6666666666666666,math,InternVL|Pixtral|Qwen3.5,1
mmstar,IPQ,1250,CC,InternVL,0.0,0.0,science & technology,InternVL|Pixtral|Qwen3.5,2
mmstar,IPQ,1252,MiC,Qwen3.5,0.0,0.3333333333333333,science & technology,InternVL|Pixtral|Qwen3.5,1
mmstar,IPQ,1259,CC,Qwen3.5,1.0,0.5,science & technology,InternVL|Pixtral|Qwen3.5,1
mmstar,IPQ,1261,CC,Pixtral,0.0,0.08333333333333333,science & technology,InternVL|Pixtral|Qwen3.5,3
mmstar,IPQ,1264,CC,Qwen3.5,0.0,0.08333333333333333,science & technology,InternVL|Pixtral|Qwen3.5,1
mmstar,IPQ,1266,MiC,Qwen3.5,1.0,0.08333333333333333,science & technology,InternVL|Pixtral|Qwen3.5,1
mmstar,IPQ,1267,MiC,Qwen3.5,1.0,0.08333333333333333,science & technology,InternVL|Pixtral|Qwen3.5,1
mmstar,IPQ,1273,CC,InternVL,0.3333333333333333,0.16666666666666666,science & technology,InternVL|Pixtral|Qwen3.5,2
mmstar,IPQ,1275,MiC,Pixtral,0.0,0.6666666666666666,science & technology,InternVL|Pixtral|Qwen3.5,3
mmstar,IPQ,1276,CC,Qwen3.5,0.0,0.6666666666666666,science & technology,InternVL|Pixtral|Qwen3.5,1
mmstar,IPQ,1280,MiC,Pixtral,0.0,0.3333333333333333,science & technology,InternVL|Pixtral|Qwen3.5,3
mmstar,IPQ,1282,CC,Qwen3.5,1.0,0.9166666666666667,science & technology,InternVL|Pixtral|Qwen3.5,1
mmstar,IPQ,1287,MiC,Qwen3.5,1.0,0.5,science & technology,InternVL|Pixtral|Qwen3.5,1
mmstar,IPQ,1290,CC,Qwen3.5,0.0,0.08333333333333333,science & technology,InternVL|Pixtral|Qwen3.5,1
mmstar,IPQ,1295,CC,Pixtral,1.0,0.5833333333333334,science & technology,InternVL|Pixtral|Qwen3.5,3
mmstar,IPQ,1296,MiC,Qwen3.5,0.0,0.5,science & technology,InternVL|Pixtral|Qwen3.5,1
mmstar,IPQ,1297,CC,Qwen3.5,1.0,0.6666666666666666,science & technology,InternVL|Pixtral|Qwen3.5,1
mmstar,IPQ,1298,CC,Qwen3.5,0.3333333333333333,0.25,science & technology,InternVL|Pixtral|Qwen3.5,1
mmstar,IPQ,1299,CC,Qwen3.5,1.0,0.5,science & technology,InternVL|Pixtral|Qwen3.5,1
mmstar,IPQ,1300,CC,Qwen3.5,0.3333333333333333,0.5833333333333334,science & technology,InternVL|Pixtral|Qwen3.5,1
mmstar,IPQ,1305,CC,Qwen3.5,0.0,0.41666666666666663,science & technology,InternVL|Pixtral|Qwen3.5,1
mmstar,IPQ,1306,MiC,Qwen3.5,1.0,0.5833333333333334,science & technology,InternVL|Pixtral|Qwen3.5,1
mmstar,IPQ,1308,CC,InternVL,0.0,0.5,science & technology,InternVL|Pixtral|Qwen3.5,2
mmstar,IPQ,1310,CC,Pixtral,0.0,0.3333333333333333,science & technology,InternVL|Pixtral|Qwen3.5,3
mmstar,IPQ,1313,CC,Qwen3.5,1.0,0.6666666666666666,science & technology,InternVL|Pixtral|Qwen3.5,1
mmstar,IPQ,1317,CC,Qwen3.5,0.3333333333333333,0.5833333333333334,science & technology,InternVL|Pixtral|Qwen3.5,1
mmstar,IPQ,1318,MiC,InternVL,0.0,0.0,science & technology,InternVL|Pixtral|Qwen3.5,2
mmstar,IPQ,1321,MiC,Pixtral,0.0,0.16666666666666666,science & technology,InternVL|Pixtral|Qwen3.5,3
mmstar,IPQ,1326,MiC,InternVL,0.0,0.3333333333333333,science & technology,InternVL|Pixtral|Qwen3.5,2
mmstar,IPQ,1327,CC,Qwen3.5,1.0,0.16666666666666666,science & technology,InternVL|Pixtral|Qwen3.5,1
mmstar,IPQ,133,CC,InternVL,0.0,0.0,coarse perception,InternVL|Pixtral|Qwen3.5,2
mmstar,IPQ,1336,CC,Qwen3.5,1.0,0.5,science & technology,InternVL|Pixtral|Qwen3.5,1
mmstar,IPQ,1340,MiC,InternVL,0.0,0.6666666666666666,science & technology,InternVL|Pixtral|Qwen3.5,2
mmstar,IPQ,1341,MiC,Qwen3.5,1.0,0.0,science & technology,InternVL|Pixtral|Qwen3.5,1
mmstar,IPQ,1342,MiC,Qwen3.5,1.0,0.6666666666666666,science & technology,InternVL|Pixtral|Qwen3.5,1
mmstar,IPQ,1343,MiC,Qwen3.5,0.0,0.0,science & technology,InternVL|Pixtral|Qwen3.5,1
mmstar,IPQ,1344,CC,Pixtral,0.3333333333333333,0.08333333333333333,science & technology,InternVL|Pixtral|Qwen3.5,3
mmstar,IPQ,1347,CC,InternVL,0.0,0.16666666666666666,science & technology,InternVL|Pixtral|Qwen3.5,2
mmstar,IPQ,1348,MiC,Qwen3.5,1.0,0.8333333333333333,science & technology,InternVL|Pixtral|Qwen3.5,1
mmstar,IPQ,1354,MiC,Qwen3.5,1.0,0.5833333333333334,science & technology,InternVL|Pixtral|Qwen3.5,1
mmstar,IPQ,1361,MiC,Qwen3.5,1.0,0.3333333333333333,science & technology,InternVL|Pixtral|Qwen3.5,1
mmstar,IPQ,1363,CC,Pixtral,1.0,0.41666666666666663,science & technology,InternVL|Pixtral|Qwen3.5,3
mmstar,IPQ,1371,MiC,Qwen3.5,1.0,0.5,science & technology,InternVL|Pixtral|Qwen3.5,1
mmstar,IPQ,1373,MiC,Qwen3.5,1.0,0.5833333333333334,science & technology,InternVL|Pixtral|Qwen3.5,1
mmstar,IPQ,1375,CC,Qwen3.5,0.3333333333333333,0.0,science & technology,InternVL|Pixtral|Qwen3.5,1
mmstar,IPQ,1381,MiC,Qwen3.5,0.0,0.5,science & technology,InternVL|Pixtral|Qwen3.5,1
mmstar,IPQ,1391,CC,Qwen3.5,0.0,0.5,science & technology,InternVL|Pixtral|Qwen3.5,1
mmstar,IPQ,1400,MiC,Pixtral,0.0,0.5,science & technology,InternVL|Pixtral|Qwen3.5,3
mmstar,IPQ,1404,CC,Qwen3.5,1.0,0.5,science & technology,InternVL|Pixtral|Qwen3.5,1
mmstar,IPQ,1406,CC,Qwen3.5,0.3333333333333333,0.4166666666666667,science & technology,InternVL|Pixtral|Qwen3.5,1
mmstar,IPQ,1407,MiC,Pixtral,1.0,0.5833333333333334,science & technology,InternVL|Pixtral|Qwen3.5,3
mmstar,IPQ,1408,CC,Qwen3.5,0.0,0.0,science & technology,InternVL|Pixtral|Qwen3.5,1
mmstar,IPQ,1409,MiC,Qwen3.5,0.0,0.3333333333333333,science & technology,InternVL|Pixtral|Qwen3.5,1
mmstar,IPQ,1413,CC,Qwen3.5,1.0,0.4166666666666667,science & technology,InternVL|Pixtral|Qwen3.5,1
mmstar,IPQ,1415,MiC,Qwen3.5,1.0,0.5,science & technology,InternVL|Pixtral|Qwen3.5,1
mmstar,IPQ,1419,CC,Pixtral,1.0,0.0,science & technology,InternVL|Pixtral|Qwen3.5,3
mmstar,IPQ,142,MiC,Pixtral,0.0,0.0,coarse perception,InternVL|Pixtral|Qwen3.5,3
mmstar,IPQ,1420,MiC,Qwen3.5,0.0,0.5833333333333334,science & technology,InternVL|Pixtral|Qwen3.5,1
mmstar,IPQ,1427,CC,InternVL,1.0,0.0,science & technology,InternVL|Pixtral|Qwen3.5,2
mmstar,IPQ,1434,MiC,Pixtral,0.0,0.3333333333333333,science & technology,InternVL|Pixtral|Qwen3.5,3
mmstar,IPQ,144,CC,Qwen3.5,0.3333333333333333,0.41666666666666663,coarse perception,InternVL|Pixtral|Qwen3.5,1
mmstar,IPQ,1444,MiC,Qwen3.5,1.0,0.5,science & technology,InternVL|Pixtral|Qwen3.5,1
mmstar,IPQ,1453,MiC,Qwen3.5,0.0,0.5,science & technology,InternVL|Pixtral|Qwen3.5,1
mmstar,IPQ,1457,CC,InternVL,0.0,0.16666666666666666,science & technology,InternVL|Pixtral|Qwen3.5,2
mmstar,IPQ,146,CC,InternVL,0.0,0.0,coarse perception,InternVL|Pixtral|Qwen3.5,2
mmstar,IPQ,1465,CC,Pixtral,1.0,0.16666666666666666,science & technology,InternVL|Pixtral|Qwen3.5,3
mmstar,IPQ,1472,MiC,Pixtral,0.0,0.5833333333333333,science & technology,InternVL|Pixtral|Qwen3.5,3
mmstar,IPQ,1476,CC,Pixtral,1.0,0.5833333333333334,science & technology,InternVL|Pixtral|Qwen3.5,3
mmstar,IPQ,1481,CC,Qwen3.5,0.0,0.4166666666666667,science & technology,InternVL|Pixtral|Qwen3.5,1
mmstar,IPQ,1483,MiC,Qwen3.5,0.0,0.5,science & technology,InternVL|Pixtral|Qwen3.5,1
mmstar,IPQ,1484,MiC,InternVL,0.0,0.6666666666666666,science & technology,InternVL|Pixtral|Qwen3.5,2
mmstar,IPQ,1486,CC,InternVL,0.0,0.3333333333333333,science & technology,InternVL|Pixtral|Qwen3.5,2
mmstar,IPQ,1487,CC,Qwen3.5,0.0,0.5,science & technology,InternVL|Pixtral|Qwen3.5,1
mmstar,IPQ,1495,CC,Pixtral,1.0,0.25,science & technology,InternVL|Pixtral|Qwen3.5,3
mmstar,IPQ,150,MiC,Pixtral,0.0,0.8333333333333333,coarse perception,InternVL|Pixtral|Qwen3.5,3
mmstar,IPQ,155,MiC,InternVL,0.0,1.0,coarse perception,InternVL|Pixtral|Qwen3.5,2
mmstar,IPQ,164,MiC,Qwen3.5,0.0,1.0,coarse perception,InternVL|Pixtral|Qwen3.5,1
mmstar,IPQ,23,MiC,Qwen3.5,0.0,0.3333333333333333,coarse perception,InternVL|Pixtral|Qwen3.5,1
mmstar,IPQ,254,CC,Pixtral,0.0,0.16666666666666666,fine-grained perception,InternVL|Pixtral|Qwen3.5,3
mmstar,IPQ,255,CC,Qwen3.5,0.3333333333333333,0.0,fine-grained perception,InternVL|Pixtral|Qwen3.5,1
mmstar,IPQ,279,MiC,Qwen3.5,1.0,0.41666666666666663,fine-grained perception,InternVL|Pixtral|Qwen3.5,1
mmstar,IPQ,283,MiC,Qwen3.5,1.0,0.4166666666666667,fine-grained perception,InternVL|Pixtral|Qwen3.5,1
mmstar,IPQ,284,MiC,InternVL,0.0,0.0,fine-grained perception,InternVL|Pixtral|Qwen3.5,2
mmstar,IPQ,287,MiC,Qwen3.5,1.0,0.3333333333333333,fine-grained perception,InternVL|Pixtral|Qwen3.5,1
mmstar,IPQ,293,MiC,InternVL,0.0,0.0,fine-grained perception,InternVL|Pixtral|Qwen3.5,2
mmstar,IPQ,305,MiC,Pixtral,0.0,0.0,fine-grained perception,InternVL|Pixtral|Qwen3.5,3
mmstar,IPQ,306,CC,Pixtral,0.0,0.75,fine-grained perception,InternVL|Pixtral|Qwen3.5,3
mmstar,IPQ,307,CC,Qwen3.5,0.0,0.5,fine-grained perception,InternVL|Pixtral|Qwen3.5,1
mmstar,IPQ,309,MiC,InternVL,0.0,0.0,fine-grained perception,InternVL|Pixtral|Qwen3.5,2
mmstar,IPQ,310,CC,Qwen3.5,1.0,0.6666666666666666,fine-grained perception,InternVL|Pixtral|Qwen3.5,1
mmstar,IPQ,311,MiC,Qwen3.5,0.0,0.0,fine-grained perception,InternVL|Pixtral|Qwen3.5,1
mmstar,IPQ,313,MiC,Qwen3.5,0.0,0.5,fine-grained perception,InternVL|Pixtral|Qwen3.5,1
mmstar,IPQ,32,CC,Pixtral,0.0,0.0,coarse perception,InternVL|Pixtral|Qwen3.5,3
mmstar,IPQ,333,MiC,Qwen3.5,0.0,0.5,fine-grained perception,InternVL|Pixtral|Qwen3.5,1
mmstar,IPQ,337,MiC,Qwen3.5,0.0,0.9166666666666667,fine-grained perception,InternVL|Pixtral|Qwen3.5,1
mmstar,IPQ,339,CC,InternVL,0.0,0.5,fine-grained perception,InternVL|Pixtral|Qwen3.5,2
mmstar,IPQ,34,MiC,InternVL,0.0,0.6666666666666666,coarse perception,InternVL|Pixtral|Qwen3.5,2
mmstar,IPQ,343,MiC,Qwen3.5,1.0,0.3333333333333333,fine-grained perception,InternVL|Pixtral|Qwen3.5,1
mmstar,IPQ,347,MiC,Qwen3.5,0.0,0.5833333333333334,fine-grained perception,InternVL|Pixtral|Qwen3.5,1
mmstar,IPQ,353,CC,Qwen3.5,0.3333333333333333,0.08333333333333333,fine-grained perception,InternVL|Pixtral|Qwen3.5,1
mmstar,IPQ,354,MiC,Pixtral,0.0,0.0,fine-grained perception,InternVL|Pixtral|Qwen3.5,3
mmstar,IPQ,355,MiC,InternVL,0.0,0.0,fine-grained perception,InternVL|Pixtral|Qwen3.5,2
mmstar,IPQ,356,MiC,InternVL,1.0,0.4166666666666667,fine-grained perception,InternVL|Pixtral|Qwen3.5,2
mmstar,IPQ,371,MiC,Qwen3.5,1.0,1.0,fine-grained perception,InternVL|Pixtral|Qwen3.5,1
mmstar,IPQ,379,MiC,InternVL,0.0,0.0,fine-grained perception,InternVL|Pixtral|Qwen3.5,2
mmstar,IPQ,38,CC,InternVL,0.0,0.5833333333333333,coarse perception,InternVL|Pixtral|Qwen3.5,2
mmstar,IPQ,385,MiC,InternVL,0.0,0.08333333333333333,fine-grained perception,InternVL|Pixtral|Qwen3.5,2
mmstar,IPQ,387,MiC,Qwen3.5,1.0,0.4166666666666667,fine-grained perception,InternVL|Pixtral|Qwen3.5,1
mmstar,IPQ,398,CC,InternVL,0.0,0.75,fine-grained perception,InternVL|Pixtral|Qwen3.5,2
mmstar,IPQ,41,CC,Pixtral,0.3333333333333333,1.0,coarse perception,InternVL|Pixtral|Qwen3.5,3
mmstar,IPQ,417,MiC,InternVL,0.0,0.75,fine-grained perception,InternVL|Pixtral|Qwen3.5,2
mmstar,IPQ,419,MiC,Pixtral,0.0,0.5,fine-grained perception,InternVL|Pixtral|Qwen3.5,3
mmstar,IPQ,423,MiC,InternVL,0.0,0.25,fine-grained perception,InternVL|Pixtral|Qwen3.5,2
mmstar,IPQ,432,MiC,InternVL,0.0,0.0,fine-grained perception,InternVL|Pixtral|Qwen3.5,2
mmstar,IPQ,434,MiC,Pixtral,0.0,0.16666666666666666,fine-grained perception,InternVL|Pixtral|Qwen3.5,3
mmstar,IPQ,435,CC,InternVL,1.0,0.5,fine-grained perception,InternVL|Pixtral|Qwen3.5,2
mmstar,IPQ,436,MiC,Pixtral,0.0,0.0,fine-grained perception,InternVL|Pixtral|Qwen3.5,3
mmstar,IPQ,438,MiC,InternVL,0.0,0.16666666666666666,fine-grained perception,InternVL|Pixtral|Qwen3.5,2
mmstar,IPQ,447,MiC,Qwen3.5,0.3333333333333333,0.25,fine-grained perception,InternVL|Pixtral|Qwen3.5,1
mmstar,IPQ,448,CC,Qwen3.5,1.0,0.5,fine-grained perception,InternVL|Pixtral|Qwen3.5,1
mmstar,IPQ,449,CC,Qwen3.5,0.0,0.8333333333333333,fine-grained perception,InternVL|Pixtral|Qwen3.5,1
mmstar,IPQ,45,MiC,Pixtral,0.0,0.0,coarse perception,InternVL|Pixtral|Qwen3.5,3
mmstar,IPQ,450,CC,Qwen3.5,1.0,0.08333333333333333,fine-grained perception,InternVL|Pixtral|Qwen3.5,1
mmstar,IPQ,451,MiC,Pixtral,0.0,0.16666666666666666,fine-grained perception,InternVL|Pixtral|Qwen3.5,3
mmstar,IPQ,462,MiC,Qwen3.5,1.0,0.5,fine-grained perception,InternVL|Pixtral|Qwen3.5,1
mmstar,IPQ,463,CC,InternVL,1.0,0.08333333333333333,fine-grained perception,InternVL|Pixtral|Qwen3.5,2
mmstar,IPQ,467,CC,Pixtral,0.0,0.0,fine-grained perception,InternVL|Pixtral|Qwen3.5,3
mmstar,IPQ,468,CC,InternVL,0.3333333333333333,0.9166666666666667,fine-grained perception,InternVL|Pixtral|Qwen3.5,2
mmstar,IPQ,469,CC,Qwen3.5,1.0,0.9166666666666667,fine-grained perception,InternVL|Pixtral|Qwen3.5,1
mmstar,IPQ,475,MiC,Pixtral,0.0,0.16666666666666666,fine-grained perception,InternVL|Pixtral|Qwen3.5,3
mmstar,IPQ,483,MiC,InternVL,0.0,0.0,fine-grained perception,InternVL|Pixtral|Qwen3.5,2
mmstar,IPQ,486,CC,Qwen3.5,1.0,0.9166666666666667,fine-grained perception,InternVL|Pixtral|Qwen3.5,1
mmstar,IPQ,494,MiC,Pixtral,0.0,0.0,fine-grained perception,InternVL|Pixtral|Qwen3.5,3
mmstar,IPQ,497,CC,Qwen3.5,1.0,0.08333333333333333,fine-grained perception,InternVL|Pixtral|Qwen3.5,1
mmstar,IPQ,507,CC,Qwen3.5,1.0,0.5833333333333334,instance reasoning,InternVL|Pixtral|Qwen3.5,1
mmstar,IPQ,508,MiC,Qwen3.5,0.0,0.08333333333333333,instance reasoning,InternVL|Pixtral|Qwen3.5,1
mmstar,IPQ,510,MiC,Pixtral,0.0,0.0,instance reasoning,InternVL|Pixtral|Qwen3.5,3
mmstar,IPQ,514,MiC,InternVL,0.0,0.5,instance reasoning,InternVL|Pixtral|Qwen3.5,2
mmstar,IPQ,517,MiC,Qwen3.5,1.0,0.5,instance reasoning,InternVL|Pixtral|Qwen3.5,1
mmstar,IPQ,519,MiC,InternVL,0.0,0.08333333333333333,instance reasoning,InternVL|Pixtral|Qwen3.5,2
mmstar,IPQ,524,CC,Pixtral,0.0,0.0,instance reasoning,InternVL|Pixtral|Qwen3.5,3
mmstar,IPQ,527,CC,Qwen3.5,1.0,0.5,instance reasoning,InternVL|Pixtral|Qwen3.5,1
mmstar,IPQ,529,CC,InternVL,1.0,0.25,instance reasoning,InternVL|Pixtral|Qwen3.5,2
mmstar,IPQ,530,CC,Pixtral,0.0,0.3333333333333333,instance reasoning,InternVL|Pixtral|Qwen3.5,3
mmstar,IPQ,536,MiC,Qwen3.5,1.0,0.25,instance reasoning,InternVL|Pixtral|Qwen3.5,1
mmstar,IPQ,539,MiC,InternVL,0.0,0.5833333333333334,instance reasoning,InternVL|Pixtral|Qwen3.5,2
mmstar,IPQ,547,MiC,Qwen3.5,0.0,0.4166666666666667,instance reasoning,InternVL|Pixtral|Qwen3.5,1
mmstar,IPQ,551,CC,Qwen3.5,0.0,0.6666666666666666,instance reasoning,InternVL|Pixtral|Qwen3.5,1
mmstar,IPQ,554,CC,Qwen3.5,0.0,0.0,instance reasoning,InternVL|Pixtral|Qwen3.5,1
mmstar,IPQ,555,CC,Pixtral,1.0,0.5833333333333334,instance reasoning,InternVL|Pixtral|Qwen3.5,3
mmstar,IPQ,557,MiC,Qwen3.5,0.0,0.6666666666666666,instance reasoning,InternVL|Pixtral|Qwen3.5,1
mmstar,IPQ,573,MiC,InternVL,0.0,0.08333333333333333,instance reasoning,InternVL|Pixtral|Qwen3.5,2
mmstar,IPQ,58,MiC,InternVL,0.0,0.4166666666666667,coarse perception,InternVL|Pixtral|Qwen3.5,2
mmstar,IPQ,595,MiC,Qwen3.5,1.0,0.16666666666666666,instance reasoning,InternVL|Pixtral|Qwen3.5,1
mmstar,IPQ,597,MiC,Pixtral,0.0,0.8333333333333334,instance reasoning,InternVL|Pixtral|Qwen3.5,3
mmstar,IPQ,599,MiC,InternVL,0.0,0.16666666666666666,instance reasoning,InternVL|Pixtral|Qwen3.5,2
mmstar,IPQ,61,MiC,Pixtral,0.0,0.25,coarse perception,InternVL|Pixtral|Qwen3.5,3
mmstar,IPQ,614,CC,Pixtral,0.0,0.9166666666666667,instance reasoning,InternVL|Pixtral|Qwen3.5,3
mmstar,IPQ,617,MiC,Qwen3.5,0.0,0.5,instance reasoning,InternVL|Pixtral|Qwen3.5,1
mmstar,IPQ,63,CC,InternVL,0.0,1.0,coarse perception,InternVL|Pixtral|Qwen3.5,2
mmstar,IPQ,64,MiC,Qwen3.5,1.0,0.16666666666666666,coarse perception,InternVL|Pixtral|Qwen3.5,1
mmstar,IPQ,660,CC,Pixtral,1.0,0.8333333333333333,instance reasoning,InternVL|Pixtral|Qwen3.5,3
mmstar,IPQ,669,MiC,Qwen3.5,0.0,0.16666666666666666,instance reasoning,InternVL|Pixtral|Qwen3.5,1
mmstar,IPQ,674,MiC,Pixtral,0.0,0.6666666666666667,instance reasoning,InternVL|Pixtral|Qwen3.5,3
mmstar,IPQ,68,CC,InternVL,0.0,0.4166666666666667,coarse perception,InternVL|Pixtral|Qwen3.5,2
mmstar,IPQ,682,MiC,InternVL,0.0,0.5833333333333334,instance reasoning,InternVL|Pixtral|Qwen3.5,2
mmstar,IPQ,686,MiC,Qwen3.5,0.0,0.08333333333333333,instance reasoning,InternVL|Pixtral|Qwen3.5,1
mmstar,IPQ,75,MiC,Pixtral,0.0,1.0,coarse perception,InternVL|Pixtral|Qwen3.5,3
mmstar,IPQ,751,MiC,Qwen3.5,1.0,0.16666666666666666,logical reasoning,InternVL|Pixtral|Qwen3.5,1
mmstar,IPQ,754,MiC,InternVL,0.0,0.0,logical reasoning,InternVL|Pixtral|Qwen3.5,2
mmstar,IPQ,755,MiC,Qwen3.5,0.0,0.08333333333333333,logical reasoning,InternVL|Pixtral|Qwen3.5,1
mmstar,IPQ,757,MiC,Pixtral,0.0,0.16666666666666666,logical reasoning,InternVL|Pixtral|Qwen3.5,3
mmstar,IPQ,76,MiC,Qwen3.5,0.0,0.4166666666666667,coarse perception,InternVL|Pixtral|Qwen3.5,1
mmstar,IPQ,766,CC,Qwen3.5,0.3333333333333333,0.5,logical reasoning,InternVL|Pixtral|Qwen3.5,1
mmstar,IPQ,767,CC,Qwen3.5,0.3333333333333333,0.0,logical reasoning,InternVL|Pixtral|Qwen3.5,1
mmstar,IPQ,773,CC,Qwen3.5,1.0,0.5,logical reasoning,InternVL|Pixtral|Qwen3.5,1
mmstar,IPQ,79,CC,Qwen3.5,1.0,0.8333333333333333,coarse perception,InternVL|Pixtral|Qwen3.5,1
mmstar,IPQ,834,MiC,Pixtral,0.0,0.9166666666666667,logical reasoning,InternVL|Pixtral|Qwen3.5,3
mmstar,IPQ,835,MiC,Qwen3.5,0.0,0.3333333333333333,logical reasoning,InternVL|Pixtral|Qwen3.5,1
mmstar,IPQ,852,MiC,Pixtral,0.0,0.8333333333333334,logical reasoning,InternVL|Pixtral|Qwen3.5,3
mmstar,IPQ,857,CC,Qwen3.5,0.0,0.5,logical reasoning,InternVL|Pixtral|Qwen3.5,1
mmstar,IPQ,858,MiC,Qwen3.5,1.0,0.9166666666666667,logical reasoning,InternVL|Pixtral|Qwen3.5,1
mmstar,IPQ,862,CC,InternVL,1.0,0.9166666666666667,logical reasoning,InternVL|Pixtral|Qwen3.5,2
mmstar,IPQ,866,MiC,Qwen3.5,1.0,0.6666666666666666,logical reasoning,InternVL|Pixtral|Qwen3.5,1
mmstar,IPQ,883,MiC,Qwen3.5,1.0,0.5,logical reasoning,InternVL|Pixtral|Qwen3.5,1
mmstar,IPQ,885,MiC,InternVL,0.0,0.3333333333333333,logical reasoning,InternVL|Pixtral|Qwen3.5,2
mmstar,IPQ,894,CC,Pixtral,0.3333333333333333,0.08333333333333333,logical reasoning,InternVL|Pixtral|Qwen3.5,3
mmstar,IPQ,896,CC,InternVL,0.0,0.5,logical reasoning,InternVL|Pixtral|Qwen3.5,2
mmstar,IPQ,9,CC,Pixtral,0.0,0.0,coarse perception,InternVL|Pixtral|Qwen3.5,3
mmstar,IPQ,915,CC,Qwen3.5,1.0,0.8333333333333333,logical reasoning,InternVL|Pixtral|Qwen3.5,1
mmstar,IPQ,916,MiC,InternVL,0.0,0.3333333333333333,logical reasoning,InternVL|Pixtral|Qwen3.5,2
mmstar,IPQ,926,MiC,Pixtral,1.0,0.25,logical reasoning,InternVL|Pixtral|Qwen3.5,3
mmstar,IPQ,933,MiC,Qwen3.5,0.0,0.0,logical reasoning,InternVL|Pixtral|Qwen3.5,1
mmstar,IPQ,937,MiC,Pixtral,1.0,0.0,logical reasoning,InternVL|Pixtral|Qwen3.5,3
mmstar,IPQ,938,CC,Qwen3.5,0.0,0.5,logical reasoning,InternVL|Pixtral|Qwen3.5,1
mmstar,IPQ,94,CC,Qwen3.5,0.3333333333333333,0.9166666666666667,coarse perception,InternVL|Pixtral|Qwen3.5,1
mmstar,IPQ,941,MiC,Qwen3.5,1.0,0.16666666666666666,logical reasoning,InternVL|Pixtral|Qwen3.5,1
mmstar,IPQ,942,CC,InternVL,0.0,0.5833333333333334,logical reasoning,InternVL|Pixtral|Qwen3.5,2
mmstar,IPQ,951,CC,InternVL,0.0,0.6666666666666666,logical reasoning,InternVL|Pixtral|Qwen3.5,2
mmstar,IPQ,955,CC,Pixtral,0.3333333333333333,0.5833333333333334,logical reasoning,InternVL|Pixtral|Qwen3.5,3
mmstar,IPQ,958,MiC,InternVL,0.0,0.5,logical reasoning,InternVL|Pixtral|Qwen3.5,2
mmstar,IPQ,959,CC,InternVL,0.0,0.5,logical reasoning,InternVL|Pixtral|Qwen3.5,2
mmstar,IPQ,96,MiC,Pixtral,0.0,0.0,coarse perception,InternVL|Pixtral|Qwen3.5,3
mmstar,IPQ,966,CC,InternVL,0.0,0.5,logical reasoning,InternVL|Pixtral|Qwen3.5,2
mmstar,IPQ,969,MiC,Qwen3.5,0.0,0.08333333333333333,logical reasoning,InternVL|Pixtral|Qwen3.5,1
mmstar,IPQ,98,CC,Qwen3.5,0.0,0.4166666666666667,coarse perception,InternVL|Pixtral|Qwen3.5,1
mmstar,IPQ,984,MiC,Qwen3.5,0.0,0.25,logical reasoning,InternVL|Pixtral|Qwen3.5,1
mmstar,IPQ,99,CC,Pixtral,1.0,0.41666666666666663,coarse perception,InternVL|Pixtral|Qwen3.5,3
mmstar,LPQ,1005,CC,Qwen3.5,0.0,0.6666666666666666,math,Llama-3.2|Pixtral|Qwen3.5,1
mmstar,LPQ,1006,CC,Qwen3.5,0.3333333333333333,0.5,math,Llama-3.2|Pixtral|Qwen3.5,1
mmstar,LPQ,1009,MiC,Qwen3.5,1.0,0.5,math,Llama-3.2|Pixtral|Qwen3.5,1
mmstar,LPQ,1010,MiC,Qwen3.5,0.0,0.8333333333333333,math,Llama-3.2|Pixtral|Qwen3.5,1
mmstar,LPQ,1011,MiC,Qwen3.5,0.0,1.0,math,Llama-3.2|Pixtral|Qwen3.5,1
mmstar,LPQ,1012,CC,Qwen3.5,1.0,0.25,math,Llama-3.2|Pixtral|Qwen3.5,1
mmstar,LPQ,1013,CC,Qwen3.5,1.0,0.75,math,Llama-3.2|Pixtral|Qwen3.5,1
mmstar,LPQ,1014,MiC,Qwen3.5,0.0,1.0,math,Llama-3.2|Pixtral|Qwen3.5,1
mmstar,LPQ,1015,MiC,Qwen3.5,1.0,1.0,math,Llama-3.2|Pixtral|Qwen3.5,1
mmstar,LPQ,103,CC,Llama-3.2,0.0,0.0,coarse perception,Llama-3.2|Pixtral|Qwen3.5,3
mmstar,LPQ,1033,MiC,Qwen3.5,0.0,0.5,math,Llama-3.2|Pixtral|Qwen3.5,1
mmstar,LPQ,1046,MiC,Qwen3.5,0.0,0.8333333333333333,math,Llama-3.2|Pixtral|Qwen3.5,1
mmstar,LPQ,1049,MiC,Qwen3.5,1.0,1.0,math,Llama-3.2|Pixtral|Qwen3.5,1
mmstar,LPQ,105,MiC,Qwen3.5,0.0,0.0,coarse perception,Llama-3.2|Pixtral|Qwen3.5,1
mmstar,LPQ,1057,CC,Qwen3.5,1.0,0.5833333333333334,math,Llama-3.2|Pixtral|Qwen3.5,1
mmstar,LPQ,1059,CC,Qwen3.5,0.0,0.75,math,Llama-3.2|Pixtral|Qwen3.5,1
mmstar,LPQ,1069,CC,Qwen3.5,1.0,1.0,math,Llama-3.2|Pixtral|Qwen3.5,1
mmstar,LPQ,1073,CC,Llama-3.2,0.0,0.4166666666666667,math,Llama-3.2|Pixtral|Qwen3.5,3
mmstar,LPQ,1077,CC,Pixtral,1.0,1.0,math,Llama-3.2|Pixtral|Qwen3.5,2
mmstar,LPQ,108,CC,Qwen3.5,0.0,0.75,coarse perception,Llama-3.2|Pixtral|Qwen3.5,1
mmstar,LPQ,1081,CC,Qwen3.5,1.0,0.5,math,Llama-3.2|Pixtral|Qwen3.5,1
mmstar,LPQ,1089,MiC,Qwen3.5,1.0,0.5,math,Llama-3.2|Pixtral|Qwen3.5,1
mmstar,LPQ,1092,MiC,Pixtral,1.0,1.0,math,Llama-3.2|Pixtral|Qwen3.5,2
mmstar,LPQ,1104,MiC,Qwen3.5,0.0,1.0,math,Llama-3.2|Pixtral|Qwen3.5,1
mmstar,LPQ,1108,CC,Qwen3.5,1.0,0.9166666666666667,math,Llama-3.2|Pixtral|Qwen3.5,1
mmstar,LPQ,111,MiC,Qwen3.5,0.0,0.5,coarse perception,Llama-3.2|Pixtral|Qwen3.5,1
mmstar,LPQ,1114,MiC,Qwen3.5,1.0,1.0,math,Llama-3.2|Pixtral|Qwen3.5,1
mmstar,LPQ,1118,CC,Qwen3.5,0.3333333333333333,1.0,math,Llama-3.2|Pixtral|Qwen3.5,1
mmstar,LPQ,1122,CC,Qwen3.5,1.0,0.75,math,Llama-3.2|Pixtral|Qwen3.5,1
mmstar,LPQ,113,CC,Llama-3.2,0.0,0.5,coarse perception,Llama-3.2|Pixtral|Qwen3.5,3
mmstar,LPQ,1134,CC,Qwen3.5,0.0,0.5,math,Llama-3.2|Pixtral|Qwen3.5,1
mmstar,LPQ,1146,MiC,Qwen3.5,1.0,1.0,math,Llama-3.2|Pixtral|Qwen3.5,1
mmstar,LPQ,1148,MiC,Qwen3.5,0.0,0.5,math,Llama-3.2|Pixtral|Qwen3.5,1
mmstar,LPQ,1149,MiC,Qwen3.5,1.0,1.0,math,Llama-3.2|Pixtral|Qwen3.5,1
mmstar,LPQ,1152,CC,Qwen3.5,1.0,0.8333333333333333,math,Llama-3.2|Pixtral|Qwen3.5,1
mmstar,LPQ,1157,MiC,Qwen3.5,1.0,0.5,math,Llama-3.2|Pixtral|Qwen3.5,1
mmstar,LPQ,1164,MiC,Qwen3.5,0.0,0.8333333333333334,math,Llama-3.2|Pixtral|Qwen3.5,1
mmstar,LPQ,1165,CC,Qwen3.5,1.0,0.5,math,Llama-3.2|Pixtral|Qwen3.5,1
mmstar,LPQ,1172,MiC,Qwen3.5,0.0,0.9166666666666667,math,Llama-3.2|Pixtral|Qwen3.5,1
mmstar,LPQ,1177,CC,Llama-3.2,0.0,0.41666666666666663,math,Llama-3.2|Pixtral|Qwen3.5,3
mmstar,LPQ,1189,MiC,Llama-3.2,0.0,0.5,math,Llama-3.2|Pixtral|Qwen3.5,3
mmstar,LPQ,119,MiC,Qwen3.5,1.0,1.0,coarse perception,Llama-3.2|Pixtral|Qwen3.5,1
mmstar,LPQ,12,MiC,Llama-3.2,0.0,0.0,coarse perception,Llama-3.2|Pixtral|Qwen3.5,3
mmstar,LPQ,1205,MiC,Pixtral,0.0,0.3333333333333333,math,Llama-3.2|Pixtral|Qwen3.5,2
mmstar,LPQ,1214,MiC,Qwen3.5,1.0,1.0,math,Llama-3.2|Pixtral|Qwen3.5,1
mmstar,LPQ,1216,CC,Qwen3.5,1.0,1.0,math,Llama-3.2|Pixtral|Qwen3.5,1
mmstar,LPQ,1217,MiC,Qwen3.5,0.0,1.0,math,Llama-3.2|Pixtral|Qwen3.5,1
mmstar,LPQ,1223,CC,Qwen3.5,1.0,0.5,math,Llama-3.2|Pixtral|Qwen3.5,1
mmstar,LPQ,1225,CC,Qwen3.5,1.0,1.0,math,Llama-3.2|Pixtral|Qwen3.5,1
mmstar,LPQ,1228,CC,Qwen3.5,1.0,1.0,math,Llama-3.2|Pixtral|Qwen3.5,1
mmstar,LPQ,1235,CC,Qwen3.5,0.3333333333333333,0.5,math,Llama-3.2|Pixtral|Qwen3.5,1
mmstar,LPQ,1238,MiC,Qwen3.5,0.0,1.0,math,Llama-3.2|Pixtral|Qwen3.5,1
mmstar,LPQ,124,MiC,Pixtral,0.0,0.5,coarse perception,Llama-3.2|Pixtral|Qwen3.5,2
mmstar,LPQ,1240,MiC,Pixtral,0.0,0.75,math,Llama-3.2|Pixtral|Qwen3.5,2
mmstar,LPQ,1252,CC,Qwen3.5,0.3333333333333333,0.3333333333333333,science & technology,Llama-3.2|Pixtral|Qwen3.5,1
mmstar,LPQ,1258,CC,Qwen3.5,0.0,0.08333333333333333,science & technology,Llama-3.2|Pixtral|Qwen3.5,1
mmstar,LPQ,1259,CC,Qwen3.5,1.0,0.6666666666666666,science & technology,Llama-3.2|Pixtral|Qwen3.5,1
mmstar,LPQ,1261,MiC,Qwen3.5,1.0,0.08333333333333333,science & technology,Llama-3.2|Pixtral|Qwen3.5,1
mmstar,LPQ,1264,MiC,Qwen3.5,1.0,0.0,science & technology,Llama-3.2|Pixtral|Qwen3.5,1
mmstar,LPQ,1265,MiC,Qwen3.5,0.0,0.9166666666666667,science & technology,Llama-3.2|Pixtral|Qwen3.5,1
mmstar,LPQ,1266,MiC,Qwen3.5,1.0,0.08333333333333333,science & technology,Llama-3.2|Pixtral|Qwen3.5,1
mmstar,LPQ,1267,MiC,Qwen3.5,1.0,0.08333333333333333,science & technology,Llama-3.2|Pixtral|Qwen3.5,1
mmstar,LPQ,127,CC,Llama-3.2,0.0,0.0,coarse perception,Llama-3.2|Pixtral|Qwen3.5,3
mmstar,LPQ,1271,MiC,Qwen3.5,0.0,0.75,science & technology,Llama-3.2|Pixtral|Qwen3.5,1
mmstar,LPQ,1272,CC,Qwen3.5,1.0,0.5,science & technology,Llama-3.2|Pixtral|Qwen3.5,1
mmstar,LPQ,1273,CC,Pixtral,0.0,0.5833333333333334,science & technology,Llama-3.2|Pixtral|Qwen3.5,2
mmstar,LPQ,1277,MiC,Qwen3.5,1.0,1.0,science & technology,Llama-3.2|Pixtral|Qwen3.5,1
mmstar,LPQ,1278,MiC,Llama-3.2,0.0,0.25,science & technology,Llama-3.2|Pixtral|Qwen3.5,3
mmstar,LPQ,128,MiC,Llama-3.2,0.0,0.0,coarse perception,Llama-3.2|Pixtral|Qwen3.5,3
mmstar,LPQ,1280,MiC,Qwen3.5,0.0,0.08333333333333333,science & technology,Llama-3.2|Pixtral|Qwen3.5,1
mmstar,LPQ,1281,MiC,Qwen3.5,0.0,0.0,science & technology,Llama-3.2|Pixtral|Qwen3.5,1
mmstar,LPQ,1287,MiC,Qwen3.5,1.0,0.5,science & technology,Llama-3.2|Pixtral|Qwen3.5,1
mmstar,LPQ,1290,MiC,Qwen3.5,0.0,0.25,science & technology,Llama-3.2|Pixtral|Qwen3.5,1
mmstar,LPQ,1292,MiC,Qwen3.5,1.0,0.8333333333333333,science & technology,Llama-3.2|Pixtral|Qwen3.5,1
mmstar,LPQ,1293,CC,Qwen3.5,1.0,0.5,science & technology,Llama-3.2|Pixtral|Qwen3.5,1
mmstar,LPQ,1294,CC,Llama-3.2,0.0,0.3333333333333333,science & technology,Llama-3.2|Pixtral|Qwen3.5,3
mmstar,LPQ,1295,CC,Llama-3.2,0.0,0.4166666666666667,science & technology,Llama-3.2|Pixtral|Qwen3.5,3
mmstar,LPQ,1296,MiC,Qwen3.5,0.0,0.5833333333333334,science & technology,Llama-3.2|Pixtral|Qwen3.5,1
mmstar,LPQ,1298,CC,Llama-3.2,0.0,0.3333333333333333,science & technology,Llama-3.2|Pixtral|Qwen3.5,3
mmstar,LPQ,1299,CC,Qwen3.5,1.0,0.5,science & technology,Llama-3.2|Pixtral|Qwen3.5,1
mmstar,LPQ,1304,MiC,Qwen3.5,0.0,1.0,science & technology,Llama-3.2|Pixtral|Qwen3.5,1
mmstar,LPQ,1305,CC,Qwen3.5,1.0,0.16666666666666666,science & technology,Llama-3.2|Pixtral|Qwen3.5,1
mmstar,LPQ,1306,CC,Qwen3.5,0.0,0.5,science & technology,Llama-3.2|Pixtral|Qwen3.5,1
mmstar,LPQ,1308,CC,Qwen3.5,0.3333333333333333,1.0,science & technology,Llama-3.2|Pixtral|Qwen3.5,1
mmstar,LPQ,1310,MiC,Pixtral,0.3333333333333333,0.16666666666666666,science & technology,Llama-3.2|Pixtral|Qwen3.5,2
mmstar,LPQ,1317,CC,Qwen3.5,1.0,0.6666666666666666,science & technology,Llama-3.2|Pixtral|Qwen3.5,1
mmstar,LPQ,1318,CC,Qwen3.5,1.0,0.25,science & technology,Llama-3.2|Pixtral|Qwen3.5,1
mmstar,LPQ,1320,MiC,Qwen3.5,1.0,1.0,science & technology,Llama-3.2|Pixtral|Qwen3.5,1
mmstar,LPQ,1322,CC,Llama-3.2,0.0,0.4166666666666667,science & technology,Llama-3.2|Pixtral|Qwen3.5,3
mmstar,LPQ,1324,MiC,Llama-3.2,0.0,0.9166666666666667,science & technology,Llama-3.2|Pixtral|Qwen3.5,3
mmstar,LPQ,1331,CC,Qwen3.5,1.0,1.0,science & technology,Llama-3.2|Pixtral|Qwen3.5,1
mmstar,LPQ,1334,MiC,Qwen3.5,0.0,1.0,science & technology,Llama-3.2|Pixtral|Qwen3.5,1
mmstar,LPQ,1335,MiC,Qwen3.5,1.0,1.0,science & technology,Llama-3.2|Pixtral|Qwen3.5,1
mmstar,LPQ,1336,MiC,Qwen3.5,1.0,0.6666666666666666,science & technology,Llama-3.2|Pixtral|Qwen3.5,1
mmstar,LPQ,1339,CC,Qwen3.5,1.0,0.25,science & technology,Llama-3.2|Pixtral|Qwen3.5,1
mmstar,LPQ,1343,MiC,Qwen3.5,0.0,0.0,science & technology,Llama-3.2|Pixtral|Qwen3.5,1
mmstar,LPQ,1344,MiC,Pixtral,0.0,0.0,science & technology,Llama-3.2|Pixtral|Qwen3.5,2
mmstar,LPQ,1345,MiC,Qwen3.5,0.0,1.0,science & technology,Llama-3.2|Pixtral|Qwen3.5,1
mmstar,LPQ,1347,CC,Llama-3.2,0.0,0.25,science & technology,Llama-3.2|Pixtral|Qwen3.5,3
mmstar,LPQ,1348,CC,Qwen3.5,1.0,0.5,science & technology,Llama-3.2|Pixtral|Qwen3.5,1
mmstar,LPQ,1353,CC,Qwen3.5,1.0,0.8333333333333333,science & technology,Llama-3.2|Pixtral|Qwen3.5,1
mmstar,LPQ,1361,CC,Qwen3.5,0.0,0.16666666666666666,science & technology,Llama-3.2|Pixtral|Qwen3.5,1
mmstar,LPQ,1367,MiC,Qwen3.5,1.0,0.9166666666666667,science & technology,Llama-3.2|Pixtral|Qwen3.5,1
mmstar,LPQ,1369,MiC,Qwen3.5,0.0,1.0,science & technology,Llama-3.2|Pixtral|Qwen3.5,1
mmstar,LPQ,1370,MiC,Qwen3.5,1.0,1.0,science & technology,Llama-3.2|Pixtral|Qwen3.5,1
mmstar,LPQ,1371,CC,Qwen3.5,0.3333333333333333,0.5,science & technology,Llama-3.2|Pixtral|Qwen3.5,1
mmstar,LPQ,1373,MiC,Llama-3.2,1.0,0.08333333333333333,science & technology,Llama-3.2|Pixtral|Qwen3.5,3
mmstar,LPQ,1375,CC,Qwen3.5,1.0,0.0,science & technology,Llama-3.2|Pixtral|Qwen3.5,1
mmstar,LPQ,1376,CC,Pixtral,0.0,0.5833333333333334,science & technology,Llama-3.2|Pixtral|Qwen3.5,2
mmstar,LPQ,1381,MiC,Qwen3.5,0.0,0.5,science & technology,Llama-3.2|Pixtral|Qwen3.5,1
mmstar,LPQ,1385,MiC,Qwen3.5,1.0,0.5833333333333334,science & technology,Llama-3.2|Pixtral|Qwen3.5,1
mmstar,LPQ,1389,CC,Qwen3.5,1.0,1.0,science & technology,Llama-3.2|Pixtral|Qwen3.5,1
mmstar,LPQ,139,MiC,Llama-3.2,0.0,0.0,coarse perception,Llama-3.2|Pixtral|Qwen3.5,3
mmstar,LPQ,1391,CC,Qwen3.5,0.0,0.5,science & technology,Llama-3.2|Pixtral|Qwen3.5,1
mmstar,LPQ,1395,MiC,Qwen3.5,0.0,0.9166666666666667,science & technology,Llama-3.2|Pixtral|Qwen3.5,1
mmstar,LPQ,1400,CC,Pixtral,0.0,0.5,science & technology,Llama-3.2|Pixtral|Qwen3.5,2
mmstar,LPQ,1405,MiC,Qwen3.5,1.0,1.0,science & technology,Llama-3.2|Pixtral|Qwen3.5,1
mmstar,LPQ,1406,MiC,Qwen3.5,1.0,0.4166666666666667,science & technology,Llama-3.2|Pixtral|Qwen3.5,1
mmstar,LPQ,1407,MiC,Pixtral,0.0,0.5,science & technology,Llama-3.2|Pixtral|Qwen3.5,2
mmstar,LPQ,1408,MiC,Qwen3.5,0.0,0.0,science & technology,Llama-3.2|Pixtral|Qwen3.5,1
mmstar,LPQ,1409,MiC,Qwen3.5,1.0,0.5833333333333333,science & technology,Llama-3.2|Pixtral|Qwen3.5,1
mmstar,LPQ,1413,CC,Qwen3.5,1.0,0.5833333333333334,science & technology,Llama-3.2|Pixtral|Qwen3.5,1
mmstar,LPQ,1414,MiC,Pixtral,1.0,0.0,science & technology,Llama-3.2|Pixtral|Qwen3.5,2
mmstar,LPQ,1415,MiC,Qwen3.5,1.0,0.6666666666666666,science & technology,Llama-3.2|Pixtral|Qwen3.5,1
mmstar,LPQ,1418,MiC,Pixtral,0.0,0.16666666666666666,science & technology,Llama-3.2|Pixtral|Qwen3.5,2
mmstar,LPQ,1419,CC,Pixtral,0.0,0.0,science & technology,Llama-3.2|Pixtral|Qwen3.5,2
mmstar,LPQ,142,MiC,Pixtral,0.0,0.0,coarse perception,Llama-3.2|Pixtral|Qwen3.5,2
mmstar,LPQ,1420,MiC,Qwen3.5,1.0,0.5,science & technology,Llama-3.2|Pixtral|Qwen3.5,1
mmstar,LPQ,1421,MiC,Qwen3.5,0.0,0.5833333333333334,science & technology,Llama-3.2|Pixtral|Qwen3.5,1
mmstar,LPQ,1423,MiC,Qwen3.5,1.0,1.0,science & technology,Llama-3.2|Pixtral|Qwen3.5,1
mmstar,LPQ,1429,CC,Llama-3.2,0.0,1.0,science & technology,Llama-3.2|Pixtral|Qwen3.5,3
mmstar,LPQ,1434,MiC,Pixtral,0.0,0.0,science & technology,Llama-3.2|Pixtral|Qwen3.5,2
mmstar,LPQ,1437,MiC,Llama-3.2,0.0,0.5,science & technology,Llama-3.2|Pixtral|Qwen3.5,3
mmstar,LPQ,1438,CC,Pixtral,0.0,0.25,science & technology,Llama-3.2|Pixtral|Qwen3.5,2
mmstar,LPQ,1439,CC,Pixtral,1.0,0.5,science & technology,Llama-3.2|Pixtral|Qwen3.5,2
mmstar,LPQ,144,MiC,Pixtral,0.0,0.3333333333333333,coarse perception,Llama-3.2|Pixtral|Qwen3.5,2
mmstar,LPQ,1451,MiC,Llama-3.2,0.0,1.0,science & technology,Llama-3.2|Pixtral|Qwen3.5,3
mmstar,LPQ,1453,MiC,Qwen3.5,1.0,0.4166666666666667,science & technology,Llama-3.2|Pixtral|Qwen3.5,1
mmstar,LPQ,1457,CC,Llama-3.2,0.0,0.4166666666666667,science & technology,Llama-3.2|Pixtral|Qwen3.5,3
mmstar,LPQ,1459,MiC,Qwen3.5,0.0,0.9166666666666667,science & technology,Llama-3.2|Pixtral|Qwen3.5,1
mmstar,LPQ,1465,CC,Pixtral,0.0,0.16666666666666666,science & technology,Llama-3.2|Pixtral|Qwen3.5,2
mmstar,LPQ,1466,MiC,Pixtral,0.0,0.5833333333333334,science & technology,Llama-3.2|Pixtral|Qwen3.5,2
mmstar,LPQ,1470,CC,Qwen3.5,1.0,0.75,science & technology,Llama-3.2|Pixtral|Qwen3.5,1
mmstar,LPQ,1471,MiC,Pixtral,1.0,1.0,science & technology,Llama-3.2|Pixtral|Qwen3.5,2
mmstar,LPQ,1476,CC,Pixtral,1.0,0.25,science & technology,Llama-3.2|Pixtral|Qwen3.5,2
mmstar,LPQ,1481,CC,Qwen3.5,0.0,0.4166666666666667,science & technology,Llama-3.2|Pixtral|Qwen3.5,1
mmstar,LPQ,1483,MiC,Qwen3.5,1.0,0.4166666666666667,science & technology,Llama-3.2|Pixtral|Qwen3.5,1
mmstar,LPQ,1484,MiC,Llama-3.2,0.0,1.0,science & technology,Llama-3.2|Pixtral|Qwen3.5,3
mmstar,LPQ,1486,CC,Pixtral,1.0,0.5,science & technology,Llama-3.2|Pixtral|Qwen3.5,2
mmstar,LPQ,1487,MiC,Qwen3.5,0.0,0.5,science & technology,Llama-3.2|Pixtral|Qwen3.5,1
mmstar,LPQ,149,MiC,Llama-3.2,0.0,0.0,coarse perception,Llama-3.2|Pixtral|Qwen3.5,3
mmstar,LPQ,1490,MiC,Qwen3.5,1.0,0.6666666666666667,science & technology,Llama-3.2|Pixtral|Qwen3.5,1
mmstar,LPQ,1495,CC,Qwen3.5,0.0,0.25,science & technology,Llama-3.2|Pixtral|Qwen3.5,1
mmstar,LPQ,152,CC,Qwen3.5,1.0,1.0,coarse perception,Llama-3.2|Pixtral|Qwen3.5,1
mmstar,LPQ,17,MiC,Qwen3.5,0.0,0.5,coarse perception,Llama-3.2|Pixtral|Qwen3.5,1
mmstar,LPQ,21,MiC,Pixtral,0.0,0.0,coarse perception,Llama-3.2|Pixtral|Qwen3.5,2
mmstar,LPQ,23,MiC,Qwen3.5,0.0,0.25,coarse perception,Llama-3.2|Pixtral|Qwen3.5,1
mmstar,LPQ,254,CC,Pixtral,0.0,0.16666666666666666,fine-grained perception,Llama-3.2|Pixtral|Qwen3.5,2
mmstar,LPQ,255,CC,Qwen3.5,1.0,0.0,fine-grained perception,Llama-3.2|Pixtral|Qwen3.5,1
mmstar,LPQ,261,MiC,Qwen3.5,1.0,1.0,fine-grained perception,Llama-3.2|Pixtral|Qwen3.5,1
mmstar,LPQ,265,MiC,Qwen3.5,1.0,0.5,fine-grained perception,Llama-3.2|Pixtral|Qwen3.5,1
mmstar,LPQ,266,MiC,Qwen3.5,1.0,0.5,fine-grained perception,Llama-3.2|Pixtral|Qwen3.5,1
mmstar,LPQ,270,MiC,Llama-3.2,0.0,0.25,fine-grained perception,Llama-3.2|Pixtral|Qwen3.5,3
mmstar,LPQ,271,MiC,Llama-3.2,1.0,0.0,fine-grained perception,Llama-3.2|Pixtral|Qwen3.5,3
mmstar,LPQ,276,MiC,Qwen3.5,0.0,0.8333333333333333,fine-grained perception,Llama-3.2|Pixtral|Qwen3.5,1
mmstar,LPQ,279,CC,Qwen3.5,1.0,0.25,fine-grained perception,Llama-3.2|Pixtral|Qwen3.5,1
mmstar,LPQ,28,MiC,Qwen3.5,1.0,0.5,coarse perception,Llama-3.2|Pixtral|Qwen3.5,1
mmstar,LPQ,283,MiC,Pixtral,0.0,0.4166666666666667,fine-grained perception,Llama-3.2|Pixtral|Qwen3.5,2
mmstar,LPQ,286,MiC,Llama-3.2,0.0,0.0,fine-grained perception,Llama-3.2|Pixtral|Qwen3.5,3
mmstar,LPQ,287,MiC,Qwen3.5,0.0,0.08333333333333333,fine-grained perception,Llama-3.2|Pixtral|Qwen3.5,1
mmstar,LPQ,293,MiC,Pixtral,0.0,0.5,fine-grained perception,Llama-3.2|Pixtral|Qwen3.5,2
mmstar,LPQ,295,MiC,Pixtral,1.0,0.5,fine-grained perception,Llama-3.2|Pixtral|Qwen3.5,2
mmstar,LPQ,296,MiC,Qwen3.5,0.0,1.0,fine-grained perception,Llama-3.2|Pixtral|Qwen3.5,1
mmstar,LPQ,297,CC,Qwen3.5,1.0,0.9166666666666667,fine-grained perception,Llama-3.2|Pixtral|Qwen3.5,1
mmstar,LPQ,300,CC,Qwen3.5,1.0,0.3333333333333333,fine-grained perception,Llama-3.2|Pixtral|Qwen3.5,1
mmstar,LPQ,303,MiC,Qwen3.5,1.0,0.8333333333333333,fine-grained perception,Llama-3.2|Pixtral|Qwen3.5,1
mmstar,LPQ,305,MiC,Pixtral,0.0,0.0,fine-grained perception,Llama-3.2|Pixtral|Qwen3.5,2
mmstar,LPQ,307,CC,Pixtral,0.0,0.4166666666666667,fine-grained perception,Llama-3.2|Pixtral|Qwen3.5,2
mmstar,LPQ,310,MiC,Qwen3.5,1.0,0.5,fine-grained perception,Llama-3.2|Pixtral|Qwen3.5,1
mmstar,LPQ,311,MiC,Qwen3.5,1.0,0.0,fine-grained perception,Llama-3.2|Pixtral|Qwen3.5,1
mmstar,LPQ,312,MiC,Llama-3.2,0.0,0.5,fine-grained perception,Llama-3.2|Pixtral|Qwen3.5,3
mmstar,LPQ,315,CC,Llama-3.2,0.0,0.5,fine-grained perception,Llama-3.2|Pixtral|Qwen3.5,3
mmstar,LPQ,321,MiC,Qwen3.5,0.0,1.0,fine-grained perception,Llama-3.2|Pixtral|Qwen3.5,1
mmstar,LPQ,322,MiC,Llama-3.2,0.0,0.5,fine-grained perception,Llama-3.2|Pixtral|Qwen3.5,3
mmstar,LPQ,333,MiC,Qwen3.5,0.0,0.5,fine-grained perception,Llama-3.2|Pixtral|Qwen3.5,1
mmstar,LPQ,336,MiC,Llama-3.2,0.0,1.0,fine-grained perception,Llama-3.2|Pixtral|Qwen3.5,3
mmstar,LPQ,342,MiC,Llama-3.2,0.0,0.0,fine-grained perception,Llama-3.2|Pixtral|Qwen3.5,3
mmstar,LPQ,344,MiC,Qwen3.5,0.0,0.75,fine-grained perception,Llama-3.2|Pixtral|Qwen3.5,1
mmstar,LPQ,346,MiC,Pixtral,0.0,0.0,fine-grained perception,Llama-3.2|Pixtral|Qwen3.5,2
mmstar,LPQ,347,MiC,Qwen3.5,1.0,0.5,fine-grained perception,Llama-3.2|Pixtral|Qwen3.5,1
mmstar,LPQ,348,MiC,Qwen3.5,0.0,1.0,fine-grained perception,Llama-3.2|Pixtral|Qwen3.5,1
mmstar,LPQ,35,MiC,Qwen3.5,1.0,1.0,coarse perception,Llama-3.2|Pixtral|Qwen3.5,1
mmstar,LPQ,350,MiC,Llama-3.2,0.0,0.5,fine-grained perception,Llama-3.2|Pixtral|Qwen3.5,3
mmstar,LPQ,354,MiC,Pixtral,0.0,0.0,fine-grained perception,Llama-3.2|Pixtral|Qwen3.5,2
mmstar,LPQ,357,CC,Pixtral,1.0,1.0,fine-grained perception,Llama-3.2|Pixtral|Qwen3.5,2
mmstar,LPQ,361,MiC,Qwen3.5,0.0,1.0,fine-grained perception,Llama-3.2|Pixtral|Qwen3.5,1
mmstar,LPQ,364,MiC,Qwen3.5,0.0,1.0,fine-grained perception,Llama-3.2|Pixtral|Qwen3.5,1
mmstar,LPQ,372,CC,Qwen3.5,1.0,0.25,fine-grained perception,Llama-3.2|Pixtral|Qwen3.5,1
mmstar,LPQ,376,CC,Llama-3.2,0.3333333333333333,0.16666666666666666,fine-grained perception,Llama-3.2|Pixtral|Qwen3.5,3
mmstar,LPQ,383,CC,Llama-3.2,0.3333333333333333,1.0,fine-grained perception,Llama-3.2|Pixtral|Qwen3.5,3
mmstar,LPQ,387,MiC,Qwen3.5,1.0,0.4166666666666667,fine-grained perception,Llama-3.2|Pixtral|Qwen3.5,1
mmstar,LPQ,39,MiC,Pixtral,0.0,0.5,coarse perception,Llama-3.2|Pixtral|Qwen3.5,2
mmstar,LPQ,391,CC,Qwen3.5,0.3333333333333333,1.0,fine-grained perception,Llama-3.2|Pixtral|Qwen3.5,1
mmstar,LPQ,392,MiC,Qwen3.5,1.0,1.0,fine-grained perception,Llama-3.2|Pixtral|Qwen3.5,1
mmstar,LPQ,395,CC,Qwen3.5,0.3333333333333333,0.5833333333333334,fine-grained perception,Llama-3.2|Pixtral|Qwen3.5,1
mmstar,LPQ,396,MiC,Qwen3.5,1.0,0.5,fine-grained perception,Llama-3.2|Pixtral|Qwen3.5,1
mmstar,LPQ,408,MiC,Qwen3.5,1.0,1.0,fine-grained perception,Llama-3.2|Pixtral|Qwen3.5,1
mmstar,LPQ,416,MiC,Llama-3.2,0.0,0.0,fine-grained perception,Llama-3.2|Pixtral|Qwen3.5,3
mmstar,LPQ,417,MiC,Llama-3.2,0.0,0.9166666666666667,fine-grained perception,Llama-3.2|Pixtral|Qwen3.5,3
mmstar,LPQ,418,MiC,Qwen3.5,1.0,1.0,fine-grained perception,Llama-3.2|Pixtral|Qwen3.5,1
mmstar,LPQ,419,MiC,Pixtral,1.0,0.5,fine-grained perception,Llama-3.2|Pixtral|Qwen3.5,2
mmstar,LPQ,423,CC,Llama-3.2,0.0,0.5,fine-grained perception,Llama-3.2|Pixtral|Qwen3.5,3
mmstar,LPQ,425,MiC,Pixtral,0.0,1.0,fine-grained perception,Llama-3.2|Pixtral|Qwen3.5,2
mmstar,LPQ,430,CC,Qwen3.5,1.0,1.0,fine-grained perception,Llama-3.2|Pixtral|Qwen3.5,1
mmstar,LPQ,433,CC,Qwen3.5,1.0,1.0,fine-grained perception,Llama-3.2|Pixtral|Qwen3.5,1
mmstar,LPQ,434,MiC,Pixtral,1.0,0.0,fine-grained perception,Llama-3.2|Pixtral|Qwen3.5,2
mmstar,LPQ,435,CC,Llama-3.2,0.3333333333333333,0.5,fine-grained perception,Llama-3.2|Pixtral|Qwen3.5,3
mmstar,LPQ,437,CC,Qwen3.5,1.0,0.5,fine-grained perception,Llama-3.2|Pixtral|Qwen3.5,1
mmstar,LPQ,446,MiC,Qwen3.5,0.0,0.5,fine-grained perception,Llama-3.2|Pixtral|Qwen3.5,1
mmstar,LPQ,447,MiC,Qwen3.5,1.0,0.08333333333333333,fine-grained perception,Llama-3.2|Pixtral|Qwen3.5,1
mmstar,LPQ,448,CC,Qwen3.5,1.0,0.5,fine-grained perception,Llama-3.2|Pixtral|Qwen3.5,1
mmstar,LPQ,449,MiC,Qwen3.5,0.0,0.6666666666666666,fine-grained perception,Llama-3.2|Pixtral|Qwen3.5,1
mmstar,LPQ,45,CC,Pixtral,0.0,0.0,coarse perception,Llama-3.2|Pixtral|Qwen3.5,2
mmstar,LPQ,450,CC,Qwen3.5,1.0,0.08333333333333333,fine-grained perception,Llama-3.2|Pixtral|Qwen3.5,1
mmstar,LPQ,451,MiC,Llama-3.2,0.0,0.0,fine-grained perception,Llama-3.2|Pixtral|Qwen3.5,3
mmstar,LPQ,452,MiC,Pixtral,0.0,0.6666666666666666,fine-grained perception,Llama-3.2|Pixtral|Qwen3.5,2
mmstar,LPQ,456,MiC,Qwen3.5,0.0,1.0,fine-grained perception,Llama-3.2|Pixtral|Qwen3.5,1
mmstar,LPQ,457,MiC,Pixtral,1.0,0.5833333333333334,fine-grained perception,Llama-3.2|Pixtral|Qwen3.5,2
mmstar,LPQ,458,CC,Pixtral,0.0,0.9166666666666667,fine-grained perception,Llama-3.2|Pixtral|Qwen3.5,2
mmstar,LPQ,460,MiC,Qwen3.5,0.0,1.0,fine-grained perception,Llama-3.2|Pixtral|Qwen3.5,1
mmstar,LPQ,462,CC,Qwen3.5,0.0,0.5,fine-grained perception,Llama-3.2|Pixtral|Qwen3.5,1
mmstar,LPQ,463,MiC,Qwen3.5,0.0,0.3333333333333333,fine-grained perception,Llama-3.2|Pixtral|Qwen3.5,1
mmstar,LPQ,466,MiC,Llama-3.2,1.0,0.08333333333333333,fine-grained perception,Llama-3.2|Pixtral|Qwen3.5,3
mmstar,LPQ,467,CC,Pixtral,1.0,0.0,fine-grained perception,Llama-3.2|Pixtral|Qwen3.5,2
mmstar,LPQ,468,MiC,Llama-3.2,0.0,1.0,fine-grained perception,Llama-3.2|Pixtral|Qwen3.5,3
mmstar,LPQ,47,CC,Llama-3.2,0.3333333333333333,0.5,coarse perception,Llama-3.2|Pixtral|Qwen3.5,3
mmstar,LPQ,474,MiC,Qwen3.5,1.0,1.0,fine-grained perception,Llama-3.2|Pixtral|Qwen3.5,1
mmstar,LPQ,475,MiC,Qwen3.5,1.0,0.0,fine-grained perception,Llama-3.2|Pixtral|Qwen3.5,1
mmstar,LPQ,478,MiC,Llama-3.2,0.0,0.5,fine-grained perception,Llama-3.2|Pixtral|Qwen3.5,3
mmstar,LPQ,479,CC,Qwen3.5,1.0,1.0,fine-grained perception,Llama-3.2|Pixtral|Qwen3.5,1
mmstar,LPQ,48,MiC,Pixtral,1.0,1.0,coarse perception,Llama-3.2|Pixtral|Qwen3.5,2
mmstar,LPQ,484,MiC,Qwen3.5,0.0,1.0,fine-grained perception,Llama-3.2|Pixtral|Qwen3.5,1
mmstar,LPQ,489,MiC,Qwen3.5,1.0,0.6666666666666666,fine-grained perception,Llama-3.2|Pixtral|Qwen3.5,1
mmstar,LPQ,494,MiC,Pixtral,0.0,0.0,fine-grained perception,Llama-3.2|Pixtral|Qwen3.5,2
mmstar,LPQ,497,MiC,Qwen3.5,1.0,0.16666666666666666,fine-grained perception,Llama-3.2|Pixtral|Qwen3.5,1
mmstar,LPQ,499,MiC,Qwen3.5,0.0,1.0,fine-grained perception,Llama-3.2|Pixtral|Qwen3.5,1
mmstar,LPQ,5,MiC,Qwen3.5,0.0,1.0,coarse perception,Llama-3.2|Pixtral|Qwen3.5,1
mmstar,LPQ,500,CC,Qwen3.5,0.0,0.16666666666666666,instance reasoning,Llama-3.2|Pixtral|Qwen3.5,1
mmstar,LPQ,502,MiC,Pixtral,0.0,0.0,instance reasoning,Llama-3.2|Pixtral|Qwen3.5,2
mmstar,LPQ,503,CC,Qwen3.5,1.0,0.16666666666666666,instance reasoning,Llama-3.2|Pixtral|Qwen3.5,1
mmstar,LPQ,507,MiC,Qwen3.5,0.0,0.4166666666666667,instance reasoning,Llama-3.2|Pixtral|Qwen3.5,1
mmstar,LPQ,508,MiC,Qwen3.5,0.0,0.0,instance reasoning,Llama-3.2|Pixtral|Qwen3.5,1
mmstar,LPQ,512,CC,Pixtral,0.0,0.0,instance reasoning,Llama-3.2|Pixtral|Qwen3.5,2
mmstar,LPQ,513,CC,Qwen3.5,1.0,0.5,instance reasoning,Llama-3.2|Pixtral|Qwen3.5,1
mmstar,LPQ,515,MiC,Qwen3.5,0.0,1.0,instance reasoning,Llama-3.2|Pixtral|Qwen3.5,1
mmstar,LPQ,517,CC,Qwen3.5,1.0,0.5,instance reasoning,Llama-3.2|Pixtral|Qwen3.5,1
mmstar,LPQ,521,CC,Pixtral,1.0,0.6666666666666666,instance reasoning,Llama-3.2|Pixtral|Qwen3.5,2
mmstar,LPQ,522,CC,Qwen3.5,1.0,1.0,instance reasoning,Llama-3.2|Pixtral|Qwen3.5,1
mmstar,LPQ,523,CC,Llama-3.2,0.0,0.0,instance reasoning,Llama-3.2|Pixtral|Qwen3.5,3
mmstar,LPQ,524,MiC,Pixtral,0.0,0.0,instance reasoning,Llama-3.2|Pixtral|Qwen3.5,2
mmstar,LPQ,526,CC,Qwen3.5,1.0,0.5833333333333334,instance reasoning,Llama-3.2|Pixtral|Qwen3.5,1
mmstar,LPQ,528,CC,Llama-3.2,0.0,0.16666666666666666,instance reasoning,Llama-3.2|Pixtral|Qwen3.5,3
mmstar,LPQ,53,MiC,Qwen3.5,0.0,0.5,coarse perception,Llama-3.2|Pixtral|Qwen3.5,1
mmstar,LPQ,530,MiC,Pixtral,1.0,0.08333333333333333,instance reasoning,Llama-3.2|Pixtral|Qwen3.5,2
mmstar,LPQ,531,MiC,Pixtral,0.0,1.0,instance reasoning,Llama-3.2|Pixtral|Qwen3.5,2
mmstar,LPQ,537,CC,Qwen3.5,1.0,1.0,instance reasoning,Llama-3.2|Pixtral|Qwen3.5,1
mmstar,LPQ,539,MiC,Llama-3.2,0.0,1.0,instance reasoning,Llama-3.2|Pixtral|Qwen3.5,3
mmstar,LPQ,540,CC,Qwen3.5,1.0,1.0,instance reasoning,Llama-3.2|Pixtral|Qwen3.5,1
mmstar,LPQ,541,CC,Qwen3.5,0.3333333333333333,0.0,instance reasoning,Llama-3.2|Pixtral|Qwen3.5,1
mmstar,LPQ,545,MiC,Qwen3.5,0.0,0.08333333333333333,instance reasoning,Llama-3.2|Pixtral|Qwen3.5,1
mmstar,LPQ,549,MiC,Qwen3.5,0.0,0.9166666666666667,instance reasoning,Llama-3.2|Pixtral|Qwen3.5,1
mmstar,LPQ,551,CC,Qwen3.5,1.0,0.9166666666666667,instance reasoning,Llama-3.2|Pixtral|Qwen3.5,1
mmstar,LPQ,557,MiC,Qwen3.5,1.0,0.5833333333333334,instance reasoning,Llama-3.2|Pixtral|Qwen3.5,1
mmstar,LPQ,564,CC,Pixtral,0.0,0.5,instance reasoning,Llama-3.2|Pixtral|Qwen3.5,2
mmstar,LPQ,57,CC,Pixtral,0.0,0.0,coarse perception,Llama-3.2|Pixtral|Qwen3.5,2
mmstar,LPQ,581,CC,Qwen3.5,1.0,1.0,instance reasoning,Llama-3.2|Pixtral|Qwen3.5,1
mmstar,LPQ,595,MiC,Llama-3.2,0.0,0.0,instance reasoning,Llama-3.2|Pixtral|Qwen3.5,3
mmstar,LPQ,599,MiC,Pixtral,0.0,0.6666666666666666,instance reasoning,Llama-3.2|Pixtral|Qwen3.5,2
mmstar,LPQ,61,MiC,Llama-3.2,0.0,0.0,coarse perception,Llama-3.2|Pixtral|Qwen3.5,3
mmstar,LPQ,610,MiC,Qwen3.5,1.0,0.3333333333333333,instance reasoning,Llama-3.2|Pixtral|Qwen3.5,1
mmstar,LPQ,621,CC,Qwen3.5,1.0,0.3333333333333333,instance reasoning,Llama-3.2|Pixtral|Qwen3.5,1
mmstar,LPQ,64,MiC,Qwen3.5,1.0,0.16666666666666666,coarse perception,Llama-3.2|Pixtral|Qwen3.5,1
mmstar,LPQ,647,MiC,Qwen3.5,1.0,0.9166666666666667,instance reasoning,Llama-3.2|Pixtral|Qwen3.5,1
mmstar,LPQ,656,CC,Qwen3.5,1.0,0.75,instance reasoning,Llama-3.2|Pixtral|Qwen3.5,1
mmstar,LPQ,665,CC,Pixtral,0.0,0.0,instance reasoning,Llama-3.2|Pixtral|Qwen3.5,2
mmstar,LPQ,667,CC,Pixtral,0.0,0.6666666666666666,instance reasoning,Llama-3.2|Pixtral|Qwen3.5,2
mmstar,LPQ,675,MiC,Qwen3.5,0.0,0.0,instance reasoning,Llama-3.2|Pixtral|Qwen3.5,1
mmstar,LPQ,679,MiC,Qwen3.5,1.0,1.0,instance reasoning,Llama-3.2|Pixtral|Qwen3.5,1
mmstar,LPQ,681,MiC,Llama-3.2,0.0,0.08333333333333333,instance reasoning,Llama-3.2|Pixtral|Qwen3.5,3
mmstar,LPQ,72,MiC,Pixtral,0.0,1.0,coarse perception,Llama-3.2|Pixtral|Qwen3.5,2
mmstar,LPQ,750,MiC,Llama-3.2,0.0,0.08333333333333333,logical reasoning,Llama-3.2|Pixtral|Qwen3.5,3
mmstar,LPQ,753,CC,Qwen3.5,1.0,1.0,logical reasoning,Llama-3.2|Pixtral|Qwen3.5,1
mmstar,LPQ,757,MiC,Llama-3.2,0.0,0.0,logical reasoning,Llama-3.2|Pixtral|Qwen3.5,3
mmstar,LPQ,76,MiC,Llama-3.2,0.0,0.0,coarse perception,Llama-3.2|Pixtral|Qwen3.5,3
mmstar,LPQ,763,MiC,Llama-3.2,0.0,0.5,logical reasoning,Llama-3.2|Pixtral|Qwen3.5,3
mmstar,LPQ,766,CC,Qwen3.5,0.0,0.5,logical reasoning,Llama-3.2|Pixtral|Qwen3.5,1
mmstar,LPQ,767,CC,Qwen3.5,1.0,0.0,logical reasoning,Llama-3.2|Pixtral|Qwen3.5,1
mmstar,LPQ,773,CC,Qwen3.5,1.0,0.5,logical reasoning,Llama-3.2|Pixtral|Qwen3.5,1
mmstar,LPQ,778,CC,Qwen3.5,1.0,0.9166666666666667,logical reasoning,Llama-3.2|Pixtral|Qwen3.5,1
mmstar,LPQ,779,MiC,Qwen3.5,0.0,0.0,logical reasoning,Llama-3.2|Pixtral|Qwen3.5,1
mmstar,LPQ,78,MiC,Pixtral,1.0,1.0,coarse perception,Llama-3.2|Pixtral|Qwen3.5,2
mmstar,LPQ,780,MiC,Qwen3.5,1.0,1.0,logical reasoning,Llama-3.2|Pixtral|Qwen3.5,1
mmstar,LPQ,789,CC,Qwen3.5,1.0,1.0,logical reasoning,Llama-3.2|Pixtral|Qwen3.5,1
mmstar,LPQ,794,CC,Pixtral,1.0,1.0,logical reasoning,Llama-3.2|Pixtral|Qwen3.5,2
mmstar,LPQ,800,CC,Qwen3.5,1.0,0.5833333333333334,logical reasoning,Llama-3.2|Pixtral|Qwen3.5,1
mmstar,LPQ,804,MiC,Pixtral,1.0,0.75,logical reasoning,Llama-3.2|Pixtral|Qwen3.5,2
mmstar,LPQ,818,CC,Qwen3.5,1.0,1.0,logical reasoning,Llama-3.2|Pixtral|Qwen3.5,1
mmstar,LPQ,819,CC,Qwen3.5,0.0,1.0,logical reasoning,Llama-3.2|Pixtral|Qwen3.5,1
mmstar,LPQ,82,CC,Llama-3.2,0.0,0.16666666666666666,coarse perception,Llama-3.2|Pixtral|Qwen3.5,3
mmstar,LPQ,831,CC,Qwen3.5,0.0,1.0,logical reasoning,Llama-3.2|Pixtral|Qwen3.5,1
mmstar,LPQ,837,MiC,Qwen3.5,1.0,0.9166666666666667,logical reasoning,Llama-3.2|Pixtral|Qwen3.5,1
mmstar,LPQ,847,MiC,Qwen3.5,0.0,1.0,logical reasoning,Llama-3.2|Pixtral|Qwen3.5,1
mmstar,LPQ,851,MiC,Qwen3.5,0.0,0.5833333333333334,logical reasoning,Llama-3.2|Pixtral|Qwen3.5,1
mmstar,LPQ,857,CC,Qwen3.5,1.0,0.5,logical reasoning,Llama-3.2|Pixtral|Qwen3.5,1
mmstar,LPQ,858,CC,Qwen3.5,1.0,0.5833333333333334,logical reasoning,Llama-3.2|Pixtral|Qwen3.5,1
mmstar,LPQ,86,MiC,Pixtral,0.0,0.08333333333333333,coarse perception,Llama-3.2|Pixtral|Qwen3.5,2
mmstar,LPQ,862,CC,Llama-3.2,0.0,1.0,logical reasoning,Llama-3.2|Pixtral|Qwen3.5,3
mmstar,LPQ,863,MiC,Qwen3.5,1.0,0.75,logical reasoning,Llama-3.2|Pixtral|Qwen3.5,1
mmstar,LPQ,867,CC,Qwen3.5,1.0,0.9166666666666667,logical reasoning,Llama-3.2|Pixtral|Qwen3.5,1
mmstar,LPQ,870,MiC,Qwen3.5,0.0,0.9166666666666667,logical reasoning,Llama-3.2|Pixtral|Qwen3.5,1
mmstar,LPQ,882,MiC,Qwen3.5,0.0,1.0,logical reasoning,Llama-3.2|Pixtral|Qwen3.5,1
mmstar,LPQ,885,MiC,Pixtral,0.0,0.8333333333333333,logical reasoning,Llama-3.2|Pixtral|Qwen3.5,2
mmstar,LPQ,889,MiC,Pixtral,0.0,1.0,logical reasoning,Llama-3.2|Pixtral|Qwen3.5,2
mmstar,LPQ,893,MiC,Qwen3.5,1.0,0.0,logical reasoning,Llama-3.2|Pixtral|Qwen3.5,1
mmstar,LPQ,894,CC,Pixtral,1.0,0.0,logical reasoning,Llama-3.2|Pixtral|Qwen3.5,2
mmstar,LPQ,896,CC,Llama-3.2,0.0,0.5,logical reasoning,Llama-3.2|Pixtral|Qwen3.5,3
mmstar,LPQ,9,CC,Pixtral,0.0,0.0,coarse perception,Llama-3.2|Pixtral|Qwen3.5,2
mmstar,LPQ,90,MiC,Pixtral,0.0,0.5833333333333334,coarse perception,Llama-3.2|Pixtral|Qwen3.5,2
mmstar,LPQ,904,CC,Qwen3.5,1.0,1.0,logical reasoning,Llama-3.2|Pixtral|Qwen3.5,1
mmstar,LPQ,905,MiC,Qwen3.5,1.0,1.0,logical reasoning,Llama-3.2|Pixtral|Qwen3.5,1
mmstar,LPQ,916,MiC,Qwen3.5,0.0,0.5833333333333334,logical reasoning,Llama-3.2|Pixtral|Qwen3.5,1
mmstar,LPQ,921,CC,Qwen3.5,1.0,1.0,logical reasoning,Llama-3.2|Pixtral|Qwen3.5,1
mmstar,LPQ,923,MiC,Qwen3.5,0.0,1.0,logical reasoning,Llama-3.2|Pixtral|Qwen3.5,1
mmstar,LPQ,926,CC,Pixtral,1.0,0.5,logical reasoning,Llama-3.2|Pixtral|Qwen3.5,2
mmstar,LPQ,933,MiC,Qwen3.5,1.0,0.0,logical reasoning,Llama-3.2|Pixtral|Qwen3.5,1
mmstar,LPQ,938,MiC,Qwen3.5,0.0,0.5,logical reasoning,Llama-3.2|Pixtral|Qwen3.5,1
mmstar,LPQ,940,MiC,Qwen3.5,1.0,0.6666666666666666,logical reasoning,Llama-3.2|Pixtral|Qwen3.5,1
mmstar,LPQ,941,MiC,Qwen3.5,0.0,0.16666666666666666,logical reasoning,Llama-3.2|Pixtral|Qwen3.5,1
mmstar,LPQ,944,CC,Qwen3.5,0.0,0.75,logical reasoning,Llama-3.2|Pixtral|Qwen3.5,1
mmstar,LPQ,950,MiC,Llama-3.2,0.0,0.9166666666666667,logical reasoning,Llama-3.2|Pixtral|Qwen3.5,3
mmstar,LPQ,955,CC,Pixtral,0.0,0.5,logical reasoning,Llama-3.2|Pixtral|Qwen3.5,2
mmstar,LPQ,96,MiC,Pixtral,0.0,0.0,coarse perception,Llama-3.2|Pixtral|Qwen3.5,2
mmstar,LPQ,960,MiC,Qwen3.5,1.0,0.5,logical reasoning,Llama-3.2|Pixtral|Qwen3.5,1
mmstar,LPQ,961,MiC,Llama-3.2,1.0,0.5,logical reasoning,Llama-3.2|Pixtral|Qwen3.5,3
mmstar,LPQ,964,CC,Pixtral,1.0,0.75,logical reasoning,Llama-3.2|Pixtral|Qwen3.5,2
mmstar,LPQ,969,CC,Qwen3.5,0.0,0.25,logical reasoning,Llama-3.2|Pixtral|Qwen3.5,1
mmstar,LPQ,973,CC,Qwen3.5,1.0,0.75,logical reasoning,Llama-3.2|Pixtral|Qwen3.5,1
mmstar,LPQ,984,CC,Qwen3.5,1.0,0.16666666666666666,logical reasoning,Llama-3.2|Pixtral|Qwen3.5,1
